domain,flow,confirmed,evidence,login_url,final_url
01caijing.com,none,,,https://01caijing.com/login,https://01caijing.com/login
10web.io,jwt,yes,response_type=id_token,https://my.10web.io/login,https://my.10web.io/login
11thestate.com,none,,,https://11thestate.com/login,https://11th.com/login
123sonography.com,none,,,https://123sonography.com/login,https://123sonography.com/login
1dropdx.com,none,,,https://www.1dropdx.com/my-account,https://www.1dropdx.com/my-account/
1v1me.com,none,,,https://1v1me.com/login,https://www.1v1me.com/login
20degs.com,none,,,https://20degs.com/login,https://20degs.com/wp-login.php
23andme.com,google_unknown,,gsi_only,https://you.23andme.com/,https://auth.23andme.com/login/?next=https%3A//auth.23andme.com/authorize/%3Fredirect_uri%3Dhttps%253A%252F%252Fyou.23andme.com%252Fauth_callback%252F%26response_type%3Dcode%26client_id%3Dyou%26scope%3Dopenid%2Bancestry%2Bbasic%2Bhaplogroups%2Bnames%2Bphenotypes%253Aread%253Aall%2Bprofile_id%253Aall%2Buse_authdot_token%26state%3D%257B%2522origin_uri%2522%253A%2B%2522%252F%2522%257D
2houses.com,none,,,https://2houses.com/login,https://www.2houses.com/en/404
2local.io,none,,,https://2local.io/login,https://2local.io/wp-login.php
2ndaddress.com,none,,ERR:dns,,
2ulaundry.com,none,,,https://2ulaundry.com/login,https://www.2ulaundry.com/
3bee.com,none,,,https://3bee.com/login,https://www.3bee.com/login/
3degreesinc.com,none,,,https://meridian.3degreesinc.com/login,https://meridian.3degreesinc.com/login
3dhubs.com,none,,,https://3dhubs.com/login,https://www.hubs.com/login/
3ds.com,none,,,https://3ds.com/login,https://www.3ds.com/login?wockw=login
443id.com,code,,response_type=code,https://app.verosint.com/,https://app.verosint.com/
500px.com,google_unknown,,gsi_only,https://500px.com/login,https://500px.com/login
5mins.ai,none,,,https://app.5mins.ai/login/,https://app.5mins.ai/login/
6sense.com,none,,,https://login.6sense.com/,https://login.6sense.com/
701x.com,none,,,https://login.701x.com/Account/Login?ReturnUrl=https%3A%2F%2Fmobile.701x.com%2F%23%2Fsilentsignin-oidc,https://login.701x.com/Account/Login?ReturnUrl=https%3A%2F%2Fmobile.701x.com%2F%23%2Fsilentsignin-oidc
7signal.com,none,,,https://7signal.com/login,https://7signal.com/login
8base.com,none,,,https://app.8base.com/,https://app.8base.com/auth/login
99.co,jwt,yes,gis_credential,https://99.co/login,https://www.99.co/login
9gag.com,none,,,https://9gag.com/login,https://9gag.com/login
a7a.com,none,,,https://a7a.com/login,https://a7a.com/login
aavrani.com,none,,,https://aavrani.com/login,https://aavrani.com/login
abalt.lt,none,,,https://abalt.lt/signin,https://abalt.lt/signin
abler.io,none,,,https://abler.io/login,https://www.abler.io/sign-on/?return_path=%2Fsign-on-redirect
absolvent.pl,google_unknown,,gsi_only,https://absolvent.pl/login,https://talentdays.pl/
abwaab.me,none,,,https://abwaab.me/login,https://abwaab.com/login
abx.com,none,,,https://abx.com/login,https://abx.com/login
abzu.ai,none,,,https://abzu.ai/login,https://abzu.ai/login
academyocean.com,none,,,https://academyocean.com/account/sign/in,https://app.academyocean.com/account/sign/in
acams.org,none,,,https://www.acams.org/en/samllogin/Salesforce?destination=/en,https://account.acams.org/acamsstore/login?AppName=Drupal_SSO&RelayState=%2Fen%2Fapp%3DSalesforce&SAMLRequest=fZJRT9swFIWft19h%2BWFvSRxnaanVpMqo0CrBqEjgYS%2FIdW6LpcTOfB26%2FXvSlGpFAvxkXd%2Fj891jzxd%2F24Y8g0NtTUbjkFECRtlam11G76ur4IIu8jnKtulE0fsncwd%2FekBPBp1BMR5ktHdGWIkahZEtoPBKlMXNteAhE52z3irbULJaZvSRsWmSJvUkTWGT1jzmW7bh02Qm1ff4AjZKpUrNkpQxTsnDiYsfuFaIPawMemn8UGJ8ErBJwFkVT0UyE3z2m5L1q9kPbY4jfEa2OTah%2BFlV62B9W1aUFIjg%2FGB6aQ32LbgS3LNWcH93ndEn7zsUUbTf70OpZIuhdbvokIE8yShZDuloI%2F0IflJIpWxv%2FJlq3KG3DqLG7rRZHK7J%2BLei634NpNnS9Z1sHsvylh7zF%2BP87iz4z6f7j5S%2Fyz2Pzm7Nv34Z1%2BtLHwhWy7VttPpHiqax%2B0sH0kNGveuBkivrWuk%2F9o%2FDeKzoOtiOraI32IHSWw01jfKj99sflb8A&langChange=en-US&saml=2&redirect=false
acast.com,none,,,https://acast.com/login,https://www.acast.com/en/login
acceptto.com,none,,,https://connect.secureauth.com/,https://connect.secureauth.com/
accounto.ch,none,,,https://accounto.ch/login,https://accounto.ch/wp-login.php
accredify.io,none,,,https://nexus.accredify.io,https://nexus.accredify.io/
ace.ng,none,,,https://ace.ng/signin,https://ace.ng/signin
achievable.me,none,,,https://app.achievable.me/auth/sign-in/,https://app.achievable.me/auth/sign-in
activtrak.com,google_unknown,,gsi_only,https://app.activtrak.com/,https://app.activtrak.com/#/login
acumatica.com,none,,,https://portal.acumatica.com/,https://portal.acumatica.com/Frames/Login.aspx?ReturnUrl=%2f
ada.support,none,,,https://ada.support/login,https://www.ada.cx/login/
adamlippes.com,none,,,https://adamlippes.com/customer_authentication/redirect?locale=en&region_country=US,https://account.adamlippes.com/authentication/login?client_id=d7d01445-a268-4681-bb41-9109683becec&locale=en-US&redirect_uri=%2Fauthentication%2Foauth%2Fauthorize%3Fbuyer_flags%3DeyJhbGciOiJIUzI1NiJ9.eyJpc3MiOiJhZGFtLWxpcHBlcy5teXNob3BpZnkuY29tIiwiZmxhZ3MiOltdLCJleHAiOjE3ODI1ODU5MjIsIm5iZiI6MTc4MTk4MTEyMn0.PxWYHZoHhUO4crJrnxEMkwMYw6zt8G6bcd45dkgSeDw%26client_id%3Dd7d01445-a268-4681-bb41-9109683becec%26locale%3Den-US%26nonce%3D9281be21-fe62-4bad-b977-457f758e26f0%26redirect_uri%3Dhttps%253A%252F%252Faccount.adamlippes.com%252Fcallback%26region_country%3DUS%26response_type%3Dcode%26scope%3Dopenid%2Bemail%2Bcustomer-account-api%253Afull%26state%3DhWNDZEcfay9RMZdTIeN1F2sk&region_country=US
adcash.com,code,,response_type=code,https://adcash.myadcash.com/login,https://auth.myadcash.com/realms/adcash/protocol/openid-connect/auth?nonce=1QKgeAFA6cHlH8aeYPVDWVllpLlov3kZ&state=rlaq9gsLOgxZiuW13yKhF77tEIJqkQyE&scope=profile%20email%20openid&response_type=code&approval_prompt=auto&redirect_uri=https%3A%2F%2Fadcash.myadcash.com%2Fauth%2Fweb%2Fsso-login&client_id=dsp
additionwealth.com,none,,,https://additionwealth.com/login,https://www.additionwealth.com/login
adfin.com,none,,,https://console.adfin.com,https://console.adfin.com/auth/login?returnTo=%2Foverview
adonmo.com,none,,,https://adonmo.com/login,https://adonmo.com/login
adscendmedia.com,none,,,https://adscendmedia.com/login,https://adscendmedia.com/login
adsmurai.com,code,,response_type=code,https://amp.adsmurai.com/login,https://amp.adsmurai.com/login
adstage.io,none,,,https://adstage.io/login,https://adstage.io/login
adtonos.com,none,,,https://app.adtonos.com/login,https://app.adtonos.com/login
adversus.dk,none,,,https://app.adversus.io/login?1=1&hslang=da_DK,https://app.adversus.io/login?1=1&hslang=da_DK
adverty.com,none,,,https://adverty.com/login,https://adverty.com/wp-login.php
adviceinteractivegroup.com,none,,,https://admin.advicelocal.com/login,https://admin.advicelocal.com/login
advizeo.io,none,,,https://advizeo.io/login,https://www.advizeo.io/login
adyoulike.com,none,,,https://adyoulike.com/login,https://adyoulike.com/login
aec-digital.com,none,,,https://aec-digital.com/login,https://aec-digital.com/login
aellacredit.com,none,,,https://merchant.aellaapp.com/sign-up,https://merchant.aellaapp.com/sign-up
aerlingus.com,none,,,https://aerlingus.com/login,https://www.aerlingus.com/login
aerobotics.com,none,,,https://app.aerobotics.com/log-in,https://app.aerobotics.com/grower/log-in?auto_login=false
aerofs.com,none,,,https://aerofs.com/login,https://forsale.godaddy.com/forsale/aerofs.com?utm_source=TDFS_BINNS2&utm_medium=parkedpages&utm_campaign=x_corp_tdfs-binns2_base&traffic_type=TDFS_BINNS2&traffic_id=binns2&
aerospike.com,none,,,https://aerospike.com/login,https://aerospike.com/login
aethergames.io,none,,,https://aethergames.io/signin,https://aethergames.io/signin
afriblocks.com,none,,,https://workstation.afriblocks.com/login,https://workstation.afriblocks.com/login
afternic.com,google_unknown,,gsi_only,https://sso.afternic.com/account/create?app=www&path=%2F&plid=497036&prog_id=AfterNIC&realm=idp,https://sso.afternic.com/account/create?app=www&path=%2F&plid=497036&prog_id=AfterNIC&realm=idp
afterschoolhq.com,none,,,https://afterschoolhq.com/login,https://afterschoolhq.com/login
agebold.com,none,,,https://agebold.com/login,https://www.agebold.com/login
agentdesks.com,none,,,https://agentdesks.com/login,https://app.radiusagent.com/signup
agentero.com,none,,,https://agentero.com/login,https://agentero.com/login
agility.com,none,,,https://grms.agility.com/external/agilityLoginLoad.do?section=WELCOME,https://grms-external.agility.com/?section=WELCOME
aiand.com,none,,,https://aiand.com/login,https://www.aiand.com/login
aidaly.com,none,,,https://app.aidaly.com/users/sign_in,https://app.aidaly.com/users/sign_in
aikido.dev,none,,,https://app.aikido.dev/login,https://app.aikido.dev/login
aimn.com,none,,,https://aimn.com/login,https://www.aimn.com/login
airbaltic.com,none,,,https://airbaltic.com/login,https://www.airbaltic.com/login
airbyte.com,none,,,https://airbyte.com/login,https://airbyte.com/login
airfocus.io,code,,response_type=code,https://app.airfocus.com/login,https://auth.airfocus.com/login
airgms.com,none,,,https://airgms.com/login,https://airgms.com/login
airgraft.com,none,,,https://airgraft.com/login,https://airgraft.com/login
airgram.io,none,,ERR:dns,,
airhelp.com,none,,,https://airhelp.com/login,https://www.airhelp.com/login/
airmatrix.ca,none,,,https://airmatrix.ca/login,https://airmatrix.ca/login
airship.us,none,,,https://app.airship.us,https://app.airship.us/auth/signin?callbackUrl=https%3A%2F%2Fapp.airship.us%2Fcallback%3FreturnUrl%3Dhttps%253A%252F%252Fapp.airship.us%252F
airslate.com,google_unknown,,gsi_only,https://airslate.com/login,https://my.altaflow.com/login
airzai.com,none,,,https://airzai.com/login,https://www.airzai.com/login
aitrillion.com,code,,response_type=code,https://app.aitrillion.com/,https://app.aitrillion.com/
aiven.io,none,,,https://console.aiven.io/signup,https://console.aiven.io/signup
akaunting.com,none,,,https://akaunting.com/login,https://akaunting.com/login
akerbp.com,none,,,https://akerbp.com/login,https://akerbp.com/login
akinon.com,none,,,https://akinon.com/login,https://akinon.com/login
aku.africa,none,,,https://customer.aku.africa/auth,https://customer.aku.africa/auth
alaskaair.com,none,,,https://alaskaair.com/login,https://www.alaskaair.com/content/page-not-found
alchemy.com,none,,,https://dashboard.alchemy.com/signup?a=,https://dashboard.alchemy.com/signup?a=
alessi.com,none,,,https://alessi.com/login,https://alessi.com/login
algomerchant.com,none,,,https://algomerchant.com/login,https://algomerchant.com/wp-login.php
alhabib.om,none,,,https://alhabib.om/login,https://alhabib.om/login
alibris.com,none,,,https://alibris.com/login,https://www.alibris.com/login
alice.com,none,,,https://alice.com/login,https://alice.com/login
alison.com,jwt,yes,response_type=id_token,https://alison.com/login,https://alison.com/login
alkymi.io,code,,response_type=code,https://app.alkymi.io,https://auth.alkymi.io/u/login/identifier?state=hKFo2SBxdW1mZnROaHJjX1JZMU4xU1BOOGZUSjNjZ2dzN09TUqFur3VuaXZlcnNhbC1sb2dpbqN0aWTZIGE2UjNydmFLRFdkR19JWkw5NUZ5RzIzMWZXV2RPUGZso2NpZNkgQ3lpN2xRbk5VdlduV2YzOGdJWUt3OTRiQjA2RzViakY
all-turtles.com,none,,,https://all-turtles.com/login,https://www.all-turtles.com/login
allegro.pl,none,,,https://allegro.pl/login,https://allegro.pl/login
allspice.io,none,,,https://allspice.io/login,https://www.allspice.io/login
allstacks.com,none,,,https://app.allstacks.com/?hsCtaTracking=7e5851ff-080b-479d-959c-633fcfade236%7C658db484-2953-46c0-aa2f-8ea5acb665be,https://app.allstacks.com/?hsCtaTracking=7e5851ff-080b-479d-959c-633fcfade236%7C658db484-2953-46c0-aa2f-8ea5acb665be
aloeattiva.com,none,,,https://aloeattiva.com/customer_authentication/redirect?locale=en&region_country=US,https://shopify.com/authentication/46837301414/login?client_id=b81da1d5-b99e-4d0c-9404-e1eadb0f4ae6&locale=en-US&redirect_uri=%2Fauthentication%2F46837301414%2Foauth%2Fauthorize%3Fbuyer_flags%3DeyJhbGciOiJIUzI1NiJ9.eyJpc3MiOiJhbG9lLWF0dGl2YS1pdGFsaWEubXlzaG9waWZ5LmNvbSIsImZsYWdzIjpbXSwiZXhwIjoxNzgyNTg3ODgyLCJuYmYiOjE3ODE5ODMwODJ9.vrN6CTKelKIDQJHX0as_eYTQihovUbY4FtjIAKG2p6g%26client_id%3Db81da1d5-b99e-4d0c-9404-e1eadb0f4ae6%26locale%3Den-US%26nonce%3D057288d5-b907-4754-8466-0647e1f45986%26redirect_uri%3Dhttps%253A%252F%252Fshopify.com%252F46837301414%252Faccount%252Fcallback%26region_country%3DUS%26response_type%3Dcode%26scope%3Dopenid%2Bemail%2Bcustomer-account-api%253Afull%26state%3DhWNDZHvrmtUD96txqAA8jqK1&region_country=US
alpagga.com,none,,,https://alpagga.com/login,https://alpagga.com/login
alphabeta.io,none,,,https://alphabeta.io/login,https://alphabeta.io/login
alphachat.ai,none,,,https://alphachat.ai/login,https://alphachat.ai/login
alphathena.com,none,,,https://www.app.alphathena.com/signin,https://www.app.alphathena.com/signin
altec.com,none,,,https://altec.com/login,https://altec.com/login
altogic.com,none,,ERR:dns,,
altoira.com,none,,,https://app.altoira.com/login,https://auth.altoira.com/u/login?state=hKFo2SBvT0pWSE5mejNpUmx1YXJMOUF1M25UMjVyZlBwcmlqVaFur3VuaXZlcnNhbC1sb2dpbqN0aWTZIEtlUW50SFhXTVpiNEVObDloMV9qRnBsd0liMmFLQ2hIo2NpZNkgUW1hUHZUNUgxUTJabDJhY2o5RXFXbGdzRkNDUkVZRWs
alvarezandmarsal.com,none,,,https://alvarezandmarsal.com/login,https://alvarezandmarsal.com/login
alwaysai.co,none,,,https://console.alwaysai.co/auth,https://console.alwaysai.co/auth/signin
amaka.com,none,,,https://amaka.com/sign-in,https://amaka.com/sign-in/
amaze.co,none,,,https://amaze.co/login,https://www.amaze.co/login
amberflo.io,none,,,https://ui.amberflo.io/login?__hstc=17958374.4bddf344d072f2baed4a9a3f7a4f08d0.1762188392583.1763126253765.1763136561673.22&__hssc=17958374.3.1763136561673&__hsfp=1603770359,https://ui.amberflo.io/login?__hstc=17958374.4bddf344d072f2baed4a9a3f7a4f08d0.1762188392583.1763126253765.1763136561673.22&__hssc=17958374.3.1763136561673&__hsfp=1603770359
amenify.com,none,,,https://amenify.com/login,https://www.amenify.com/sign-in-sign-up
americanunagi.com,none,,,https://americanunagi.com/login,https://americanunagi.com/password
ampfutures.com,none,,,https://www.ampclientportal.com/Identity/Account/Login,https://www.ampclientportal.com/Identity/Account/Login
anagramsecurity.com,none,,,https://app.anagramsecurity.com/login,https://app.anagramsecurity.com/login
analyticsseo.com,none,,,https://analyticsseo.com/login,https://analyticsseo.com/login
anchorbeverages.com,none,,,https://anchorbeverages.com/signin,https://anchorbeverages.com/signin
anchore.com,none,,,https://anchore.com/login,https://anchore.com/wp-login.php
andela.com,none,,,https://client.andela.com/sign-in,https://client.andela.com/sign-in
andercore.com,none,,,https://buy.andercore.com/en/auth/choose,https://buy.andercore.com/en/auth/choose
andorratelecom.ad,none,,,https://andorratelecom.ad/login,https://www.andorratelecom.ad/login
angel.co,google_unknown,,gsi_only,https://angel.co/login,https://wellfound.com/login
angel.com,none,,,https://angel.com/login,https://www.angel.com/login
angelink.com,none,,,https://angelink.com/login,https://angelink.com/login
animaapp.com,code,,response_type=code,https://projects.animaapp.com/login?redirect=https%3A%2F%2Fdev.animaapp.com%2F&platform=dev-anima&passOnBoarding=true,https://projects.animaapp.com/login?redirect=https%3A%2F%2Fdev.animaapp.com%2F&platform=dev-anima&passOnBoarding=true
animoto.com,google_unknown,,gsi_only,https://animoto.com/log_in,https://animoto.com/log_in
anker.com,google_unknown,,gsi_only,https://anker.com/login,https://www.anker.com/login
ankr.com,none,,,https://ankr.com/login,https://www.ankr.com/login
antimetal.com,none,,,https://overlook.antimetal.com,https://overlook.antimetal.com/
antler.co,code,,response_type=code,https://hub.antler.co/login,https://hub.antler.co/login
anycreek.com,none,,,https://anycreek.com/login,https://anycreek.com/login
anyone.com,none,,,https://anyone.com/login,https://anyone.com/login
anyplace.com,none,,,https://anyplace.com/login,https://www.anyplace.com/login
apartments.com,none,,,https://apartments.com/login,https://apartments.com/login
aplazo.mx,none,,,https://aplazo.mx/login,https://aplazo.mx/blog
appcues.com,code,,response_type=code,https://auth.appcues.com/login,https://login.appcues.com/u/login/identifier?state=hKFo2SBZdXlrZmFNbU9tcmY3a2I5MU9UaHRHUURlTXZuLWVjaqFur3VuaXZlcnNhbC1sb2dpbqN0aWTZIDVqNWdIMm85NktwLVZhUkQ4UUhSQUZFeEdPcGFqQWRao2NpZNkgNmRsT2NnRGJRUzFSalVVSHNMSWlISlRDSUlCV0VwZ0M
appewa.com,token,yes,response_type=token,https://appewa.com/auth,https://appewa.com/auth/
appodealstack.com,code,,response_type=code,https://app.appodeal.com/signup,https://app.appodeal.com/signup
appradar.com,none,,,https://appradar.com/login,https://appradar.com/login
approveit.today,none,,,https://app.approveit.today/login?_gl=1*r3u49q*_gcl_au*MTg1ODYwODM5Ni4xNzMzODUyNDY0*_ga*MTM1NTU0NDE0MS4xNzMzODUyNDY3*_ga_T20B4773MK*MTczNDQzOTAwNy4yMy4xLjE3MzQ0MzkwNjQuMy4wLjA.,https://app.approveit.today/login?_gl=1*r3u49q*_gcl_au*MTg1ODYwODM5Ni4xNzMzODUyNDY0*_ga*MTM1NTU0NDE0MS4xNzMzODUyNDY3*_ga_T20B4773MK*MTczNDQzOTAwNy4yMy4xLjE3MzQ0MzkwNjQuMy4wLjA.
apptweak.com,none,,,https://app.apptweak.com/users/sign_in?locale=en,https://app.apptweak.com/users/sign_in?locale=en
apryse.com,none,,,https://apryse.com/login,https://apryse.com/login
aptera.us,none,,,https://aptera.us/login,https://aptera.us/login
aptus.ai,code,,response_type=code,https://next.aptus.ai/auth/login,https://next.aptus.ai/auth/login
archera.ai,none,,,https://archera.ai/login,https://www.archera.ai/login
archipro.co.nz,none,,,https://archipro.co.nz/login,https://archipro.co.nz/login
archive.com,code,,response_type=code,https://app.archive.com/signin,https://auth.archive.com/u/login/identifier?state=hKFo2SBDVVhrcW1mZTdBMi1ZNk1oM3puYXI5S2FlOTRIQW9kYqFur3VuaXZlcnNhbC1sb2dpbqN0aWTZIG1RWDB6QXdFUkprZ0s1Q3JOazBaUUw2YkgwWG5WOXU5o2NpZNkgRlpRak05MGRoTTZ1RUp3MHdPeWxOaGZUUjZ4VndsdEU
arcol.io,none,,,https://app.arcol.io/?_gl=1*1hhv6k*_gcl_au*MTY1NjM2Mzk4Ny4xNzcyMDc4NDY2*_ga*MjkwOTg5NjQxLjE3NzIwNzg0Njg.*_ga_NZ1Y9PBMR9*czE3NzI0NjczMzEkbzE1JGcxJHQxNzcyNDY3NDk5JGo1NSRsMCRoMA..,https://app.arcol.io/?_gl=1*1hhv6k*_gcl_au*MTY1NjM2Mzk4Ny4xNzcyMDc4NDY2*_ga*MjkwOTg5NjQxLjE3NzIwNzg0Njg.*_ga_NZ1Y9PBMR9*czE3NzI0NjczMzEkbzE1JGcxJHQxNzcyNDY3NDk5JGo1NSRsMCRoMA..
arkh.com,none,,,https://arkh.com/login,https://www.arkh.com/login
armoire.style,jwt,yes,gis_credential,https://armoire.style/login,https://armoire.style/login/
armstrongelectricvehicles.com,none,,ERR:dns,,
artessere.com,none,,,https://artessere.com/login,https://artessere.com/
artiox.com,none,,,https://www.artiox.com/login,https://www.artiox.com/login
artistworks.com,none,,,https://artistworks.com/login,https://artistworks.com/login
artland.com,none,,,https://artland.com/login,https://artland.com/login
artory.com,none,,,https://artory.com/login,https://www.wag-art.com/login
aryeo.com,none,,,https://aryeo.com/login,https://app.aryeo.com/login
asanify.com,none,,,https://secure.asanify.com/,https://secure.asanify.com/
ascend.io,none,,,,
asee.org,none,,,https://asee.org/login,https://asee.org/login
askattest.com,none,,,https://dashboard.askattest.com/login,https://dashboard.askattest.com/login
asktia.com,none,,,https://member.asktia.com,https://member.asktia.com/r/login?redirect=%2F
asktrim.com,none,,,https://asktrim.com/login,https://asktrim.com/login
askui.com,none,,,https://askui.com/login,https://www.askui.com/login
assemble.inc,none,,,https://assemble.inc/login,https://assemble.inc/login
assetzcapital.co.uk,none,,,https://assetzcapital.co.uk/login,https://www.assetzcapital.co.uk/wp-login.php
assignar.com,none,,,https://dashboard.assignar.com/login?next=/,https://dashboard.assignar.com/login?next=/
assuredmedsupply.com,none,,,https://assuredmedsupply.com/login,https://assuredmedsupply.com/wp-login.php
at.cafe,none,,,https://app.at.cafe,https://app.at.cafe/
atlasobscura.com,none,,,https://atlasobscura.com/login,https://atlasobscura.com/login
atlys.com,google_unknown,,gsi_only,https://atlys.com/login,https://www.atlys.com/login
atm.com,none,,,https://atm.com/sign-up,https://app.atm.com/auth/register
atmen.co,code,,response_type=code,https://app.atmen.co,https://app.atmen.co/
atob.com,none,,,https://app.atob.com/?_gl=1*aaz6a5*_gcl_au*OTM3NzA4MDU4LjE3NTgyMDMxNzE.*_ga*MjAwNTY3MTMzNy4xNzM0MTA0MTQ5*_ga_Y6MGR39Y3J*czE3NjAzNTE2MzEkbzIzNCRnMSR0MTc2MDM1NzczOSRqNTEkbDAkaDA.,https://login.atob.us/u/login?state=hKFo2SBUaDV6WW5FblF2N0xKUnR2ZGZvanEzekFVcEdoVENfdqFur3VuaXZlcnNhbC1sb2dpbqN0aWTZIDBIQjdRMnNHMzV0MGNiUktpbm5vNGE3WEEyOTJFYkJXo2NpZNkgaGFlcGFUN083c3VGRUJ5cTZRUGR2TUREV3FxZFVtMVg
atom.com,none,,,https://atom.com/login,https://atom.com/login
atomlearning.co.uk,google_unknown,,gsi_only,https://app.atomlearning.com/public/,https://app.atomlearning.com/public/
atomlearning.com,google_unknown,,gsi_only,https://app.atomlearning.com/public/,https://app.atomlearning.com/public/
attentive.ai,none,,,https://attentive.ai/login,https://attentive.ai/login
atterley.com,none,,,https://atterley.com/login,https://afcacia.io/
au.dresden.vision,none,,,,
audiam.com,none,,,https://app.audiam.com/accounts/login/,https://app.audiam.com/accounts/login/
audiencerepublic.com,none,,,https://app.audiencerepublic.com,https://app.audiencerepublic.com/authenticate/login
augmedix.com,none,,,https://ee-portal.augmedix.com/,https://ee-portal.augmedix.com/
aumet.com,google_unknown,,gsi_only,https://pulse.aumet.com/login/create-account,https://pulse.aumet.com/login/create-account
auricoin.org,none,,,https://auricoin.org/login,https://www.electrolysisbysiobhan.co.uk/
auth0.com,none,,,https://auth0.com/login,https://auth0.com/login
auto11.com,none,,,https://auto11.com/login,https://auto11.com/login
autohaulerexchange.com,none,,,https://marketplace.autohaulerexchange.com/login,https://marketplace.autohaulerexchange.com/login
automed.io,none,,,https://automed.io/login,https://automed.io/login
autopylot.io,none,,,https://autopylot.io/login,https://www.autopylot.io/wp-login.php
autotelic.com,none,,,https://autotelic.com/login,https://autotelic.com/login
autzu.com,none,,,https://autzu.com/login,https://autzu.com/login
avagrows.com,none,,,https://avagrows.com/login,http://www.avagrows.com/login
avantehs.com,code,,response_type=code,https://avantehs.com/login,https://avantehs.com/login
avasa.ai,none,,ERR:dns,,
avatarin.com,none,,,https://avatarin.com/login,https://avatarin.com/login
avenue.us,none,,,https://avenue-app.onelink.me/rhxA/home?utm_source=web_site_home__sign-up_organic,https://pit.avenue.us/register/invitation?shortlink=home&source_caller=ui&utm_source=site_pagina_home&c=pagina_home&pid=Site_Institucional&af_xp=custom&af_channel=site_pagina_home
avepoint.com,none,,,https://account.avepoint.com/,https://account.avepoint.com/customer/SignIn?returnUrl=/pages/homepage
avoma.com,none,,,https://app.avoma.com/login,https://app.avoma.com/login
avomd.io,none,,,https://avomd.io/login,https://www.avomd.com/login
avoplc.com,none,,,https://avoplc.com/login,https://avoplc.com/login
avora.com,google_unknown,,gsi_only,https://www.atom.com/login,https://www.atom.com/login
avvo.com,none,,,https://avvo.com/login,https://www.avvo.com/login
awakechocolate.com,none,,,https://awakechocolate.com/login,https://awakechocolate.com/login
aweinspired.com,none,,,https://aweinspired.com/login,https://aweinspired.com/login
awfis.com,none,,,https://awfis.com/login,https://www.awfis.com/
axletravel.com,none,,,https://axletravel.com/login,https://axletravel.com/login
axoflow.com,none,,,https://login.axoflow.io/,https://login.axoflow.io/
axolbio.com,none,,,https://axolbio.com/login,https://axolbio.com/login
axora.com,none,,ERR:dns,,
aylien.com,none,,ERR:dns,,
azarus.io,none,,,https://azarus.io/login,https://www.youtube.com/watch?v=WnrSvVQM-Fw
azion.com,code,,response_type=code,https://console.azion.com/login,https://console.azion.com/login
azoomee.com,none,,,https://account.azoomee.com/user/login,https://account.azoomee.com/user/login
b12.io,none,,,https://b12.io/signup/,https://b12.io/signup/
baboontothemoon.com,none,,,https://baboontothemoon.com/customer_authentication/redirect?locale=en&region_country=US,https://shopify.com/authentication/7865696313/login?client_id=c086a90c-a787-426f-93a2-e2215b5fc037&locale=en-US&redirect_uri=%2Fauthentication%2F7865696313%2Foauth%2Fauthorize%3Fbuyer_flags%3DeyJhbGciOiJIUzI1NiJ9.eyJpc3MiOiJiYWJvb250b3RoZW1vb24ubXlzaG9waWZ5LmNvbSIsImZsYWdzIjpbXSwiZXhwIjoxNzgyNTgyNzI0LCJuYmYiOjE3ODE5Nzc5MjR9.03iElapSB8HA0j-R_Kun8Koo-GyZF2pVEJOoR-j7b_s%26client_id%3Dc086a90c-a787-426f-93a2-e2215b5fc037%26locale%3Den-US%26nonce%3Dbe0048e2-f13d-4586-8296-ce0b99a133a5%26redirect_uri%3Dhttps%253A%252F%252Fshopify.com%252F7865696313%252Faccount%252Fcallback%26region_country%3DUS%26response_type%3Dcode%26scope%3Dopenid%2Bemail%2Bcustomer-account-api%253Afull%26state%3DhWNDZ9DqvHgyhuDlONqIqRik&region_country=US
bachans.com,none,,,https://bachans.com/a/account/login,https://bachans.com/a/account/login
backtotheroots.com,none,,,https://backtotheroots.com/login,https://backtotheroots.com/login
bagborroworsteal.com,none,,,https://bagborroworsteal.com/login,https://bagborroworsteal.com/login
bainbridgegrowth.com,none,,,https://bainbridgegrowth.com/login,https://bainbridgegrowth.com/login
bakitbox.com,none,,,https://bakitbox.com/login,https://www.bakitbox.com/login
bandlab.com,none,,,https://bandlab.com/login,https://accounts.bandlab.com/login?ReturnUrl=https%3A%2F%2Faccounts.bandlab.com%2Foauth%2Fconnect%2Fauthorize%2Fcallback%3Fclient_id%3Dbandlab_web%26scope%3Dopenid%2520profile%2520email%2520linked_accounts%2520offline_access%26response_type%3Dcode%26response_mode%3Dfragment%26redirect_uri%3Dhttps%253A%252F%252Fwww.bandlab.com%252Fauth%252Fbandlab%252Fcallback%26nonce%3Dvayy0ueyvy
bankonloop.com,none,,,https://app.bankonloop.com/signin,https://app.bankonloop.com/signin
bareperformancenutrition.com,none,,,https://bareperformancenutrition.com/login,https://www.bareperformancenutrition.com/login
barix.com,none,,,https://barix.com/login,https://barix.com/login
barkyn.com,none,,,https://barkyn.com/login,https://barkyn.com/login
barracuda.com,none,,,https://login.barracudanetworks.com/auth/login/,https://sso.barracuda.com/u/login/identifier?state=hKFo2SBBaGlxZlF4emxZOTlGaFQ1Z0FoWVI1YTdBSUZWXzRGaaFur3VuaXZlcnNhbC1sb2dpbqN0aWTZIGtiQzhUSVJyU196QTZ5Yi00WUhoSkZtUkcwcUJSbTBQo2NpZNkgQk1yY2JuRWdkS3BkSjZRWGVjN0hiRHdlTkpMUW1MSUk
basefood.co.jp,none,,,https://basefood.co.jp/login,https://basefood.co.jp/login
baserow.io,none,,,https://baserow.io/login,https://baserow.io/login
baseten.co,none,,,https://login.baseten.co/,https://login.baseten.co/?client_id=client_01GFS4WX73TQ4NQJPQ9EPCYQY7&redirect_uri=https%3A%2F%2Fapp.baseten.co%2Fapi%2Fauth%2Fcallback&authorization_session_id=01KVK5ZYCHCS8FMHEN4MH1WHEN
baton.io,none,,,https://baton.io/login,https://www.baton.io/login
battlefy.com,none,,,https://battlefy.com/login,https://battlefy.com/404/default
beacon.com,none,,,https://app.beacon.com/account/signin,https://app.beacon.com/
beacons.ai,none,,,https://account.beacons.ai/signin?originPage=home&cta_location=header&cta_text=log_in&referring_user=direct&referral_type=get_started,https://account.beacons.ai/signin?originPage=home&cta_location=header&cta_text=log_in&referring_user=direct&referral_type=get_started
beam.org,none,,,https://magicnotes.ai/login,https://magicnotes.ai/login
beanboat.com,none,,,https://beanboat.com/login,https://forsale.godaddy.com/forsale/beanboat.com?utm_source=TDFS_BINNS2&utm_medium=parkedpages&utm_campaign=x_corp_tdfs-binns2_base&traffic_type=TDFS_BINNS2&traffic_id=binns2&
beanfieldssnacks.com,google_unknown,,gsi_only,https://nt.novaninja.com/,https://nt.novaninja.com/
beatly.com,none,,,https://omni.beatly.com/login,https://omni.beatly.com/login
beatniksons.ca,none,,,https://beatniksons.ca/login,https://beatniksons.ca/login
beaufort.io,none,,,https://beaufort.io/login,https://stoe.no/tjenester/kyc
beconfidential.com,none,,ERR:dns,,
beetsandroots.de,none,,,https://beetsandroots.de/login,https://www.beetsandroots.de/login
beije.co,none,,,https://beije.co/login,https://beije.co/login
bell.ca,none,,,https://mybell.bell.ca/Login?refreshLink=%2fMyServices%2f,https://identification.bell.ca/u/login/identifier?state=hKFo2SBkbGpXb1IweDk4ci1NdG9WcjQtR0NGUEpMQ1VHSElEMaFur3VuaXZlcnNhbC1sb2dpbqN0aWTZIGJwM2FYVU5wQTNlSVVtYk5VM2FzNWRaMGZpWmlvZUJao2NpZNkgSnpTblR4ZGt4VlkzZTV2Z1FrRFJtaXgyb3A4SGozRFo&ui_locales=en-CA
benchling.com,none,,,https://benchling.com/signin/welcome,https://benchling.com/signin/welcome
bentoml.com,none,,,https://cloud.bentoml.com,https://cloud.bentoml.com/signup?redirect=/deployments?q=-status%3Aterminated
betdex.com,none,,,https://betdex.com/login,https://www.betdex.com/login
betterandbetter.com,none,,,https://betterandbetter.com/login,https://www.betterandbetter.com/login
betterlesson.com,none,,,https://betterlesson.com/login,https://betterlesson.com/.well-known/sgcaptcha/?r=%2Flogin&y=ipc:146.148.68.33:1781980540.379
bevyhq.com,none,,,https://bevyhq.com/login,https://bevyhq.com/login
bevylabs.com,none,,,https://bevylabs.com/login,https://bevylabs.com/login
bevz.com,none,,,https://bevz.com/login,https://www.bevz.com/login
bewanted.com,none,,,https://bewanted.com/login,https://en.bewanted.com/login
beyondfood.net,none,,,https://www.hugeDomains.com/payment-plan-login.cfm,https://www.hugedomains.com/payment-plan-login.cfm
beyonk.com,code,,response_type=code,https://beyonk.com/login,https://auth.beyonk.com/login
beyourbest.com,none,,,https://www.portal.beyourbest.com/signin,https://www.portal.beyourbest.com/signin
bibliu.com,none,,,https://bibliu.com/app/#/signinPage,https://bibliu.com/app/#/signinPage
bidgala.com,none,,,https://bidgala.com/login,https://forsale.godaddy.com/forsale/bidgala.com?utm_source=TDFS_BINNS2&utm_medium=parkedpages&utm_campaign=x_corp_tdfs-binns2_base&traffic_type=TDFS_BINNS2&traffic_id=binns2&
bigcommerce.com,none,,,https://login.bigcommerce.com/login/,https://login.bigcommerce.com/login/
biglots.com,none,,,https://biglots.com/login,https://biglots.com/wp-login.php
bikeclub.com,none,,,https://bikeclub.com/login,https://bikeclub.com/login
bikemap.net,none,,,https://bikemap.net/login,https://www.bikemap.net/login
biktrix.com,none,,,https://shopify.com/11446508/account/pages/63180ea1-edac-4010-98d1-d6a29078e7d5?locale=en&region_country=US&buyer_flags=eyJhbGciOiJIUzI1NiJ9.eyJpc3MiOiJiaWt0Lm15c2hvcGlmeS5jb20iLCJmbGFncyI6W10sImV4cCI6MTc4MjU4MjYwMSwibmJmIjoxNzgxOTc3ODAxfQ.bvIT1oDaRycgTYv2znGUvGfcZU_jydt6Zkg9hNNokJc,https://shopify.com/authentication/11446508/login?client_id=6e4f8c93-0413-4c93-bee9-dfae32f2a6a8&locale=en-US&redirect_uri=%2Fauthentication%2F11446508%2Foauth%2Fauthorize%3Fbuyer_flags%3DeyJhbGciOiJIUzI1NiJ9.eyJpc3MiOiJiaWt0Lm15c2hvcGlmeS5jb20iLCJmbGFncyI6W10sImV4cCI6MTc4MjU4MjYwMSwibmJmIjoxNzgxOTc3ODAxfQ.bvIT1oDaRycgTYv2znGUvGfcZU_jydt6Zkg9hNNokJc%26client_id%3D6e4f8c93-0413-4c93-bee9-dfae32f2a6a8%26locale%3Den-US%26nonce%3D7494ba0d-5ea4-4d0d-b349-13e9c4d76a7a%26redirect_uri%3Dhttps%253A%252F%252Fshopify.com%252F11446508%252Faccount%252Fcallback%26region_country%3DUS%26response_type%3Dcode%26scope%3Dopenid%2Bemail%2Bcustomer-account-api%253Afull%26state%3DhWNDZDAhUwW7UKkPdiPZ3UP3&region_country=US
billin.net,none,,,https://billin.net/login,https://app.billin.net/auth/login
bindwise.com,none,,,https://bindwise.com/login,https://hub.threecolts.com/v2/login?source=Bindwise&redirect_uri=https://bindwise.threecolts.com/app-v2/start-guide/welcome
bio-rad.com,none,,,https://bio-rad.com/login,https://www.bio-rad.com/login
bio-techne.com,none,,,https://bio-techne.com/login,https://bio-techne.com/login
bioeffect.com,none,,,https://bioeffect.com/login,https://www.bioeffect.com/login?retry=1
biorender.com,code,,response_type=code,https://app.biorender.com/user/signin,https://app.biorender.com/user/signin
birch.io,none,,,https://birch.io/login,https://birch.io/login
birdie.ai,none,,,https://birdie.ai/login,https://birdie.ai/login
bisep.org,none,,,https://www.bisepinnovations.com/customer_authentication/redirect?locale=en&region_country=CA,https://shopify.com/authentication/88540643623/login?client_id=ce8b2bfd-391d-4f3c-aec1-06fb70cf3106&locale=en-CA&redirect_uri=%2Fauthentication%2F88540643623%2Foauth%2Fauthorize%3Fbuyer_flags%3DeyJhbGciOiJIUzI1NiJ9.eyJpc3MiOiJhcm1tZGV2aWNlLm15c2hvcGlmeS5jb20iLCJmbGFncyI6W10sImV4cCI6MTc4MjU4MjY1NiwibmJmIjoxNzgxOTc3ODU2fQ.YLDkhhkZyLuPkKGOZBRhTyhx-7YkvBLWpMqnQK9Ozio%26client_id%3Dce8b2bfd-391d-4f3c-aec1-06fb70cf3106%26locale%3Den-CA%26nonce%3Dcee223ef-de53-4a08-9c52-f647593723e2%26redirect_uri%3Dhttps%253A%252F%252Fshopify.com%252F88540643623%252Faccount%252Fcallback%26region_country%3DCA%26response_type%3Dcode%26scope%3Dopenid%2Bemail%2Bcustomer-account-api%253Afull%26state%3DhWNDZ96fkkdNM18lAPFMtPZR&region_country=CA
bit.io,none,,,https://bit.io/login,https://bit.io/login
bitbar.com,none,,,https://bitbar.com/login,https://smartbear.com/product/bitbar/
bitcoinsuisse.com,none,,,https://online.bitcoinsuisse.com/,https://online.bitcoinsuisse.com/
biteable.com,code,,response_type=code,https://app.biteable.com/client/login,https://app.biteable.com/client/login
bitewell.com,none,,,https://bitewell.com/login,https://bitewell.com/login
bitex.la,none,,,,
bitfount.com,none,,,https://bitfount.com/login,https://hub.bitfount.com/login
bitget.com,none,,,https://bitget.com/login,https://www.bitget.com/login
bito.co,none,,,https://bito.co/login,https://bito.co/login
bitofproperty.com,none,,,https://bitofproperty.com/login,https://bitofproperty.com/login
bitskout.com,google_unknown,,gsi_only,https://app.bitskout.com/signin,https://app.bitskout.com/signin
bittitan.com,none,,,https://www.bittitan.com/account/login/,https://www.bittitan.com/account/login/
bitwage.com,none,,,https://app.bitwage.com/,https://app.bitwage.com/login
blackbaud.com,none,,,https://partnerportal.blackbaud.com/#/page/login,https://partnerportal.blackbaud.com/#/page/login
blacksmith.sh,none,,,https://app.blacksmith.sh,https://app.blacksmith.sh/
blainebox.com,none,,,https://blainebox.com/login,https://blainebox.com/login
blerp.com,none,,,https://blerp.com/login,https://blerp.com/login
blindpay.com,none,,,https://app.blindpay.com/sign-up,https://app.blindpay.com/sign-up/
blinkhealth.com,none,,,https://blinkhealth.com/login,https://www.blinkhealth.com/login
blinq.me,none,,,https://dash.blinq.me/onboarding/customize-card?ref_platform=webflow&ref_path=%2F&ref_cta=create_my_card&source=onboarding&ref_platform=webflow&ref_path=%2F,https://dash.blinq.me/onboarding/customize-card?ref_platform=webflow&ref_path=%2F&ref_cta=create_my_card&source=onboarding&ref_platform=webflow&ref_path=%2F
blockcypher.com,none,,,https://blockcypher.com/login,https://blockcypher.com/login
blockpartyapp.com,code,,response_type=code,https://app.blockpartyapp.com/login/,https://app.blockpartyapp.com/login/
blockspring.com,none,,,https://blockspring.com/login,https://blockspring.com/login
blockus.gg,none,,,https://blockus.gg/login,https://blockus.gg/login
blokid.com,none,,,https://app.vaudit.com/v2/login,https://app.vaudit.com/v2/login
bloomandwild.com,none,,,https://bloomandwild.com/login,https://www.bloomandwild.com/login
bloomnation.com,none,,,https://www.bloomnation.com/customer/account/login/,https://www.bloomnation.com/customer/account/login/
bloomscape.com,none,,,https://shopify.com/85264826664/account,https://shopify.com/authentication/85264826664/login?client_id=2b1cf66a-cce8-417a-8ce7-037a1887ae78&locale=en-US&redirect_uri=%2Fauthentication%2F85264826664%2Foauth%2Fauthorize%3Fclient_id%3D2b1cf66a-cce8-417a-8ce7-037a1887ae78%26locale%3Den-US%26nonce%3Dc0c31854-8d3f-4fb9-9bdc-8ab833a53b34%26redirect_uri%3Dhttps%253A%252F%252Fshopify.com%252F85264826664%252Faccount%252Fcallback%26response_type%3Dcode%26scope%3Dopenid%2Bemail%2Bcustomer-account-api%253Afull%26state%3DhWNDZ8UvTGMG9KAturFHfyKH
blowhorn.net,none,,,https://blowhorn.net/login,https://blowhorn.net/login
bluebirds.ai,none,,,https://bluebirds.ai/login,https://bluebirds.ai/login
bluejlegal.com,none,,,https://app.askbluej.com/,https://app.askbluej.com/
blueland.com,none,,,https://blueland.com/login,https://www.blueland.com/account/login
blueocean.ai,none,,,https://app.blueocean.ai/login?_gl=1*fbgmh4*_gcl_au*MTkyNzgwMDQ0Mi4xNzU3OTYwNDY3,https://app.blueocean.ai/login?_gl=1*fbgmh4*_gcl_au*MTkyNzgwMDQ0Mi4xNzU3OTYwNDY3
blueprism.com,none,,,https://portal.blueprism.com/user/login?destination=/,https://portal.blueprism.com/user/login?destination=/
bmlltech.com,none,,,https://bmlltech.com/login,https://www.bmlltech.com/login
bnbfinder.com,google_unknown,,gsi_only,https://bnbfinder.com/login,https://www.savvy.com/login
boardable.com,none,,,https://app.boardable.com/login,https://app.boardable.com/login
boards.com,none,,,https://boards.onelink.me/0fu0/login,https://app.boards.com/signin?source_caller=ui&pid=Boards.com+Homepage+-+Login+CTA+-+May_2026&af_xp=custom&shortlink=login
boataffair.com,none,,,https://boataffair.com/login,https://boataffair.com/login
bodydetails.com,none,,,https://bodydetails.com/login,https://bodydetails.com/lander
boldvoice.com,google_unknown,,gsi_only,https://start.boldvoice.com/login,https://start.boldvoice.com/login
bollandbranch.com,none,,,https://account.bollandbranch.com,https://account.bollandbranch.com/authentication/login?client_id=d1cfa097-38de-4131-97fa-70ae4c82d277&locale=en-US&redirect_uri=%2Fauthentication%2Foauth%2Fauthorize%3Fclient_id%3Dd1cfa097-38de-4131-97fa-70ae4c82d277%26locale%3Den-US%26nonce%3D0d62b729-491f-48f8-97a4-b7cfa18f61c2%26redirect_uri%3Dhttps%253A%252F%252Faccount.bollandbranch.com%252Fcallback%26response_type%3Dcode%26scope%3Dopenid%2Bemail%2Bcustomer-account-api%253Afull%26state%3DhWNDZABpSPBulqrVRcC4D5yD
bolster.com,none,,,https://bolster.com/login,https://bolster.com/login
bombayshavingcompany.com,none,,,https://bombayshavingcompany.com/login,https://www.bombayshavingcompany.com/
boncoffee.store,none,,,https://boncoffee.store/login,https://boncoffee.store/login
bond.ai,none,,,https://bond.ai/login,https://bond.ai/login
bondai.io,none,,,https://bondai.io/login,https://www.dot-market.org/articles/bond-market-fundamentals-for-investors.html?psystem=PW&domain=bondai.io&oref=https%3A%2F%2Fbondai.io%2Flogin&trafficTarget=gd
bondblox.com,none,,,https://bondblox.com/login,https://bondblox.com/login
bookclubs.com,none,,,https://bookclubs.com/login,https://bookclubs.com/login
bookkeep.co,none,,,https://bookkeep.co/login,https://bookkeep.co/login
bookline.io,none,,,https://app.bookline.ai/signin,https://app.bookline.ai/signin
bookmate.com,none,,,https://bookmate.com/login,https://bookmate.com/login
bookoutdoors.com,none,,,https://bookoutdoors.com/login,https://bookoutdoors.com/login
bookpebble.co.uk,none,,,https://bookpebble.co.uk/login,https://bookpebble.co.uk/login
boomfi.xyz,none,,,https://app.boomfi.xyz/login,https://app.boomfi.xyz/login
boomi.com,none,,,https://boomi.com/login,https://boomi.com/sso/
boomy.com,none,,,https://boomy.com/login,https://boomy.com/login
boreas.ca,none,,,https://boreas.ca/login,https://www.boreas.ca/pages/support
bosta.co,none,,,https://business.bosta.co/signup?ref=https://bosta.co,https://business.bosta.co/signup?ref=https%3A%2F%2Fbosta.co
botpress.com,none,,,https://sso.botpress.cloud/?ref=navbar,https://sso.botpress.cloud/?ref=navbar
boutiqaat.com,none,,,https://boutiqaat.com/login,https://boutiqaat.com/login
boxhero.com,none,,,https://boxhero.com/login,https://boxhero.com/.well-known/sgcaptcha/?r=%2Flogin&y=ipc:34.60.77.245:1781981753.477
bp.com,none,,,https://bp.com/login,https://www.bp.com/login
braingines.com,none,,,https://braingines.com/login,https://braingines.com/login
brainly.com,none,,,https://brainly.com/login?entry=2&source=Homepage Navigation,https://brainly.com/login?entry=2&source=Homepage%20Navigation
braintrustdata.com,none,,,https://braintrustdata.com/login,https://www.braintrust.dev/login
brandandcelebrities.com,none,,,https://brandandcelebrities.com/login,https://brandandcelebrities.com/login
brandembassy.com,none,,,https://login.incontact.com/inContact/Login.aspx?ReturnUrl=%2f,https://cxone.niceincontact.com/auth/authorize?response_type=code&scope=openid&client_id=0b697ebb-4ea2-4052-b12b-d3cf12a53eca&redirect_uri=https%3a%2f%2fcxone.niceincontact.com%2fua%2fv1%2fcallback
brandzooka.com,none,,,https://app.brandzooka.com,https://www.app.brandzooka.com/auth/sign-in
breef.com,google_unknown,,gsi_only,https://projects.breef.com/public/signin,https://projects.breef.com/public/signin
brenger.co,none,,,https://brenger.co/login,https://brenger.co/login
brenger.nl,none,,,https://driver.brenger.nl/login,https://driver.brenger.nl/login
brickbro.com,none,,,https://brickbro.com/login,https://www.brickbro.com/es/iniciar-sesion
bridgerpay.com,none,,,https://dash.bridgerpay.com/intro/login,https://dash.bridgerpay.com/intro/login
bright.com,none,,,https://bright.com/login,https://bright.com/404
brightnetwork.co.uk,none,,,https://brightnetwork.co.uk/login,https://www.brightnetwork.co.uk/login
brightsg.com,none,,,https://brightsg.com/product-login/,https://brightsg.com/product-login/
brimfinancial.com,none,,,https://brimfinancial.com/webportal/login,https://brimfinancial.com/webportal/login
bristlehealth.com,none,,,https://app.bristlehealth.com/,https://app.bristlehealth.com/login
brizodata.com,none,,,https://login.brizodata.com/account/login,https://login.brizodata.com/account/login
brytlyt.com,none,,,https://brytlyt.com/signin,https://brytlyt.com/signin
btq.tv,none,,,https://btq.tv/login,https://btq.tv/login
btse.com,jwt,yes,gis_credential,https://btse.com/login,https://www.btse.com/en/login
buckzy.net,none,,,https://buckzy.net/login,https://buckzy.net/wp-login.php
buddyfit.club,jwt,yes,response_type=id_token,https://app.buddyfit.club/login,https://app.buddyfit.club/en/login
bugcrowd.com,none,,,https://identity.bugcrowd.com/login?user_hint=researcher,https://login.hackers.bugcrowd.com/oauth2/default/v1/authorize?response_type=code&client_id=0oa20esd61y2ACBLf1d8&scope=openid%20profile%20email%20offline_access&state=9Z4vlv36B6KMf_C031Bx-uawKBANWP1iYQwlFekqxrE%3D&redirect_uri=https://identity.bugcrowd.com/login/oauth2/code/hacker&nonce=6nqZBksvGQAnXpuUkCcNfw-UquK79h4q2pO5xGas1IY
builderprime.com,none,,,https://app.builderprime.com/admin/login,https://app.builderprime.com/admin/login
buildsupply.com,none,,,https://buildsupply.com/login,https://buildsupply.com/lander
bulbapp.com,none,,,https://bulbapp.com/login,https://www.bulbapp.com/login
bulletproof.com,none,,,https://shop.bulletproof.com/account,https://shop.bulletproof.com/account/login?return_url=%2Faccount
bumper.co,none,,,https://bumper.co/login,https://www.bumper.co/login
bunnycdn.com,none,,,https://dash.bunny.net/auth/login?pk_buttonlocation=menu,https://dash.bunny.net/auth/login?pk_buttonlocation=menu
bunzz.dev,none,,,https://app.bunzz.dev/signup,https://app.bunzz.dev/signup
burpple.com,none,,,https://burpple.com/login,https://burpple.com/login
busbud.com,none,,,https://busbud.com/login,https://www.busbud.com/login
buscentrum.pl,none,,,https://buscentrum.pl/login,https://buscentrum.pl/wp-login.php
busha.co,jwt,yes,response_type=id_token,https://dash.busha.io/login?continue=%2F,https://app.busha.io/login
busright.com,none,,,https://app.busright.com/login,https://app.busright.com/login
busuu.com,jwt,yes,response_type=id_token,https://www.busuu.com/en/login,https://www.busuu.com/en/login
buywith.com,none,,,https://buywith.com/login,https://www.buywith.com/login
bybi.com,none,,,https://account.bybi.com/profile?locale=en&region_country=GB&buyer_flags=eyJhbGciOiJIUzI1NiJ9.eyJpc3MiOiJqeTcyZWMtaTMubXlzaG9waWZ5LmNvbSIsImZsYWdzIjpbXSwiZXhwIjoxNzgyNTg0NTY5LCJuYmYiOjE3ODE5Nzk3Njl9.OfECLu8eQozb13IGQ-h-aIah6BI58dQNXX_eiIFBN2s,https://account.bybi.com/authentication/login?client_id=934da98f-1424-4589-b442-f31775f5edf8&locale=en-GB&redirect_uri=%2Fauthentication%2Foauth%2Fauthorize%3Fbuyer_flags%3DeyJhbGciOiJIUzI1NiJ9.eyJpc3MiOiJqeTcyZWMtaTMubXlzaG9waWZ5LmNvbSIsImZsYWdzIjpbXSwiZXhwIjoxNzgyNTg0NTY5LCJuYmYiOjE3ODE5Nzk3Njl9.OfECLu8eQozb13IGQ-h-aIah6BI58dQNXX_eiIFBN2s%26client_id%3D934da98f-1424-4589-b442-f31775f5edf8%26locale%3Den-GB%26nonce%3Ddfb1dbbe-f102-4ba8-ad26-8755cf74b630%26redirect_uri%3Dhttps%253A%252F%252Faccount.bybi.com%252Fcallback%26region_country%3DGB%26response_type%3Dcode%26scope%3Dopenid%2Bemail%2Bcustomer-account-api%253Afull%26state%3DhWNDZCLsFkIjoV1Sy5nkEv6U&region_country=GB
calendar.com,jwt,yes,response_type=id_token,https://app.calendar.com/login,https://app.calendar.com/login
calgaryheritageroastingco.com,none,,,https://calgaryheritageroastingco.com/login,https://calgaryheritageroastingco.com/login
calixa.io,none,,,https://calixa.io/login,https://eggsentriccafe.co.nz/
callidusai.com,none,,,https://callidusai.com/login,https://strongsuit.com/.well-known/sgcaptcha/?r=%2Flogin&y=ipc:146.148.68.33:1781979784.430
callpage.io,none,,,https://callpage.io/login,https://www.callpage.io/login
calmpros.com,none,,ERR:dns,,
calyptia.com,none,,,https://calyptia.com/login,https://chronosphere.io/login
canadadrives.ca,none,,,https://canadadrives.ca/login,https://www.canadadrives.ca/
candle-shack.co.uk,none,,,https://candle-shack.co.uk/login,https://candle-shack.co.uk/login
cantozil.com,none,,ERR:dns,,
capintel.com,none,,,https://app.capintel.io/auth/login,https://app.capintel.io/auth/login
capitalise.com,none,,,https://capitalise.com/login,https://capitalise.com/gb/login
caplinked.com,none,,,https://secure.caplinked.com/users/sign-in,https://secure.caplinked.com/users/sign-in
capshare.com,none,,ERR:dns,,
captureproof.com,none,,,https://web.captureproof.com/sign-in,https://web.captureproof.com/sign-in
capy.me,none,,,https://www.capy.me/account/register/,https://www.capy.me/account/register/
caratsandcake.com,none,,,https://caratsandcake.com/login,https://caratsandcake.com/login
carbidesecure.com,none,,,https://app.carbidesecure.com,https://app.carbidesecure.com/users/sign_in
carbon6.io,none,,,https://carbon6.io/login,https://carbon6.io/login
carbonlighthouse.com,none,,,https://app.carbonlighthouse.com/accounts/login/,https://app.centinelre.com/accounts/login/
carbonregistry.com,none,,,https://app.carbonregistry.com/login,https://app.carbonregistry.com/login
carbyne911.com,none,,,https://carbyne911.com/login,https://carbyne911.com/login
carepatron.com,none,,,https://app.carepatron.com/login?referrer_path=home,https://app.carepatron.com/login?referrer_path=home
carepoynt.com,none,,,https://app.carepoynt.com/login,https://app.carepoynt.com/login
cargofy.com,none,,,https://app.cargofy.com/?utm_source=&utm_medium=organic&utm_campaign=cargofy_com_landing&utm_term=null&utm_content=v2_header_login&locale=en-US-US,https://app.cargofy.com/auth?utm_source=&utm_medium=organic&utm_campaign=cargofy_com_landing&utm_term=null&utm_content=v2_header_login&locale=en-US-US
cargurus.com,google_unknown,,gsi_only,https://cargurus.com/login,https://www.cargurus.com/login
cariloha.com,none,,,https://www.cariloha.com/login.php,https://www.cariloha.com/login.php
cariloop.com,none,,,https://plan.cariloop.com/login,https://plan.cariloop.com/login
carolsdaughter.com,none,,,https://carolsdaughter.com/login,https://carolsdaughter.com/login
carpay.com,none,,,https://carpay.com/login,https://carpay.com/login
cart.com,code,,response_type=code,https://console.cart.com/login,https://console.cart.com/callback
carta.com,none,,,https://login.app.carta.com/credentials/login/?utm_source=direct,https://login.app.carta.com/credentials/login/?utm_source=direct
cartlow.com,none,,,https://cartlow.com/login,https://cartlow.com/login
casafari.com,jwt,yes,response_type=id_token,https://casafari.com/login,https://www.casafari.com/login
casava.co,none,,,https://insurance.casava.co/auth/login/,https://insurance.casava.co/auth/login/
cascade.app,code,,response_type=code,https://go.cascade.app/login?iss=https%3A%2F%2Fauth.go.cascade.app%2F,https://auth.go.cascade.app/u/login/identifier?state=hKFo2SBLN3NVeE9YbXp1QjdBSFZEX2ZjcTMwdXplNHh4ZDMtcKFur3VuaXZlcnNhbC1sb2dpbqN0aWTZIG54enVsOHhuZ2FNU3J0Wkg0OWU1RTJFYUlycUFEbDlIo2NpZNkgcGJpNUg0RUZXOWliQ0lyYnJ4Nzg5Nm12V3BVakJYYTc
casemark.ai,none,,,https://casemark.ai/login,https://casemark.com/login
casengo.com,none,,,https://app.getgrasp.com/inbox,http://app.getgrasp.com/inbox/conversations
casetext.com,none,,,https://casetext.com/login,https://casetext.com/login
cash360.cn,none,,,https://cash360.cn/login,https://cash360.cn/login
cashaam.com,none,,,https://cashaam.com/login,https://www.afternic.com/forsale/cashaam.com?utm_source=TDFS_DASLNC&utm_medium=parkedpages&utm_campaign=x_corp_tdfs-daslnc_base&traffic_type=TDFS_DASLNC&traffic_id=daslnc&
castled.io,none,,,https://castled.io/login,https://castled.io/lander
catch.co,none,,,https://app.catch.co/auth/sign-in?,https://app.catch.co/auth/sign-in?
causalytics.ai,none,,,https://app.causalytics.ai/signup/create-account,https://app.causalytics.ai/signup/create-account?path=analytics
causeiq.com,none,,,https://causeiq.com/login,https://www.causeiq.com/login/
cdk.com,none,,,https://cdk.com/login,https://cdk.com/login
cdp.net,none,,,https://cdp.net/login,https://www.cdp.net/en/404
ceastudyabroad.com,none,,,https://ceastudyabroad.com/login,https://www.ceastudyabroad.com/login
ceipal.com,jwt,yes,response_type=id_token,https://portal.procurewise.com/vmsweb/login/weblogin,https://portal.procurewise.com/vmsweb/login/weblogin
celigo.com,none,,,https://integrator.io/signup,https://integrator.io/signup
centrcorp.com,none,,,https://centrcorp.com/login,https://centrcorp.com/lander
chabber.com,none,,,https://chabber.com/login,https://chabber.com/login
chain.io,none,,,https://chain.io/login,https://chain.io/login/
chamberlaincoffee.com,none,,,https://chamberlaincoffee.com/login,https://chamberlaincoffee.com/login
channelmum.com,none,,ERR:dns,,
chargepoint.com,none,,,https://chargepoint.com/login,https://sso.chargepoint.com/?locale=en
chargetrip.com,none,,,https://account.chargetrip.io/sign-in,https://account.chargetrip.io/sign-in
chargifi.com,none,,,https://chargifi.com/login,https://chargifi.com/login
charlottesweb.com,none,,,https://charlottesweb.com/login,https://www.charlottesweb.com/login
chartahealth.com,none,,,https://accounts.chartahealth.com/sign-in?redirect_url=https%3A%2F%2Fapp.chartahealth.com%2F%3F_gl%3D1*7528nm*_gcl_au*MTc3NDE5MTUxNS4xNzcyMjExNzk3,https://accounts.chartahealth.com/sign-in?redirect_url=https%3A%2F%2Fapp.chartahealth.com%2F%3F_gl%3D1*7528nm*_gcl_au*MTc3NDE5MTUxNS4xNzcyMjExNzk3
chatdesk.com,none,,,https://chatdesk.com/login,https://www.chatdesk.com/login
checkfront.com,none,,,https://get.checkfront.com/login/global,https://get.checkfront.com/login/global/
checklyhq.com,code,,response_type=code,https://app.checklyhq.com/,https://auth.checklyhq.com/u/login/identifier?state=hKFo2SBMRWs5ZFA3OE96clVKTVFQWFcwUDVERzdrUkY2ZXBJaaFur3VuaXZlcnNhbC1sb2dpbqN0aWTZIE5ISlBOS2ppTjJ5Z05kYkx5UURWQ0x2YlJ3clNXV0Fao2NpZNkgeGc2SU1hSlhmNlAzSVlQb09aRzhHdHA2TVl2YUpQZVU
checkr.com,none,,,https://checkr.com/login,https://checkr.com/login
checkyeti.com,none,,,https://checkyeti.com/signin,https://checkyeti.com/signin
cheekypanda.com,none,,,https://cheekypanda.com/login,https://uk.cheekypanda.com/login
chefhero.com,none,,,https://chefhero.com/login,https://chefhero.com/login
chefsplate.com,jwt,yes,response_type=id_token,https://chefsplate.com/login,https://www.chefsplate.com/login
chegg.com,none,,,https://chegg.com/login,https://www.chegg.com/login
cheqly.com,none,,,https://www.app.cheqly.com/#/login,https://www.app.cheqly.com/#/login
chicagobooth.edu,none,,,https://www.chicagobooth.edu/mba/academics/curriculum/concentrations/accounting,https://www.chicagobooth.edu/mba/academics/curriculum/concentrations/accounting
chkk.io,none,,,https://app.chkk.io/login,https://app.chkk.io/login
chrysalabs.com,none,,,https://chrysalabs.com/login,https://www.chrysalabs.com/wp-login.php
chubbiesshorts.com,none,,,https://chubbiesshorts.com/login,https://www.chubbiesshorts.com/login
chuffed.org,none,,,https://chuffed.org/login,https://chuffed.org/login
churchofjesuschrist.org,none,,,https://churchofjesuschrist.org/login,https://www.churchofjesuschrist.org/login?lang=eng
cimpress.com,none,,,https://cimpress.com/author/latebloomercreative/,https://cimpress.com/
circana.com,none,,,https://circana.com/login,https://www.circana.com/login
circleci.com,none,,,https://app.circleci.com/login,https://app.circleci.com/login
circles.asia,none,,,https://circles.asia/login,https://circles.asia/login
circuithub.com,none,,,https://app.circuithub.com/login,https://auth.circuithub.com/u/login?state=hKFo2SBRcGRvVEhiRFROR3NYSDZsV1o2WEduZm5IQUpHd2xuMKFur3VuaXZlcnNhbC1sb2dpbqN0aWTZIGRrakFBRlotVWJTeEo1QXY1cGY3N20tdVVockZwd0M2o2NpZNkgTzRtOEZsU2NMaHlCZ3ZxTmdQZVZ4T0ZRMUtyaGlFOWw
circular.io,none,,ERR:dns,,
citizen.com,none,,,https://citizen.com/login,https://citizen.com/login
citybldr.com,none,,ERR:dns,,
citydao.io,none,,,https://linktr.ee/register?utm_source=linktree&utm_medium=profile&utm_campaign=signup_intent_banner&utm_content=citydao&signup_intent=signup_free,https://linktr.ee/universal-login#/register?utm_source=linktree&utm_medium=profile&utm_campaign=signup_intent_banner&utm_content=citydao&signup_intent=signup_free
cityfalcon.com,none,,,https://cityfalcon.com/login,https://www.cityfalcon.ai/login
cl.ly,jwt,yes,gis_credential,https://share.zight.com/login,https://share.zight.com/login
clafiya.com,none,,,https://my.clafiya.com/auth/login,https://my.clafiya.com/auth/login
clay.earth,none,,,https://app.me.sh/login?signin,https://app.me.sh/login?signin
clayfulhealth.com,none,,,https://clayfulhealth.com/login,https://www.clayfulhealth.com/login
cleanchoiceenergy.com,none,,,https://cleanchoiceenergy.com/login,https://cleanchoiceenergy.com/login
cleancoders.com,jwt,yes,response_type=id_token,https://cleancoders.com/login,https://cleancoders.com/signin
cleanlab.ai,none,,,https://cleanlab.ai/login,https://cleanlab.ai/login/
cleanly.com,none,,,https://cleanly.com/login,https://bynext.co/
clearbrief.ai,none,,,https://clearbrief.ai/login,https://clearbrief.com/login
clearhaus.com,none,,,https://clearhaus.com/login,https://clearhaus.com/login
clearstory.build,code,,response_type=code,https://www.clearstory.build/cs/c/?cta_guid=f940e534-f4d3-4cb7-a110-f294d8150adb&signature=AAH58kHkbhY6-6dqu2oRCKY7SQ0oozQRpw&portal_id=6996786&pageId=197250506808&placement_guid=0b3aac0a-df80-4c83-808f-a0bf08252a48&click=bee4f244-1754-4610-b2ab-1cf3b7f6b423&redirect_url=APefjpFQI0ca1EFatdWHS_fONYZslg93XNhR8bendKMSLR7qCKekx4RLGZWEc-EdFauN1HsCIegAPvEx6xDcbGQ28TyTTZ7a2aS-StVENg0FjLe8I7A2x_s3P57Lw51x7D1xFWs7pwEc&hsutk=5556223099507c6b42fbcaac5210635d&canon=https%3A%2F%2Fwww.clearstory.build%2F&ts=1781978300669&__hstc=85736646.5556223099507c6b42fbcaac5210635d.1781978302044.1781978302044.1781978302044.1&__hssc=85736646.1.1781978302044&__hsfp=754f769d5c6cb91903196b3d8be0efce&contentType=standard-page,https://app.clearstory.build/login
cleerlyhealth.com,none,,,https://labs.cleerlyhealth.com/login,https://labs.cleerlyhealth.com/login
clicdata.com,none,,,https://app.clicdata.com/login,https://app.clicdata.com/login
clickhouse.com,code,,response_type=code,https://console.clickhouse.cloud/signIn?glxid=20785c31-f67c-4f68-b54c-4515ff86278f&pagePath=%2F&origPath=%2F&experiments=mktg-website-nav-cta-btn-nov-2025%3A1&utm_ga=GA1.1.382943302.1781981566,https://console.clickhouse.cloud/signIn?pagePath=%2F&origPath=%2F&experiments=mktg-website-nav-cta-btn-nov-2025%3A1&utm_ga=GA1.1.382943302.1781981566
clickipoholdings.com,none,,,https://clickipoholdings.com/login,https://clickipoholdings.com/login
climate.com,none,,,https://climate.com/static/field-view/#/auth/login,https://climate.com/static/field-view/#/auth/login
climateimpactx.com,none,,,https://exchange.climateimpactx.com/#/login,https://exchange.climateimpactx.com/#/login
clinone.com,none,,,https://clinone.com/Account/Login,https://clinone.com/Account/Login
clipboardhealth.com,none,,,https://clipboard.health/login,https://clipboard.health/login
clipmoney.com,none,,,https://clipmoney.com/dashboard/login,https://clipmoney.com/dashboard/login
clocr.com,none,,,https://clocr.com/signin,https://clocr.com/signin
cloudadmin.io,none,,,https://cloudadmin.io/login,https://cloudadmin.io/login
cloudbusinesshq.com,google_unknown,,gsi_only,https://go.synder.com/auth#/?product=ALL,https://go.synder.com/auth#/?product=ALL
cloudike.com,none,,,https://cloudike.com/login,https://cloudike.com/login
cloudprinter.com,none,,,https://account.cloudprinter.com,https://account.cloudprinter.com/
cloudsmith.io,none,,,https://cloudsmith.io/login,https://cloudsmith.io/login
cloudzenix.com,none,,,https://cloudzenix.com/login,https://cloudzenix.com/wp-login.php
clouthub.com,none,,,https://new.clouthub.com/author/taino4/,https://new.clouthub.com/author/taino4/
cloutjam.com,none,,,https://www.hugeDomains.com/payment-plan-login.cfm,https://www.hugedomains.com/payment-plan-login.cfm
clovia.com,google_unknown,,gsi_only,https://clovia.com/login,https://www.clovia.com/login/
clozex.com,none,,,https://clozex.com/login,https://www.clozex.com/login
cluedin.com,none,,,https://cluedin.com/login,https://cluedin.com/login
cluely.com,none,,,https://cluely.com/login,https://v2.cluely.com/sign-in
cm.com,none,,,https://login.cm.com/,https://auth.cm.com/Account/Login
cnaught.com,code,,response_type=code,https://app.cnaught.com/api/auth/login,https://auth.cnaught.com/u/login?state=hKFo2SBuSmp3ekNMTWtUYzI1WVJRcF9HZGNleEJYTXR2TUxoSqFur3VuaXZlcnNhbC1sb2dpbqN0aWTZIEdsZDM2eUI4NjVXLTFzVVVfQjZONDMwWVFtWEpVb3FIo2NpZNkgY2dJZEQybkNhck1GWXp4ZWZBdHk1RnFBb0Z2blRKY3o
coassemble.com,none,,,https://coassemble.com/login,https://coassemble.com/login
coasthotels.com,none,,,https://coasthotels.com/login,https://www.coasthotels.com/login
cochl.ai,none,,,https://cochl.ai/login,https://www.cochl.ai/
cockroachlabs.com,none,,,https://cockroachlabs.cloud/,https://cockroachlabs.cloud/
cococart.co,none,,,https://cococart.co/admin,https://cococart.co/login
coda.xyz,none,,ERR:dns,,
codecombat.com,none,,,https://codecombat.com/login,https://codecombat.com/login
codementor.io,google_unknown,,gsi_only,https://arc.dev/login?service=codementor,https://arc.dev/login?service=codementor
coderabbit.ai,none,,,https://coderabbit.ai/login,https://coderabbit.ai/login
codestory.co,none,,,https://codestory.co/login,https://codestory.co/login
codeverse.com,none,,,,
codingninjas.in,google_unknown,,gsi_only,https://economictimes.indiatimes.com/jobs/fresher/tech-grads-sign-up-for-bootcamps-to-be-more-employable/articleshow/104074729.cms?utm_source=contentofinterest&utm_medium=text&utm_campaign=cppst,https://economictimes.indiatimes.com/jobs/fresher/tech-grads-sign-up-for-bootcamps-to-be-more-employable/articleshow/104074729.cms?utm_source=contentofinterest&utm_medium=text&utm_campaign=cppst
codio.com,none,,,https://codio.com/login,https://codio.com/p/login?nextPath=/login
cogbase.com,none,,,https://cogbase.com/login,https://cogbase.com/login
cognex.com,none,,,https://cognex.com/login,https://cognex.com/login
cogsy.com,none,,,https://go.cogsy.com/login,https://go.cogsy.com/login
coinloan.io,none,,,https://app.coinloan.io/login/,https://app.coinloan.io/login/
coinme.com,none,,,https://auth.coinme.com/oauth/account/login?appId=8b85f9e7-6508-45a9-92e7-c2b475e214fc,https://auth.coinme.com/oauth/account/login?appId=8b85f9e7-6508-45a9-92e7-c2b475e214fc
coinmetro.com,none,,,https://coinmetro.com/login,https://coinmetro.com/login
coinpanion.com,none,,,https://coinpanion.com/login,https://coinpanion.com/login
cointraffic.io,none,,,https://dash.cointraffic.io/login,https://dash.cointraffic.io/login
coinvestor.co,none,,,https://coinvestor.co/signin,https://www.coinvestor.co/signin
colexion.io,none,,,https://colexion.io/login,https://colexion.io/wp-login.php
collbox.co,none,,,https://app.collbox.co/login,https://app.collbox.co/login
collective.work,none,,,https://collective.work/login,https://collective.work/login
comeet.co,none,,,https://comeet.co/login,https://comeet.co/login
cometchat.com,none,,,https://app.cometchat.com/login,https://app.cometchat.com/login
comfreight.com,none,,,https://app.haulpay.io/login,https://app.haulpay.io/login
commandersact.com,none,,,https://commandersact.com/login,https://commandersact.com/login
commoditrader.com,none,,,https://commoditrader.com/login,https://agreena.com/
commoncurriculum.com,google_unknown,,gsi_only,https://commoncurriculum.com/login,https://www.commonplanner.com/login
commonlit.org,none,,,https://commonlit.org/login,https://www.commonlit.org/login
commonroom.io,code,,response_type=code,https://app.commonroom.io,https://login.commonroom.io/u/login/identifier?state=hKFo2SBqSlJxS3NfZWh4TEhxNEFNLTZWOW8wTThCQlh5QTJGR6Fur3VuaXZlcnNhbC1sb2dpbqN0aWTZIGZyekNyRUtZYW5QQ3drSzJPMXUwdEhFazVOYTVQNkI5o2NpZNkgM1Fjcms4QU9seGc5VTFYTHE1YlR4dk9UNTlVUVhkQWg
commonsensemedia.org,none,,,https://commonsensemedia.org/login,https://www.commonsensemedia.org/login
commscope.com,none,,,https://commscope.com/login,https://www.commscope.com/login/
companycam.com,code,,response_type=code,https://app.companycam.com/signin?_gl=1*1rf2exm*_ga*MTEyMDcwMDM5NC4xNzA5NjU5NjQ0*_ga_9EHVFEZKVX*MTcxNDUwNzcyNC40Ny4wLjE3MTQ1MDc3MjQuNjAuMC4w*_ga_J48HTRJMG3*MTcxNDUwNzcyNC4xODkuMS4xNzE0NTA3NzI0LjYwLjAuMA..,https://app.companycam.com/signin?_gl=1*1rf2exm*_ga*MTEyMDcwMDM5NC4xNzA5NjU5NjQ0*_ga_9EHVFEZKVX*MTcxNDUwNzcyNC40Ny4wLjE3MTQ1MDc3MjQuNjAuMC4w*_ga_J48HTRJMG3*MTcxNDUwNzcyNC4xODkuMS4xNzE0NTA3NzI0LjYwLjAuMA..
comparably.com,none,,,https://comparably.com/login,https://www.comparably.com/login
compareit4me.com,none,,ERR:dns,,
complyadvantage.com,none,,,https://complyadvantage.com/login,https://complyadvantage.com/wp-login.php
complyant.com,none,,,https://complyant.com/signin,https://complyant.com/signin
complycube.com,none,,,https://portal.complycube.com/,https://portal.complycube.com/login?redirect=/home
composer.trade,none,,,https://composer.trade/login,https://composer.trade/login
conduit.ai,none,,,https://base.conduit.ai,https://base.conduit.ai/sign-in
conectohub.com,none,,,https://app.conectohub.com/login,https://app.conectohub.com/login
confettisweets.ca,jwt,yes,gis_credential,https://twitter.com/i/flow/login?redirect_after_login=%2Fconfettisweets,https://x.com/i/jf/onboarding/web?redirect_after_login=%2Fconfettisweets&mode=login
connexity.com,none,,,https://account.connexity.com/ra/login,https://merchant.connexity.com/en-US/login
consorto.com,none,,,https://consorto.com/login,https://www.consorto.com/login
constructioncloud.com.au,none,,,https://constructioncloud.com.au/login,https://constructioncloud.com.au/login
context.ai,none,,,https://workspace.context.ai,https://workspace.context.ai/sign-in
contexttravel.com,code,,response_type=code,https://contexttravel.com/login,https://www.contexttravel.com/login
contra.com,none,,,https://contra.com/login,https://contra.com/login
contractbook.dk,google_unknown,,gsi_only,https://app.contractbook.com/login,https://app.contractbook.com/login
convai.com,none,,,https://convai.com/login,https://convai.com/login
convo.com,none,,,https://convo.com/login,https://www.convo.com/wp-login.php
cookie3.co,none,,,https://app.cookie3.co/signup?utm_source=website&utm_medium=getstartedbutton,https://app.cookie3.co/signup?utm_source=website&utm_medium=getstartedbutton
coolbet.com,none,,,https://coolbet.com/login,https://www.coolbet.com/login
coop.dk,none,,,https://coop.dk/login,https://coop.dk/login/
coordinatehq.com,jwt,yes,response_type=id_token,https://app.coordinatehq.com/login,https://app.coordinatehq.com/login
cord.tech,code,,response_type=code,https://app.encord.com/login,https://app.encord.com/login
corite.com,none,,,https://corite.com/user/login,https://corite.com/user/login
corti.ai,none,,,https://console.corti.app/auth,https://console.corti.app/auth/
coru.com,none,,,https://coru.com/login,https://coru.com/wp-login.php
cosaporto.it,none,,,https://cosaporto.it/account/special-occasions/,https://cosaporto.it/account/special-occasions/
cotopaxi.com,none,,,https://cotopaxi.com/login,https://www.cotopaxi.com/
couchbase.com,none,,,https://couchbase.com/login,https://couchbase.com/login
counterten.com,none,,,https://app.counterten.com/login,https://app.counterten.com/login
coupler.io,code,,response_type=code,https://app.coupler.io/sign_in,https://app.coupler.io/sign_in
coursehorse.com,none,,,https://coursehorse.com/login,https://coursehorse.com/login
covercy.com,none,,,https://covercy.com/login,https://www.covercy.com/login/
cowrywise.com,none,,,https://cowrywise.com/login,https://cowrywise.com/login
crabi.com,none,,,https://login.crabi.com/log-in,https://login.crabi.com/log-in
craveup.com,none,,,https://dashboard.craveup.com/login,https://dashboard.craveup.com/login
crawfordscientific.com,none,,,https://www.crawfordscientific.com/uk/customer/account/,https://www.crawfordscientific.com/uk/customer/account/login/
creatively.life,none,,ERR:dns,,
creativemarket.com,none,,,https://creativemarket.com/login,https://creativemarket.com/users/Login
creatoriq.com,none,,,https://www.creatoriq.com/login,https://www.creatoriq.com/login
credavenue.com,none,,,https://credavenue.com/login,https://credavenue.com/login
creditsesame.com,none,,,https://secured.creditsesame.com/signup?lp=home,https://secured.creditsesame.com/oneClickSignup?lp=home
creditspring.co,none,,,https://creditspring.co/login,https://creditspring.co/login
credix.finance,none,,,https://credix.finance/login,https://credix.finance/login
credly.com,jwt,yes,gis_credential,https://www.credly.com/users/sign_in,https://www.credly.com/users/sign_in
crejo.fun,none,,,https://crejo.fun/login,https://karmsakha.com/students/learning-and-jobs
crescenta.com,none,,,https://login.crescenta.com,https://login.crescenta.com/createAccount
crescentinvest.io,none,,,https://app.getcrescent.com/login,https://app.getcrescent.com/login
crexi.com,google_unknown,,gsi_only,https://crexi.com/login,https://crexi.com/login
crossbeam.com,none,,,https://app.crossbeam.com/login,https://app.crossbeam.com/login
crosser.io,none,,,https://cloud.crosser.io/,https://cloud.crosser.io/login
crowdaa.com,none,,,https://app.crowdaa.com/login,https://app.crowdaa.com/login
crowdai.com,none,,,https://crowdai.com/signin,https://crowdai.com/signin
crowdcow.com,none,,,https://crowdcow.com/login,https://www.crowdcow.com/
crowdfunder.com,none,,,https://www.crowdfunder.com/user/login,https://www.crowdfunder.com/user/login
crowdhouse.ch,none,,,https://login.crowdhouse.com,https://crowdhouse.com/ch/de/
crowdpac.com,none,,,https://crowdpac.com/login,https://crowdblue.com/user/login
crowdproperty.com,none,,,https://login.crowdproperty.com,https://login.crowdproperty.com/
crowdstreet.com,none,,,https://app2.crowdstreet.com/sign-in?type=password,https://app2.crowdstreet.com/sign-in?type=password
crowdstrike.com,none,,,https://crowdstrike.com/login,https://www.crowdstrike.com/en-us/login/
crowdz.io,none,,,https://crowdz.io/login,https://crowdz.io/login
crowe.com,none,,,https://www.crowe.com/login,https://www.crowe.com/login
crownaffair.com,none,,,https://www.crownaffair.com/account,https://www.crownaffair.com/account/login?return_url=%2Faccount
cruisebound.com,none,,,https://cruisebound.com/login,https://www.cruisebound.com/login
crunchyroll.com,none,,,https://crunchyroll.com/login,https://www.crunchyroll.com/login
cruworldwine.com,none,,,https://cruworldwine.com/login,https://uk.cruworldwine.com/
crystorama.com,none,,,https://crystorama.com/login,https://www.crystorama.com/login
cs.inc,none,,,https://cs.inc/login,https://cs.inc/login
csats.com,none,,,https://csats.com/login,https://csats.com/login
cshs.org,none,,,https://app.cedars-sinai.org/app.html,https://mycslink.cedars-sinai.org/mycslink/Authentication/Login
ctckw.com,none,,,https://www.ctckw.com/userlogin.aspx,https://www.ctckw.com/userlogin.aspx
cube.dev,none,,,https://cubecloud.dev/auth,https://cubecloud.dev/auth
culinaryagents.com,none,,,https://culinaryagents.com/login,https://culinaryagents.com/login
cultmia.com,none,,,https://account.cultmia.com/?locale=en&region_country=US&buyer_flags=eyJhbGciOiJIUzI1NiJ9.eyJpc3MiOiJjdWx0LW1pYS5teXNob3BpZnkuY29tIiwiZmxhZ3MiOltdLCJleHAiOjE3ODI1NzQ3MzcsIm5iZiI6MTc4MTk2OTkzN30.gpMi0eHD3oxUMJbAsJH5BHf4HBm8wnogusrR88p0bfw&consent_id=57ff8930-700d-4a40-8359-f6c109ad9e39&consent=a1m1p1,https://account.cultmia.com/authentication/login?client_id=b4b1475c-d21b-4387-ba88-2230eb4ff251&locale=en-US&redirect_uri=%2Fauthentication%2Foauth%2Fauthorize%3Fbuyer_flags%3DeyJhbGciOiJIUzI1NiJ9.eyJpc3MiOiJjdWx0LW1pYS5teXNob3BpZnkuY29tIiwiZmxhZ3MiOltdLCJleHAiOjE3ODI1NzQ3MzcsIm5iZiI6MTc4MTk2OTkzN30.gpMi0eHD3oxUMJbAsJH5BHf4HBm8wnogusrR88p0bfw%26client_id%3Db4b1475c-d21b-4387-ba88-2230eb4ff251%26locale%3Den-US%26nonce%3D9aaa1122-a805-4fea-8e03-6d19714545f8%26redirect_uri%3Dhttps%253A%252F%252Faccount.cultmia.com%252Fcallback%26region_country%3DUS%26response_type%3Dcode%26scope%3Dopenid%2Bemail%2Bcustomer-account-api%253Afull%26state%3DhWNDZKG4mMspfJuNvhSlokbu&region_country=US
culturealley.com,none,,,https://culturealley.com/login,https://forsale.godaddy.com/forsale/culturealley.com?utm_source=TDFS_BINNS2&utm_medium=parkedpages&utm_campaign=x_corp_tdfs-binns2_base&traffic_type=TDFS_BINNS2&traffic_id=binns2&
curiousthing.io,jwt,yes,response_type=id_token,https://app.curiousthing.io/signin,https://app.curiousthing.io/signin
curipod.com,none,,,https://curipod.com/login,https://curipod.com/login
currensea.com,none,,,https://currensea.com/login,https://www.currensea.com/login
cutbackcoach.com,none,,,https://app.sunnyside.co/login/phone,https://app.sunnyside.co/login/phone
cyberspray.com,none,,,https://www.HugeDomains.com/payment-plan-login.cfm,https://www.hugedomains.com/payment-plan-login.cfm
cyngn.com,none,,,https://cta-service-cms2.hubspot.com/web-interactives/public/v1/track/click?encryptedPayload=AVxigLKfihCi9M%2FoI6QPJl28D%2BJ9j8G0uP2WnaqWMLBcDiqYFZd2SAMaIepA%2FZHC1zkcvLCHmU5ATpLXjTAMf050xs9MmmMaczN9UU5Y4GAtGikq%2FVPjRKgSYrTNj2UFtR5Nj7qKfE5NKpklCNwoEzvRZ2sPQ2hU3yI645ALHuFZ7kj62K4%3D&portalId=8962390&webInteractiveContentId=159981597249&webInteractiveId=310520024329&containerType=EMBEDDED&pageUrl=https%3A%2F%2Fwww.cyngn.com%2F&pageTitle=Cyngn+%7C+Industrial+AMRs+to+Automate+Your+Material+Handling&referrer=&userAgent=Mozilla%2F5.0+%28Windows+NT+10.0%3B+Win64%3B+x64%29+AppleWebKit%2F537.36+%28KHTML%2C+like+Gecko%29+Chrome%2F124.0.0.0+Safari%2F537.36&hutk=ef6fd09e69c141799d109f90a724d255&hssc=53486327.1.1781977023276&hstc=53486327.ef6fd09e69c141799d109f90a724d255.1781977023275.1781977023275.1781977023275.1&pageId=194079023644&analyticsPageId=194079023644&canonicalUrl=https%3A%2F%2Fwww.cyngn.com&contentType=standard-page,https://insight.cyngn.com/login?hsCtaAttrib=159981597249
cypress.io,none,,,https://cloud.cypress.io/login,https://cloud.cypress.io/login
cyscale.com,none,,,https://cyscale.com/login,https://cyscale.com/404
cytora.com,none,,,https://uwp.cytora.com,https://uwp.cytora.com/
d-verse.com,none,,,https://d-verse.com/login,https://www.d-verse.com/login
damafinancial.com,none,,,https://www.leaflink.com/accounts/login/,https://auth.leaflink.com/u/login?state=hKFo2SB0WmJSNFJfZUdrUF9PRlh1dkZXVk1qS0lQVGtPRHB2a6Fur3VuaXZlcnNhbC1sb2dpbqN0aWTZIGl6cl9DUmZJY3d0anh0V3JSUlk3dk5hcDJyb2FoWnpko2NpZNkgcmZoMjhHc3dUMlpQQmROdEJPQUZUdkRQZGM5ZEJZYVA
dameproducts.com,none,,,https://dameproducts.com/login,https://dame.com/
dan.com,google_unknown,,gsi_only,https://sso.afternic.com/account/create?app=www&path=%2F&plid=497036&prog_id=AfterNIC&realm=idp,https://sso.afternic.com/account/create?app=www&path=%2F&plid=497036&prog_id=AfterNIC&realm=idp
darklang.com,none,,,https://login.darklang.com,https://darklang.auth0.com/u/login?state=hKFo2SB2NlVudWRPRDl3eEdOcklsYTVkOVYzdEpHQUxBVHJENaFur3VuaXZlcnNhbC1sb2dpbqN0aWTZIDlKQVhKbVFDMEYxUkxqcnVGS1Z1SjRjZzlfbS1wNXFIo2NpZNkgUVNPODNMSlRHSTNwTnNOdTUyck9SbFdSaHRNdDFrbkY
darwin.cx,none,,,https://app.darwin.cx/#/login?rd=/,https://identity.darwin.cx/?redirect_uri=https%3A%2F%2Fapp.darwin.cx%2F%23
dashworks.ai,none,,,,
databrokerdao.com,none,,,https://databrokerdao.com/signin,https://databrokerdao.com/signin
databutton.com,none,,,http://riff.new/home,https://riff.new/login?next=/home
datadeck.co,none,,,https://datadeck.co/login,https://datadeck.co/login
datafarming.com.au,code,,response_type=code,https://maps.datafarming.com/,https://auth.datafarming.com.au/login?state=hKFo2SBDWVY3dlF0VjVZRG1yendNSzJPZXhJYWw5OGlpV05YeaFupWxvZ2luo3RpZNkgOFQzT3UzY2JTNzM3WHJLYWpITmd1NU45bWh1T2IwMHSjY2lk2SBHTjFoSGpwMUNWVG50ZzBMblpacExJVnNXZTVkUEUxQg&client=GN1hHjp1CVTntg0LnZZpLIVsWe5dPE1B&protocol=oauth2&scope=openid%20profile%20email%20offline_access&redirect_uri=https%3A%2F%2Fmaps.datafarming.com%2Fauth%2Fcallback&audience=https%3A%2F%2Fapi.datafarming.com%2F&response_type=code&response_mode=query&nonce=YmpLSWdCQkJiZDVzMkx1aEpkZ25IYlNpbWQucExFRmpNLi14ZX5rSkNOWQ%3D%3D&code_challenge=NCXOqcF6WTQ_hGjoHvoJ_kE-dRkM6iMZDrNqmR0qCvE&code_challenge_method=S256&auth0Client=eyJuYW1lIjoiYXV0aDAtcmVhY3QiLCJ2ZXJzaW9uIjoiMi4yLjQifQ%3D%3D
dataiku.com,code,,response_type=code,https://profile.dataiku.com/?_gl=1*miqfe9*_ga*ODgwNTUwNzA4LjE2NzgxNzg0Mzc.*_ga_B3YXRYMY48*MTY4MjQyNDU5OC4xNTQuMS4xNjgyNDI1OTY4LjI5LjAuMA..,https://sso.dataiku.com/u/login/identifier?state=hKFo2SBGUXp4LXJEMy1CaXJibWVYODZUT0d3RHZELU41T1k0R6Fur3VuaXZlcnNhbC1sb2dpbqN0aWTZIG9MOHI1ZkgtRDl6Z1dDdE90dVE4bzlQQnV5NU1RS3E1o2NpZNkgb3BMbFMzUXJuSm85SVdoN2NvUmFUMkZ4aWlBekNIZzM
davidstea.com,none,,,https://davidstea.com/customer_authentication/redirect?locale=en&region_country=CA,https://account.davidstea.com/authentication/login?client_id=ab0fec5c-0aa3-4b03-af98-fe269a211cf8&locale=en-CA&redirect_uri=%2Fauthentication%2Foauth%2Fauthorize%3Fbuyer_flags%3DeyJhbGciOiJIUzI1NiJ9.eyJpc3MiOiI4N2UyNmUtNC5teXNob3BpZnkuY29tIiwiZmxhZ3MiOltdLCJleHAiOjE3ODI1ODQ0MzEsIm5iZiI6MTc4MTk3OTYzMX0.jBIZ9obCds4QMaoobObYQOZ0XPU9Dqhv7qPzcgWvga4%26client_id%3Dab0fec5c-0aa3-4b03-af98-fe269a211cf8%26locale%3Den-CA%26nonce%3Dfed05302-8cfa-43e0-9d45-66a27fd4057f%26redirect_uri%3Dhttps%253A%252F%252Faccount.davidstea.com%252Fcallback%26region_country%3DCA%26response_type%3Dcode%26scope%3Dopenid%2Bemail%2Bcustomer-account-api%253Afull%26state%3DhWNDZC6ZnWZUT53NDzJ1ca93&region_country=CA
dayrize.com,none,,,https://dayrize.com/login,https://dayrize.io/wp-login.php
dayslice.io,none,,ERR:dns,,
dbmclouds.com,none,,,https://dbmclouds.com/login,https://dbmclouds.com/
debitoor.com,none,,,https://debitoor.com/login,https://auth.sumup.com/flows/login?client_id=debitoor_public&login_challenge=50d5ca99033d4d00a5968ff73df2755d
decimated.net,none,,,https://decimated.net/login,https://decimated.net/login
decisionquest.com,none,,,https://decisionquest.com/login,https://trialquest.com/login
deepscribe.tech,none,,,http://canvas.deepscribe.ai/,https://deepscribe.auth0.com/u/login/identifier?state=hKFo2SBBYTVxcDU3SWVWV0s0X09kd3p6S2h4TmdxaXJDZVVHVaFur3VuaXZlcnNhbC1sb2dpbqN0aWTZIDNqLU52T09KWmJFUFdQd2NvVGx4bDVUUlJmbUdhdWM3o2NpZNkgN0VWM3FrbGhsMVdkMjBzbjBjR1RYdDE2eXNXUHN6Sno
defacto.com.tr,code,,response_type=code,https://defacto.com.tr/login,https://www.defacto.com.tr/login
default.com,code,,response_type=code,https://app.default.com/login,https://app.default.com/login
delightree.com,none,,,https://delightree.com/login,https://www.delightree.com/login
deliveristo.com,none,,,https://deliveristo.com/login,https://deliveristo.com/login
delysium.com,none,,,https://delysium.com/login,https://www.delysium.com/login
demandbase.com,none,,,https://demandbase.com/login,https://demandbase.com/login
demandjump.com,none,,ERR:dns,,
demodesk.com,code,,response_type=code,https://demodesk.com/manage/auth/login?seatType=ci,https://demodesk.com/manage/auth/login?seatType=ci
deolan.com,none,,,,
depop.com,google_unknown,,gsi_only,https://www.depop.com/signup/?origin=homepage.view,https://www.depop.com/signup/?origin=homepage.view
deporvillage.com,none,,,https://deporvillage.com/login,https://deporvillage.com/login
deribit.com,none,,,https://deribit.com/login,https://www.deribit.com/login
desalitech.com,none,,,https://desalitech.com/login,https://desalitech.com/login
deschoolonline.com,none,,,https://deschoolonline.com/signin,https://deschoolonline.com/signin
designcrowd.com,jwt,yes,response_type=id_token,https://designcrowd.com/login,https://www.designcrowd.com/login
designstripe.com,none,,,https://designstripe.com/login,https://visual.app/login
deskbookers.com,none,,,https://deskbookers.com/login,https://www.spacebase.com/en/login/?from=deskbookers
deskpro.com,none,,,https://deskpro.com/login,https://www.deskpro.com/login
destacame.cl,code,,response_type=code,https://app.destacame.cl/accounts/login/?next=%2Fsubscription%2Fpro,https://app.destacame.cl/accounts/login/?next=%2Fsubscription%2Fpro
devengo.com,none,,,https://controlpanel.sandbox.devengo.com/signup,https://controlpanel.sandbox.devengo.com/signup
deviantart.com,none,,,https://deviantart.com/login,https://deviantart.com/login
devicare.com,none,,,https://www.devicare.com/es/mi-cuenta,https://www.devicare.com/es/iniciar-sesion?back=my-account
devzero.io,none,,,https://devzero.io/login,https://www.devzero.io/login
dexatel.com,token,yes,response_type=token,https://dashboard.dexatel.com/sign-in/,https://dashboard.dexatel.com/sign-in/
dgraph.io,none,,,https://dgraph.io/login,https://dgraph.io/login
dhiwise.com,none,,,https://dhiwise.com/login,https://www.dhiwise.com/login
diagrid.io,none,,,https://portal.usepylon.com/diagrid/login,https://portal.usepylon.com/diagrid/login
dibtravel.com,none,,,https://dibtravel.com/login,https://dibtravel.com/.well-known/sgcaptcha/?r=%2Flogin&y=ipc:146.148.68.33:1781981578.763
didimo.co,none,,,https://didimo.co/login,https://didimo.co/login
different.cz,none,,,https://different.cz/login,https://different.cz/login
diffgram.com,none,,,https://diffgram.com/login,https://github.com/diffgram/diffgram
diffusion.studio,none,,,https://diffusion.studio/login,https://diffusion.studio/login
digger.dev,none,,,https://digger.dev/login,https://digger.dev/login
digiphy.it,code,,response_type=code,https://app.digiphy.it/login,https://app.digiphy.it/login
digit-software.com,none,,,https://app.digit-software.com/sign-in,https://app.digit-software.com/sign-in
digitalbrain.app,none,,,https://www.cloudflare.com/login?utm_source=error_100x,https://dash.cloudflare.com/login?utm_source=error_100x
digitalmarketinginstitute.com,none,,,https://my.digitalmarketinginstitute.com,https://my.digitalmarketinginstitute.com/auth/login?redirect=
dinari.com,none,,,https://dinari.com/login,https://dinari.com/login
dioxidematerials.com,none,,,https://dioxidematerials.com/login,https://dioxidematerials.com/wp-login.php
diro.io,none,,,https://client.diro.io/login#,https://client.diro.io/
discoverpeach.com,none,,,https://discoverpeach.com/login,https://discoverpeach.com/login
discuss.io,none,,,https://app.discuss.io/auth/login,https://app.discuss.io/auth/login
disney.com,none,,,https://disney.com/login,https://www.disney.com/login
dispatchit.com,none,,,https://app.dispatchit.com/users/sign_in,https://app.dispatchit.com/users/sign_in
displate.com,none,,,https://displate.com/login,https://displate.com/artist/login
disqus.com,none,,,https://disqus.com/publishers/signup/,https://disqus.com/pricing/
disruptthebay.org,google_unknown,,gsi_only,https://fortune.com/author/john-nosta/,https://fortune.com/author/john-nosta/
dissolve.com,google_unknown,,gsi_only,https://dissolve.com/login,https://dissolve.com/login
distru.com,none,,,https://app.distru.com/,https://app.distru.com/sign_in?returnUrl=%2F
divio.com,code,,response_type=code,https://control.divio.com/,https://auth.divio.com/realms/cloud-users/protocol/openid-connect/auth?client_id=control-panel&redirect_uri=https%3A%2F%2Fcontrol.divio.com%2F&response_type=code&scope=openid&state=2a6cb9e22a9b4129972cd267ee059a31&code_challenge=OVdjUtfeM5eADld3BrnzpRT4Ub38pC5Jy1_R1H2i6XQ&code_challenge_method=S256
diy.org,none,,,https://www.diy.org/login,https://www.diy.org/login
dnb.com,none,,,https://my.dnb.com/login,https://my.dnb.com/login
docontrol.io,none,,,https://app.docontrol.io/login,https://app.docontrol.io/login
docosan.com,none,,,https://docosan.com/login,https://www.docosan.com/
docsity.com,none,,,https://docsity.com/login,http://www.docsity.com/login
doctorcareanywhere.com,none,,,https://member.doctorcareanywhere.com/Account/Login?_gl=1*iosmyo*_gcl_aw*R0NMLjE3NzM4MzQ2MDAuQ2owS0NRandtdW5OQmhEYkFSSXNBT25kS3BrakJoM0Jpem95dDVrVm1OT2lwdzdtTHhlUFBBc2RmRGdWQ0Z1RFJ1dkM4NkRiUmlMSDctY2FBbVFkRUFMd193Y0I.*_gcl_au*Nzg5NTc0MDg1LjE3NzM1OTk1OTY.*_ga*MjA0MTM2ODYxMy4xNzczNTk5NTk0*_ga_NCXK35N8R0*czE3NzczNjk5MDkkbzU1JGcxJHQxNzc3MzcyNDMwJGo0MyRsMCRoMA..,https://accounts.doctorcareanywhere.com/dcaprodb2c.onmicrosoft.com/b2c_1a_signup_signin/oauth2/v2.0/authorize?client_id=d450265f-27be-409c-b65e-60cd6d4bdf03&redirect_uri=https%3A%2F%2Fmember.doctorcareanywhere.com%2Fcallback&response_type=code&scope=openid%20https%3A%2F%2Fdcaprodb2c.onmicrosoft.com%2Fdaa09b5c-d2c1-a64f-8717-a1424d84ac7d%2Ftoken.exchange&code_challenge=ZLB2HT7tLnQMuoYeXF0OIgHdexwiK8-5wescIdHSke8&code_challenge_method=S256&state=OpenIdConnect.AuthenticationProperties%3DMDv6DFD8iXTN9zoaYcQZM0A_CMp8Baai1XS5CT4FExM2jVv48KNOB-j3j6shOwsdrGOjcBTTCTy4Cg47LScL-4E0Hvai8vXMZ28TEX32m-VtrrkyOdaH7L-e6n4eOPdxQqYkZ3a6Vp2e1oXN6km1VzCgsYWPe0bZUEdbkFKwIhWgLXJEwDPXw24w1bXb9qu-uIVaLJ0Z8_rgtKzjeurtu-I4LUr2_d3mUEODxioP1Th2RIS3-ELr1qSliwc-1nkH4YcieNM8DkS-4SQ8AYUvgbCm1_aLAgzczV93fsYRkb6Ktqiy5xoBLVr1QWmSWE_Kd1rNkNFayQ7Aik9hcj_1izFJQviPqAAg01cnajGvHc9B-kGOfJ88LLpn7sA9vxzGMN01DOq9O9j8PKLxIi_lvoSB0HwQixzROhXqARC76O2QudWx1l5HCF_u5RdixiG7WKXj6MqfGHnV6l-Gzf86Unvlqj8e1k7E2Io-uFODogwgTtQv_QWYFBisAd1M_wZ3fFpEhoAF3ghf82M5kW5MW9jWEoNMw3boOWvr58Hw_Ywk_vcw9jiydHuQS2Ms0OUz18wCK9D899xVqB4VzYowphh52PQ-u77s5qoFabIb4zfspU_7YU4Ebs7dVjMj-ZZJVa9hSiK6X-TvowRtAXTJ4zf0NS9XU66XFHwErWNo4psNsueLXKscektEZFjsMAtXqNRYbsbadYf-hzAS_tCz74buNAo&response_mode=form_post&nonce=639175761958967758.NTdiNDhhZTYtM2ZhOC00ZWU5LWExM2ItNTJjNWM5Mjk3ZjQ3N2ZmYTBiNmItNDlhYy00ZGYyLThkNDMtOGE3ODczZTBhZTBk&x-client-SKU=ID_NET472&x-client-ver=7.6.3.0
doctorflix.de,none,,,https://app.doctorflix.de/de/einloggen?landing_page=https%3A%2F%2Fdoctorflix.de%2F,https://app.doctorflix.de/de/einloggen?landing_page=https%3A%2F%2Fdoctorflix.de%2F
domainmoney.com,jwt,yes,response_type=id_token,https://app.domainmoney.com,https://app.domainmoney.com/
domuso.com,none,,,https://auth.domuso.com/signIn,https://auth.domuso.com/signIn
doola.com,none,,,https://app.doola.com/login,https://app.doola.com/login
doorhub.io,none,,ERR:dns,,
dosejuice.com,none,,,https://dosejuice.com/login,https://dosejuice.com/login
dover.com,code,,response_type=code,https://app.dover.com,https://doverapp.auth0.com/u/login?state=hKFo2SBDWjZ2Q0p2X3hiSTYzdlZrVmduMmxlUVZEQjlpLW1FV6Fur3VuaXZlcnNhbC1sb2dpbqN0aWTZIHhrWkRiYzBzRUg4WEhyb0tPU3ZVNDZaVTJBQVVSOHNmo2NpZNkgN0xZeGlDTUc0TGlvNXE1WHE3ZThkN25TM1VBekxab20
dovly.com,google_unknown,,gsi_only,https://app.dovly.com/login/,https://app.dovly.com/login
doxy.me,none,,,https://doxy.me/v2/sign-in,https://doxy.me/v2/sign-in/
dplfp.com,none,,,https://dplfp.com/login,https://www.dplfp.com/login
dreamdata.io,none,,,https://app.dreamdata.io,https://authenticate.dreamdata.io/en/login?rt=aHR0cHM6Ly9hcHAuZHJlYW1kYXRhLmlvLw%3D%3D
drinkdesoi.com,none,,,https://drinkdesoi.com/login,https://drinkdesoi.com/login
drinkhydrant.com,none,,,https://drinkhydrant.com/login,https://www.drinkhydrant.com/login
drinkmoment.com,none,,,https://drinkmoment.com/login,https://drinkmoment.com/login
drinkolipop.com,none,,,https://drinkolipop.com/login,https://drinkolipop.com/login
drinkspindrift.com,none,,,https://shopify.com/19625173/account/profile?locale=en&region_country=US&buyer_flags=eyJhbGciOiJIUzI1NiJ9.eyJpc3MiOiJzcGluZHJpZnRmcmVzaC5teXNob3BpZnkuY29tIiwiZmxhZ3MiOltdLCJleHAiOjE3ODI1ODcwNTAsIm5iZiI6MTc4MTk4MjI1MH0.hiTsKvQDHkkAi2u2SBz77zTYM2sVKfRJusG3Z8wC3Cs,https://shopify.com/authentication/19625173/oauth/authorize?buyer_flags=eyJhbGciOiJIUzI1NiJ9.eyJpc3MiOiJzcGluZHJpZnRmcmVzaC5teXNob3BpZnkuY29tIiwiZmxhZ3MiOltdLCJleHAiOjE3ODI1ODcwNTAsIm5iZiI6MTc4MTk4MjI1MH0.hiTsKvQDHkkAi2u2SBz77zTYM2sVKfRJusG3Z8wC3Cs&client_id=d49a83d2-c75a-4c4b-b266-7f45f90d984d&locale=en-US&nonce=74887c01-2991-495e-a8f7-48c90afe327b&redirect_uri=https%3A%2F%2Fshopify.com%2F19625173%2Faccount%2Fcallback&region_country=US&response_type=code&scope=openid+email+customer-account-api%3Afull&state=hWNDZGXLTxToCnKZBUhIWz9W
drinktreo.com,none,,,https://drinktreo.com/login,https://drinktreo.com/login
dripshop.live,none,,,https://dripshop.live/login,https://www.dripshop.live/streams/login
drivecaramel.com,none,,,https://www.drivecaramel.com/sign-up,https://www.drivecaramel.com/sign-up
drivemyway.com,none,,,https://match.drivemyway.com/login,https://match.drivemyway.com/login
driverhero.de,code,,response_type=code,https://app.workerhero.com/auth/login?utm_source=undefined,https://app.workerhero.com/auth/login?utm_source=undefined
driveyoyo.com,none,,,https://driveyoyo.com/login,https://driveyoyo.com/login
dronebase.com,none,,ERR:dns,,
droneharmony.com,none,,,https://www.droneharmony.com/login,https://www.droneharmony.com/login
dronelogbook.com,none,,,https://dronelogbook.com/login,https://dronelogbook.com/login
dropcatch.com,none,,,https://dropcatch.com/login,https://www.dropcatch.com/404
dropz.com,none,,,https://dropz.com/login,https://dropz.com/login
drumsfood.com,none,,,https://drumsfood.com/login,https://drumsfood.com/login
duckcamp.com,none,,,https://duckcamp.com/customer_authentication/redirect?locale=en&region_country=US,https://account.duckcamp.com/authentication/login?client_id=eaf1e59e-b9b9-4651-94bf-964ec2f50121&locale=en-US&redirect_uri=%2Fauthentication%2Foauth%2Fauthorize%3Fbuyer_flags%3DeyJhbGciOiJIUzI1NiJ9.eyJpc3MiOiJkdWNrLWNhbXAtY28ubXlzaG9waWZ5LmNvbSIsImZsYWdzIjpbXSwiZXhwIjoxNzgyNTg1NjI3LCJuYmYiOjE3ODE5ODA4Mjd9.UnDHIUlca3uUz5eM3jjVwsoxoJJZfJvKkJBRucxiUZc%26client_id%3Deaf1e59e-b9b9-4651-94bf-964ec2f50121%26locale%3Den-US%26nonce%3D0eec6e69-07cf-43a2-8874-d8b6dabca924%26redirect_uri%3Dhttps%253A%252F%252Faccount.duckcamp.com%252Fcallback%26region_country%3DUS%26response_type%3Dcode%26scope%3Dopenid%2Bemail%2Bcustomer-account-api%253Afull%26state%3DhWNDZE7oPpmuXyYmvQLEg9C5&region_country=US
duffel.com,none,,,https://app.duffel.com/sign-in,https://app.duffel.com/sign-in
dukkantek.com,none,,,https://dukkantek.com/login,https://dukkantek.com/login
duokan.com,none,,,,
duramarktechnologies.com,none,,,https://duramarktechnologies.com/login,https://duramarktechnologies.com/login
dust.tt,none,,,https://dust.tt/login,https://dust.tt/login
duuoo.io,none,,,https://duuoo.io/login,https://www.duuoo.io/
dyspatch.io,none,,,https://www.dyspatch.io/login/,https://www.dyspatch.io/login/
dyzedesign.com,none,,,,
e2open.com,none,,,https://e2open.com/login,https://www.e2open.com/login
eaglealpha.com,none,,,https://www.eaglealpha.com/login/,https://www.eaglealpha.com/login/
eagronom.com,none,,,https://farm.eagronom.com/user_auth_sessions/new,https://farm.eagronom.com/user_auth_sessions/new
easyexpunctions.com,none,,,https://easyexpunctions.com/login,https://www.easyexpunctions.com/
easypol.io,none,,,https://easypol.io/login,https://easypol.io/404
eatbanza.com,none,,,https://eatbanza.com/login,https://www.eatbanza.com/login
eatgrim.com,none,,,https://eatgrim.com/login,https://eatgrim.com/login
ebth.com,none,,,https://ebth.com/login,https://www.ebth.com/login
ebu.ch,none,,,https://ebu.ch/login,https://www.ebu.ch/login
ecal.com,none,,,https://admin.ecal.net/login?&_ga=2.102701001.993027415.1748307048-69689435.1748307048&_gl=1*l00k3u*_ga*MTUyMTQ4NzQ0NS4xNzQ4MjM5MTgw*_ga_NZBBZRHTSV*czE3NDgzMDYwNzQkbzEwOCRnMCR0MTc0ODMwNzA0OCRqNjAkbDAkaDAkZDBrUlUzR0U4aEpfX0xad2VwY1BUM1FlWllfYkVPYk1IWHc.*_gcl_au*ODQxNTM1Mzk1LjE3NDIzNjI3MTk.,https://app.ecal.com/login?&_ga=2.102701001.993027415.1748307048-69689435.1748307048&_gl=1*l00k3u*_ga*MTUyMTQ4NzQ0NS4xNzQ4MjM5MTgw*_ga_NZBBZRHTSV*czE3NDgzMDYwNzQkbzEwOCRnMCR0MTc0ODMwNzA0OCRqNjAkbDAkaDAkZDBrUlUzR0U4aEpfX0xad2VwY1BUM1FlWllfYkVPYk1IWHc.*_gcl_au*ODQxNTM1Mzk1LjE3NDIzNjI3MTk.
ecarevault.com,none,,,https://ecarevault.com/login,https://ecarevault.com/login
echoeshq.com,none,,,https://echoeshq.com/login,https://echoeshq.com/login
echopixeltech.com,none,,,https://echopixeltech.com/login,https://echopixeltech.com/login
ecobase.earth,none,,,https://portal.ecobase.earth/login,https://portal.ecobase.earth/login
ecoflow.com,none,,,https://ecoflow.com/login,https://us.ecoflow.com/login
ecomedes.com,none,,,https://ecomedes.com/login,https://www.ecomedes.com/login
ecometrixo.com,none,,,https://ecometrixo.com/login,https://ecometrixo.com/login
ecubelabs.com,none,,,https://ecubelabs.com/login,https://www.ecubelabs.com/wp-login.php
edapp.com,none,,,https://app.safetyculture.com/sign-up?referrer=training,https://app.safetyculture.com/sign-up?referrer=training
edc.ca,none,,,https://www.edc.ca/en/my-account/login-b2c.html?target=/en/my-account/home.html?productIntent=Subscription_!_Account+Creation_!_,https://auth.edc.ca/fd1995d3-4618-487b-a046-22260db17e72/B2C_1A_AEM_SignUpOrSignIn_SAML/samlp/sso/login?SAMLRequest=fZJRT4MwFIX%2FCuk7K3QMWDOW4GbikqmLmz74QkopWxNosbeI%2FnvL5qK%2B%2BNSb9Nzz9Z7bBbC26Wje25N6Em%2B9AOt9tI0Cer7IUG8U1QwkUMVaAdRyus%2Fvt5RMAtoZbTXXDfJyAGGs1GqlFfStMHth3iUXz0%2FbDJ2s7YBiPAzDRFR8whluP12BmaPi0Y3g3eP%2BgLy1w0vFRqOftlF17aurcD6fVVM%2FisPUj9Kk9FkQxT4hJA6qMkxEQvANWRVhXuS398VeHtVz92jGc6OKkYXPg2EAjRt9lAp5m3WGijmPecDrdMrquk55OQ14GsckSYWr6yh0MoBebBRYpmyGSEBiP3Dk4BAmdJrSaP6KvN13IjdSVVId%2F4%2BvvIiA3h0OO%2F%2BSwIswcJ7eCdByMb6VnsHm11r%2Bt2XXXaDlNUKX3iDKrjN%2BPJuMeUJ3TRROsix1I%2BxpgX%2FRLuiOPjj7zXqnG8k%2Fvbxp9LAyglmRoRDh5aXl7%2FdZfgE%3D&RelayState=%2Fen%2Fmy-account%2Fhome.html%3FproductIntent%3DSubscription_!_Account%20Creation_!_
edenai.co,jwt,yes,response_type=id_token,https://app.edenai.run/user/login,https://app.edenai.run/login?to=%2Fuser%2Flogin
edfapay.com,none,,,https://app.edfapay.com/,https://app.edfapay.com/sign-in
edgardcooper.com,none,,,https://edgardcooper.com/login,https://us.edgardcooper.com/?cc2=US
edgegap.com,none,,,https://app.edgegap.com/auth/login,https://app.edgegap.com/auth/login
edia.app,code,,response_type=code,https://edia.app/login,https://edia.app/login
edlight.com,none,,,https://app.edlight.com/login,https://app.edlight.com/login
edsurge.com,none,,,https://edsurge.com/login,https://www.edsurge.com/login
edu-nation.net,jwt,yes,response_type=id_token,https://lb.edu-nation.net,https://app.edu-nation.net/
educate-online.org,none,,,https://educate-online.org/login,https://www.flylane.com/
educationdynamics.com,none,,,https://educationdynamics.com/login,https://adfs.educationdynamics.com/adfs/ls/?client-request-id=7737ab9b-5d01-4353-80d4-66bf5ca23ac1&username=&wa=wsignin1.0&wtrealm=urn%3afederation%3aMicrosoftOnline&wctx=estsredirect%3d2%26estsrequest%3drQQIARAAlZE_aNRQHMfzLtfaHv5JDwTB5YaeQ0v-vJeXlz9Q8BBiEY6KDp6gyC95L16kuaRJjtBONzh0FMe6SCc5QUQdxEVdRLrYwcnFjiKC4nTiIie4WcHlC1_48uXz5bskE83wFsG0XGxgUInNmEqZzVTXxIbKIsGZyzBzOOTNhnLvoV2h65fPjd5HL6_teq930EnBhyGUcTrgmwNI4rDQwjQZo-V-WWaFp-tVVWl_zehVpgJP4oH-HKF9hD4hNK6ddbEtAJiNeWCZAaEB48x1DAgoc2jg2MKwXB44JjiGRSOGuRMCCEpDQ1ALIPhQO7HWGZZ9MpU0j7fE99p8lObJjSwtyh156TdX2-y0id8m_qF0beKP5dN_RtzMIetrSRzmaZFG5TTwRF7EkTAZp64a0NBWKQZDhak1Is4IDhwuXGdP9v5Rog8LkWu5AN5KMzGIeUskEK-3sjyN4nWxX0ef60cN2ZubayjSKaklTepod6bZUO6P8LtHz277d3sjeLNyRtqb0QGynt-9mlxKzkOvwzvDcNW60AvWqg3eJ8u9i7kZb9yCrn-FdFccD9-ZRd9m0fYR6cX8_3z16pg0Of72548HXz4-_br6WJEOFOlgQZosKNtN6Rc1#
eezee.com.sg,none,,ERR:dns,,
efabless.com,none,,,https://efabless.com/login,https://efabless.com/login
efg.gg,none,,,https://efg.gg/login,https://eslfaceitgroup.com/
egoras.com,none,,,https://egoras.com/login,https://egoras.com/login
ehealthnowsolutions.com,none,,,,
eideasy.com,none,,,https://id.eideasy.com/,https://id.eideasy.com/
ekincare.com,none,,,https://app.ekincare.com/login,https://app.ekincare.com/login
eko.investments,none,,,https://eko.investments/login,https://eko.investments/login
ekool.eu,none,,,https://login.ekool.eu/#/en/,https://login.ekool.eu/#/en/
electives.io,none,,,https://app.electives.io/account,https://app.electives.io/account
elektrahealth.com,none,,,https://hub.elektrahealth.com/full-login,https://hub.elektrahealth.com/full-login
eleos.health,none,,,https://eleos.health/login,https://eleos.health/wp-login.php
elevenlabs.io,none,,,https://elevenlabs.io/login,https://elevenlabs.io/login
elicit.com,code,,response_type=code,https://elicit.com/users/auth?show=signin,https://elicit.com/users/auth?show=signin
elion.health,none,,,https://elion.health/login,https://elion.health/login
elodin.systems,none,,,,
eluv.io,none,,,https://eluv.io/login,https://eluv.io/
elvah.de,none,,,https://hub.elvah.de/sign-in?utm_source=hs_email&utm_medium=email,https://hub.elvah.de/sign-in?utm_source=hs_email&utm_medium=email
emma.ca,none,,,https://emma.ca/login,https://emma.ca/login
emma.ms,none,,,https://portal.emma.ms/login,https://portal.emma.ms/login
emperorchampagne.com.au,none,,,https://emperorchampagne.com.au/customer_authentication/redirect?locale=en&region_country=AU,https://shopify.com/authentication/19221617/login?client_id=ec835b4f-eb28-4cb8-b9d8-5ef92bd2b243&locale=en-AU&redirect_uri=%2Fauthentication%2F19221617%2Foauth%2Fauthorize%3Fbuyer_flags%3DeyJhbGciOiJIUzI1NiJ9.eyJpc3MiOiJlbXBlcm9yLW9ubGluZS5teXNob3BpZnkuY29tIiwiZmxhZ3MiOltdLCJleHAiOjE3ODI1ODcyODYsIm5iZiI6MTc4MTk4MjQ4Nn0.hpdesaqs1eDREcTvJFcsmODKIx3TYvaaUi_e-Pz7hzM%26client_id%3Dec835b4f-eb28-4cb8-b9d8-5ef92bd2b243%26locale%3Den-AU%26nonce%3Db6b2a005-c562-4d1e-8c31-ee81ded3530c%26redirect_uri%3Dhttps%253A%252F%252Fshopify.com%252F19221617%252Faccount%252Fcallback%26region_country%3DAU%26response_type%3Dcode%26scope%3Dopenid%2Bemail%2Bcustomer-account-api%253Afull%26state%3DhWNDZGvTOTfFqLRFqILlWYVe&region_country=AU
empirehempco.com,none,,,https://empirehempco.com/login,https://www.empirehempco.com/login
emporatitle.com,code,,response_type=code,https://app.emporatitle.com/,https://empora.us.auth0.com/u/login?state=hKFo2SBReTNoUnR0S3lGTWwwZVB5SG1nYjdZU1p0el90NkdqSqFur3VuaXZlcnNhbC1sb2dpbqN0aWTZIDNpdm8tV1pmMnVDVTQxS2NVbDkwNFlaT3hkUk1qdEpjo2NpZNkgVmE4cEJLWXF6V2pTNk5HVktxcnoxdUpadGNpc05EcFk
emtech.com,none,,,https://app.emtech.com,https://auth.emtech.com/realms/FSP/protocol/openid-connect/auth?client_id=react-auth&redirect_uri=https%3A%2F%2Fapp.emtech.com%2F%3FconfigHash%3D63fde4fa&response_type=code&scope=openid+profile&state=157493dc59df42aaa72d2e458637b0e5&code_challenge=FRi8AiD7HzQoQNUXcG7ejPHCKDBqAtj-KV4kQCFJfWc&code_challenge_method=S256&response_mode=query
enaia.co,none,,,https://enaia.co/sign_up,https://enaia.co/sign_up
endeavor.org,none,,,https://endeavor.org/login,https://endeavor.org/wp-login.php
endel.io,none,,,https://endel.io/login,https://endel.io/login
engagio.com,none,,,https://engagio.com/login,https://engagio.com/login
enginsight.com,none,,,https://app.enginsight.com/#/signup,https://app.enginsight.com/-/#/sites/sign-up
eni.com,none,,,https://eni.com/login,https://eni.com/login
enkash.com,none,,,https://home.enkash.com/login?source=nav-bar,https://home.enkash.com/login?source=nav-bar
ensodata.com,none,,,https://dashboard.ensodata.com/login,https://dashboard.ensodata.com/login
entendre.finance,none,,,https://entendre.finance/login,https://entendre.ai/login/
envel.ai,none,,,https://envel.ai/login,https://envel.ai/login
epigamia.com,none,,,https://epigamia.com/login,https://epigamiastore.com/login
epsagon.com,none,,ERR:dns,,
equidateinc.com,none,,,https://equidateinc.com/login,https://equidateinc.com/login
equitybee.com,code,,response_type=code,https://equitybee.com/login,https://equitybee.com/login
equitysim.com,none,,,https://equitysim.com/login,https://equitysim.com/login
erply.com,none,,,https://go.erply.com/login,https://go.erply.com/login
ert.com,none,,,https://ert.com/login,https://clario.com/contact/customer-portal/
erthos.com,none,,,https://erthos.com/login,https://erthos.com/.well-known/sgcaptcha/?r=%2Flogin&y=ipc:136.113.40.206:1781982470.537
esage.cn,none,,,https://esage.cn/login,https://esage.cn/login
esgbook.com,none,,,https://auth.esgbook.com/u/login?state=hKFo2SBiYnBVd004V1prUDhocHFSS0JRUjhzYURWQmNIYnZUaKFur3VuaXZlcnNhbC1sb2dpbqN0aWTZIGpEME5ndHZpS2ZSeDRvUWVXZS1WeElISFBHM2JGYkJpo2NpZNkgQjNFQkhPbkRheGxrekEweExFcHpmUFJHZ2FycFJMZlU,https://app.esgbook.com/?iss=https%3A%2F%2Fauth.esgbook.com%2F
eshakti.com,none,,,https://eshakti.com/signin,https://eshakti.com/signin
esky.pl,none,,,https://esky.pl/login,https://esky.pl/login
estateguru.co,none,,,https://estateguru.co/login,https://estateguru.co/.well-known/sgcaptcha/?r=%2Flogin&y=ipc:136.113.108.52:1781984539.076
estimize.com,none,,,https://estimize.com/login,https://www.estimize.com/login
estmob.com,none,,,https://estmob.com/login,https://estmob.com/login
eterneva.com,none,,,https://eterneva.com/login,https://www.eterneva.com/login
etf.com,none,,,https://etf.com/login,https://www.etf.com/login
etsy.com,none,,,https://etsy.com/login,https://www.etsy.com/signin
eved.com,none,,,https://web.eved.com/#/login,https://web.eved.com/#/login
eventfrog.ch,none,,,https://eventfrog.ch/login,https://eventfrog.ch/de/login.html
evercast.us,none,,,https://app.evercast.us/?__hstc=17958374.0f4c3d1453e96419a92fc795fa2e4560.1736343488722.1739468855194.1739478450765.89&__hssc=17958374.2.1739478450765&__hsfp=3254787884&_gl=1*rijlwg*_ga*MzY3MzY0NTU3LjE3MzYzNDM0ODg.*_ga_XFZYMQN8CV*MTczOTQ2MzY0NC4zOC4xLjE3Mzk0Nzg0NjguNDEuMC4w,https://app.evercast.us/?__hstc=17958374.0f4c3d1453e96419a92fc795fa2e4560.1736343488722.1739468855194.1739478450765.89&__hssc=17958374.2.1739478450765&__hsfp=3254787884&_gl=1*rijlwg*_ga*MzY3MzY0NTU3LjE3MzYzNDM0ODg.*_ga_XFZYMQN8CV*MTczOTQ2MzY0NC4zOC4xLjE3Mzk0Nzg0NjguNDEuMC4w
everfest.com,none,,ERR:dns,,
evergage.com,none,,,https://evergage.com/login,https://www.salesforce.com/products/marketing-cloud/customer-interaction/
evergreen.de,none,,,https://mein.evergreen.de/anmelden,https://mein.evergreen.de/anmelden
everlane.com,none,,,https://everlane.com/login,https://www.everlane.com/login
everli.com,none,,,https://everli.com/login,https://it.everli.com/en/404
everwash.com,none,,,https://app.everwash.com/?_gl=1*vjry0v*_gcl_au*MzExOTk1NzgxLjE3MzcwNzQwMzk.*_ga*MTU5NjQwOTQ0OS4xNzM3MDc0MDQx*_ga_VG18BKSM4Y*MTc0MDA3NTg5My40MS4xLjE3NDAwNzkyMjQuMC4wLjA.#login,https://app.everwash.com/?_gl=1*vjry0v*_gcl_au*MzExOTk1NzgxLjE3MzcwNzQwMzk.*_ga*MTU5NjQwOTQ0OS4xNzM3MDc0MDQx*_ga_VG18BKSM4Y*MTc0MDA3NTg5My40MS4xLjE3NDAwNzkyMjQuMC4wLjA.#login
every.io,none,,,https://app.every.io/login,https://app.every.io/login
everyware.com,none,,,https://portal.everyware.com/Account/Login,https://portal.everyware.com/Account/Login
evidation.com,none,,,https://my.evidation.com/login,https://my.evidation.com/login
evidencity.com,none,,,https://evidencity.com/login,https://www.evidencity.com/login
evine.com,none,,,,
evivenutrition.com,none,,,https://evivenutrition.com/login,https://evivenutrition.com/login
evo.com,none,,,https://evo.com/login,https://www.evo.com/login
evoqua.com,none,,,https://evoqua.com/login,https://evoqua.com/login
evos.com.au,none,,,https://evos.app/,https://evos.app/#error=login_required&state=805c0378-607a-42b0-b732-15d217d3dd7d&iss=https%3A%2F%2Fauth.evos.app%2Frealms%2Fevos
evvy.com,none,,,https://my.evvy.com/login/,https://my.evvy.com/login/
ex.co,google_unknown,,gsi_only,https://login.ex.co/login,https://login.ex.co/login
exchange.art,none,,,https://exchange.art/login,https://exchange.art/404
execthread.com,jwt,yes,response_type=id_token,https://execthread.com/login,https://execthread.com/login
exfo.com,none,,,https://exfo.com/login,https://www.exfo.com/login
exium.net,none,,,https://exium.net/login,https://exium.net/login
exotel.com,none,,,https://exotel.com/login,https://exotel.com/login
exoticca.com,none,,,https://exoticca.com/login,https://www.exoticca.com/us/404
experify.io,none,,,https://experify.io/login,https://experify.io/lander
explo.co,google_unknown,,gsi_only,https://app.explo.co/login,https://app.explo.co/login
extensis.com,none,,,https://buy.extensis.com/,https://auth.extensis.com/oauth2/austknddvooXjPkVO5d6/v1/authorize?response_type=code&client_id=0oandlo9h8ioGl3g65d7&state=dEQ4ZV9rWjVqZEViNG9uOElXNmg1Vk5XYTFudk9KYTRZbXpMQ3ROYkZ-cXIz&redirect_uri=https%3A%2F%2Fbuy.monotype.com%2Fcontinue&scope=openid%20profile%20email%20address%20offline_access&code_challenge=xe8s4gQjwDXBNIhpGeiAHJoUpl_zc4z6_mZ4bDwaExA&code_challenge_method=S256&nonce=dEQ4ZV9rWjVqZEViNG9uOElXNmg1Vk5XYTFudk9KYTRZbXpMQ3ROYkZ-cXIz
extracker.com,code,,response_type=code,https://www.clearstory.build/cs/c/?cta_guid=f940e534-f4d3-4cb7-a110-f294d8150adb&signature=AAH58kFxyKwA3YnWY_WfR2L4wivS9LCU1Q&portal_id=6996786&pageId=197250506808&placement_guid=0b3aac0a-df80-4c83-808f-a0bf08252a48&click=c1a087d3-8929-4a93-a457-7913edccfdbd&redirect_url=APefjpFId8jYk2v7HUKKluHlGasTu__uDGuhKqK25uv_nu0CG1xY7DTtsOyrnE6npMIlQ09syCdUDYCoMuIKpFh1EVOGz8G-ntyY1eZBOpBz0etYyw_E76IHCBuPexvzZQjuCDaR-IGO&hsutk=cbaeca7508b24f9013864ee310fccc80&canon=https%3A%2F%2Fwww.clearstory.build%2F&ts=1781980285866&__hstc=85736646.cbaeca7508b24f9013864ee310fccc80.1781980288399.1781980288399.1781980288399.1&__hssc=85736646.1.1781980288399&__hsfp=754f769d5c6cb91903196b3d8be0efce&contentType=standard-page,https://auth.clearstory.build/u/login/identifier?state=hKFo2SBteUthN0tHdjJBOWs0eVdBeUJQUVBtZVdIaHd1WktENKFur3VuaXZlcnNhbC1sb2dpbqN0aWTZIHhDYVo2RjI0U0RlTFJTdUVNVFJSRy0yajFyQ1ZkdUxko2NpZNkgM2d1VENqUFRWWG5xdzdUSkZ4RmlicVd2VWdxM2ZsVFU
ezewholesale.com,none,,,https://ezewholesale.com/login,https://www.ezewholesale.com/login
eztexting.com,code,,response_type=code,https://spa.eztexting.com/,https://spa.eztexting.com/guest/login
factal.com,none,,,https://factal.com/login,https://www.factal.com/login
factorialhr.com,none,,,https://factorialhr.com/login,https://factorialhr.com/login
factoryfix.com,none,,,https://admin.factoryfix.com/login,https://admin.factoryfix.com/login
factris.com,none,,,https://factris.com/login,https://www.factris.com/en/404-error/
fairmarkit.com,none,,,https://app.fairmarkit.com/login,https://app.fairmarkit.com/login
fairygodboss.com,code,,response_type=code,https://fairygodboss.com/login,https://fairygodboss.com/login
falcon.io,none,,,https://www.brandwatch.com/legal/author-privacy-policy/,https://www.brandwatch.com/legal/author-privacy-policy/
familywellhealth.com,none,,,https://familywellhealth.com/login,https://familywellhealth.com/login
fan.school,code,,response_type=code,https://fan.school/login,https://fan.school/login
fanbasis.com,code,,response_type=code,https://www.fanbasis.com/login,https://www.fanbasis.com/login
fanbound.com,none,,,https://direct.me/login,https://direct.me/login
fantasylife.com,none,,,https://fantasylife.com/login,https://www.fantasylife.com/login
farm21.tech,none,,ERR:dns,,
farmshelf.com,none,,,https://farmshelf.com/login,https://farmshelf.com/login
farmtogether.com,none,,,https://farmtogether.com/login,https://farmtogether.com/login
fashwire.com,none,,,https://fashwire.com/login,https://fashwire.com/login
fatlama.com,none,,,https://fatlama.com/login,https://hygglo.com/uk/login
fattmerchant.com,none,,,https://fattmerchant.com/login,https://staxpayments.com/login
fcqplatform.com,none,,ERR:dns,,
feast-it.com,code,,response_type=code,https://togather.com/login,https://togather.com/login
feastables.com,none,,,https://feastables.com/login,https://feastables.com/login
feathery.tech,code,,response_type=code,https://app.feathery.io,https://app.feathery.io/
federa.com,none,,,https://federa.com/login,https://federa.com/login
fedml.ai,jwt,yes,response_type=id_token,https://fedml.ai/login,https://fedml.ai/login
fergus.com,none,,,https://app.fergus.com/auth/login,https://app.fergus.com/auth/login
fermyon.com,none,,,https://fermyon.com/login,https://www.fermyon.com/login
fernish.co,none,,,https://fernish.co/login,https://fernish.com/users/sign_in
fibr.ai,none,,,https://fibr.ai/login,https://fibr.ai/login
fidel.uk,none,,,https://fidel.uk/login,https://www.fidelapi.com/
fido.id,none,,,https://fido.id/login,https://trustfull.com/
fieldagent.net,none,,,https://fieldagent.net/login,https://storesight.com/login
fieldcomplete.com,none,,,https://login.mrtask.com,https://login.mrtask.com/
figopara.com,none,,,https://figopara.onelink.me/W0pX?pid=Website&c=app_icon&af_web_dp=https%3A%2F%2Fportal.figopara.com%2Flogin%3Futm_source%3DWebsite%26utm_medium%3D%26utm_campaign%3D%26channel_code%3DWebsite,https://apps.apple.com/tr/app/figopara/id6447234926
figure.com,none,,,https://www.figure.com/account/heloc/register/,https://www.figure.com/account/heloc/register
figured.com,none,,,https://my.figured.com/,https://my.figured.com/login
fileandserve.com,none,,,https://www.fileandservexpress.com/login/,https://www.fileandservexpress.com/login/
filestage.io,none,,,https://filestage.io/login,https://filestage.io/login
filmhub.com,none,,,https://app.filmhub.com/login?utm_source=filmhub.com&utm_medium=login&utm_campaign=homepage,https://app.filmhub.com/login?utm_source=filmhub.com&utm_medium=login&utm_campaign=homepage
finally.com,none,,,https://apply.finally.com/product-login,https://apps.finally.com/product-login
finaloffer.com,none,,,https://finaloffer.com/login,https://www.finaloffer.com/login
finaloop.com,none,,,https://home.finaloop.com/login,https://home.finaloop.com/login
finary.io,none,,ERR:dns,,
finbee.lt,none,,,https://finbee.lt/login,https://www.finbee.lt/login
finder.com,jwt,yes,response_type=id_token,https://www.finder.com/user-profile/sign-in,https://www.finder.com/user-profile/sign-in
findheadway.com,none,,,https://findheadway.com/login,https://headway.co/login
findiq.de,none,,,https://findiq.de/login,https://findiq.de/login
findmyfactory.eu,code,,response_type=code,https://sci.findmyfactory.eu,https://sci.findmyfactory.eu/
finexio.com,none,,,https://portal.finexio.com/#/,https://admin.finexio.com/login
fingerprintjs.com,none,,,https://dashboard.fingerprint.com/login,https://dashboard.fingerprint.com/login
finiite.com,none,,ERR:dns,,
finishers.com,none,,,https://finishers.com/login,https://www.finishers.com/login
finisterre.com,none,,,https://finisterre.com/login,https://finisterre.com/login
finmark.com,none,,,https://finmark.com/login,https://www.bill.com/
finmo.net,none,,,https://dashboard.finmo.net/signup,https://dashboard.finmo.net/signup
finneotech.com,none,,,https://finneotech.com/login,https://www.finneotech.com/login
finofo.com,none,,,https://www.app.finofo.com/login,https://www.payments.finofo.com/login
finspo.com.au,none,,,https://finspo.com.au/login,https://www.finspo.com.au/login
finst.com,none,,,https://app.finst.com/identity/login,https://app.finst.com/identity/login
finstart.io,google_unknown,,gsi_only,https://webapp.finstart.io/login,https://webapp.finstart.io/login
fintech-galaxy.com,none,,,https://fintech-galaxy.com/login,https://fintech-galaxy.com/login
fintelconnect.com,none,,,https://app.fintelconnect.com/,https://app.fintelconnect.com/login
fintopcapital.com,none,,,https://gateway.fintopcapital.com/_util/login/?next=/,https://gateway.fintopcapital.com/_util/login/?next=/
fireandflower.com,none,,,https://fireandflower.com/login,https://fireandflower.com/login
firesidecollectives.com,none,,ERR:dns,,
fireworks.ai,none,,,https://fireworks.ai/login,https://app.fireworks.ai/login
firstpartyhq.com,none,,,https://firstpartyhq.com/login,https://firstpartyhq.com/login
firstresonance.io,none,,,https://app.firstresonance.io/login,https://app.firstresonance.io/login
fishangler.com,code,,response_type=code,https://fishangler.com/login,https://auth.fishangler.com/Account/Login?ReturnUrl=%2Fconnect%2Fauthorize%2Fcallback%3Frequest_uri%3Durn%253Aietf%253Aparams%253Aoauth%253Arequest_uri%253AA352D3136758F2DE6C7424043656CC1F91E726AB40DA87FBA37383ECE7128408%26client_id%3DWebApp
fit3d.com,none,,,https://dashboard.fit3d.com/,https://auth0.fit3d.com/login?state=hKFo2SAySHVqMFBhY0ItWmc3ZzlCdlB4bUFsek5ET2kzMUtpN6FupWxvZ2luo3RpZNkgb202SmRUcl9MR0dqSDdEZFhQSk1yVlp6ZkJGVnlFalmjY2lk2SBqaTk5YkVsbVZNRmVtZzJoTjVwcWdCb2d0eW44RG4zaw&client=ji99bElmVMFemg2hN5pqgBogtyn8Dn3k&protocol=oauth2&response_type=token%20id_token&redirect_uri=https%3A%2F%2Fdashboard.fit3d.com&scope=openid%20profile&audience=fit3d-api-prod&nonce=tAg_8ySkqIUSE894oFtZDB7ADoEuq8or&auth0Client=eyJuYW1lIjoiYXV0aDAuanMiLCJ2ZXJzaW9uIjoiOS4xMC4wIn0%3D
fitnessgenes.com,none,,,https://my.fitnessgenes.com,https://my.fitnessgenes.com/
fitspotapp.com,none,,,https://www.hugeDomains.com/payment-plan-login.cfm,https://www.hugedomains.com/payment-plan-login.cfm
fiverr.com,none,,,https://fiverr.com/login,https://www.fiverr.com/login
fivestars.com,none,,,https://me.sumup.com/en-gb/login/,https://auth.sumup.com/flows/login?client_id=dashboard&locale=en-gb&login_challenge=e773575a8c8e4a688e2ae7ea588f0dd3&redirect_url=%2Flogin&skip_select_account=true
fjdynamics.com,none,,,https://dms.fjdac.com/login?redirect=/dashboard,https://dms.fjdac.com/login?redirect=/dashboard
flagandanthem.com,none,,,https://flagandanthem.com/login,https://www.flagandanthem.com/login
flarejewelry.co,none,,,https://flarejewelry.co/login,https://flarejewelry.co/login
flashpoint-intel.com,none,,,https://flashpoint.io/login/,https://flashpoint.io/login/
fleep.io,code,,response_type=code,https://fleep.io/login,https://fleep.io/login
flex-appeal.nl,none,,,https://flex-appeal.nl/login,https://flex-appeal.nl/login
flexera.com,none,,,https://app.flexera.com/login,https://app.flexera.com/login
flexiapilates.com,none,,,https://flexiapilates.com/login,https://flexiapilates.com/login
flexidea.eu,none,,,https://app.flexidea.eu/sign-up?lang=lv,https://app.flexidea.eu/sign-up?lang=lv
flexiloans.in,none,,,https://flexiloans.in/login,https://flexiloans.in/login
flickelectric.co.nz,none,,ERR:dns,,
flickplay.co,google_unknown,,gsi_only,https://flickplay.co/login,https://flickplay.co/login
flinks.io,none,,,https://dashboard.flinks.com/en/login,https://dashboard.flinks.com/en/login
flip.lease,none,,,https://flip.lease/login,https://caretaker.com/login
flipcause.com,none,,,http://m.google.com/authenticator,https://about.google/products/
flipgive.com,code,,response_type=code,https://auth.flipgive.com/login,https://auth.flipgive.com/login?base_url=https%3A%2F%2Fwww.flipgive.com&client_id=jHb0NOaGJceZL7aWREPsmyEGmfFpkI71jNvt1Zm3gaE&code_challenge=EU1bq66FrUugQYUafWnfdEtQQZ-OBX74rGhOR9boyz4&code_challenge_method=S256&r=&redirect_uri=https%3A%2F%2Fwww.flipgive.com%2Fauth%2Fcallback&site_base_url=https%3A%2F%2Fwww.flipgive.com&site_logo=https%3A%2F%2Fflipgive.twic.pics%2Fimages%2Fsites%2Flogos%2F000%2F000%2F031%2Foriginal%2Fflipgive_logo_black.png&state=ddf28f92f237a11db49126db2216d234
flir.com,none,,,https://flir.com/login,https://www.flir.com/login/
flo.com,none,,,https://account.flo.com/,https://account.flo.com/Account/Login?ReturnUrl=%2F
float.com,code,,response_type=code,https://app.float.com/login,https://app.float.com/login
flodesk.com,code,,response_type=code,https://app.flodesk.com/sign-in?fd-source=home,https://app.flodesk.com/sign-in?fd-source=home
flooringsuperstore.com,none,,,https://www.flooringsuperstore.com/customer/account/,https://www.flooringsuperstore.com/customer/account/login/
florecruit.com,none,,,https://florecruit.com/login,https://florecruit.com/login
flowace.ai,none,,,https://signup.flowace.ai/,https://signup.flowace.ai/
flowbank.com,none,,,https://flowbank.com/login,https://flowbank-liquidator.com/wp-login.php
flowerbx.com,none,,,https://www.flowerbx.com/customer/account/index/,https://www.flowerbx.com/customer/account/login/referer/aHR0cHM6Ly93d3cuZmxvd2VyYnguY29tL2N1c3RvbWVyL2FjY291bnQvaW5kZXgv/
fluent-forever.com,none,,,https://fluent-forever.com/login,https://fluent-forever.com/wp-login.php
fluentbe.com,jwt,yes,response_type=id_token,https://space.fluentbe.com/pl/login,https://space.fluentbe.com/pl/login
fluke.com,none,,,https://fluke.com/login,https://www.fluke.com/login
fly.io,none,,,https://fly.io/login,https://fly.io/login
flyhomes.com,none,,,https://flyhomes.com/login,https://flyhomes.com/login
flynex.de,none,,,https://id.flynex.io/?returnUrl=https%3A%2F%2Fapp.flynex.io%2Fa%2Fmap%2Ffn,https://id.flynex.io/?returnUrl=https%3A%2F%2Fapp.flynex.io%2Fa%2Fmap%2Ffn
flyporter.com,none,,,https://flyporter.com/login,https://www.flyporter.com/login
flyvictor.com,none,,,https://flyvictor.com/login,http://flyvictor.com/login/
flywingtips.com,none,,,https://flywingtips.com/login,https://www.flywingtips.com/login
foap.com,none,,,https://foap.com/login,https://foap.cloudflareaccess.com/cdn-cgi/access/login/www.foap.com?kid=38ca4cfaec8e6c517b58cf5eb1a21aae3724a15c6906fe243c48b47acd5536ab&meta=eyJ0eXAiOiJKV1QiLCJhbGciOiJSUzI1NiIsImtpZCI6Ijc1YTg1MzBlNTUzOTJkYWUwODMxODNiMWI3NTg2YTZkZmMyZjM0MTJmYmQyMmY3ZGM0ZmVlZGVlOTAzYTAxYjkifQ.eyJ0eXBlIjoibWV0YSIsImF1ZCI6IjM4Y2E0Y2ZhZWM4ZTZjNTE3YjU4Y2Y1ZWIxYTIxYWFlMzcyNGExNWM2OTA2ZmUyNDNjNDhiNDdhY2Q1NTM2YWIiLCJob3N0bmFtZSI6Ind3dy5mb2FwLmNvbSIsInJlZGlyZWN0X3VybCI6Ii93cC1sb2dpbi5waHAiLCJzZXJ2aWNlX3Rva2VuX3N0YXR1cyI6ZmFsc2UsImlzX3dhcnAiOmZhbHNlLCJpc19nYXRld2F5IjpmYWxzZSwiZXhwIjoxNzgxOTgyNTM0LCJuYmYiOjE3ODE5ODIyMzQsImlhdCI6MTc4MTk4MjIzNCwiYXV0aF9zdGF0dXMiOiJOT05FIiwibXRsc19hdXRoIjp7ImNlcnRfaXNzdWVyX2RuIjoiIiwiY2VydF9zZXJpYWwiOiIiLCJjZXJ0X2lzc3Vlcl9za2kiOiIiLCJjZXJ0X3ByZXNlbnRlZCI6ZmFsc2UsImNvbW1vbl9uYW1lIjoiIiwiYXV0aF9zdGF0dXMiOiJOT05FIn0sInJlYWxfY291bnRyeSI6IlVTIiwiYXBwX3Nlc3Npb25faGFzaCI6IjViOTkyMGI5M2JiMWUyOGFmMTU2ZjQxZTgxMTc4NTY5NDk4MmI1ODNjNzc5MWJiN2MwMTE0NGQ1MTFkODg0NDQifQ.vZXPKd314Fr6Ks6X4comQgX4nBmQHj3u45lbjsGVvXmtBLShOwTIST-3TVOfm3SvbnF1tWBLebzBeH4yETm9tk8j-0XCcs84IaCr5TwLgVT4WH4FTHZYrjIu20wPUaKb3E1Yzheo8xVmTDNgFVHufci6kORWaC4rUzmsmgoPgy8tppj6ut0q9ifLHB_J6NoSMOXjtnpr6-V6_HjI8-i3GoIn0kZK8J-s-TRKCr6LYkFBjsSyySbPmEGDWs3rJCFDQXkJgYmx99757Z_i7CHlLpkI3BROUP-OnKiLPSDhNBeKhJZDNJYlapmOe0H0H8o7vIpR1Ix3OFPZkHXdF9gCtw&redirect_url=%2Fwp-login.php
fodyfoods.com,none,,,https://www.fodyfoods.com/customer_authentication/redirect?locale=en&region_country=US,https://shopify.com/authentication/16570407/login?client_id=66fc1e59-ef8b-45a8-a3d9-abf489c99859&locale=en-US&redirect_uri=%2Fauthentication%2F16570407%2Foauth%2Fauthorize%3Fbuyer_flags%3DeyJhbGciOiJIUzI1NiJ9.eyJpc3MiOiJmb2R5LWZvb2QtY28tY2FuYWRhLm15c2hvcGlmeS5jb20iLCJmbGFncyI6W10sImV4cCI6MTc4MjU4ODE3MSwibmJmIjoxNzgxOTgzMzcxfQ.WTrcaIv4mYnpZRzOg8K0wvutzFDSPZpzlL1PdFmUXN4%26client_id%3D66fc1e59-ef8b-45a8-a3d9-abf489c99859%26locale%3Den-US%26nonce%3Def22e5a0-fab0-4faf-b994-19797a28ede1%26redirect_uri%3Dhttps%253A%252F%252Fshopify.com%252F16570407%252Faccount%252Fcallback%26region_country%3DUS%26response_type%3Dcode%26scope%3Dopenid%2Bemail%2Bcustomer-account-api%253Afull%26state%3DhWNDZIQBdAt5zZSUbnFZmsZV&region_country=US
folk.app,none,,,https://app.folk.app,https://app.folk.app/login
folxhealth.com,none,,,https://app.folxhealth.com/app/sign_in,https://app.folxhealth.com/app/sign_in
fonbulucu.com,none,,,https://fonbulucu.com/login,https://fonbulucu.com/login
foodready.ai,none,,,https://app.foodready.ai/app/signin,https://app.foodready.ai/app/signin
footprint.network,none,,,https://footprint.network/login,https://www.footprint.network/login
footway.com,none,,,https://footway.com/login,https://footway.com/login
forbeshrcouncil.com,none,,,https://forbeshrcouncil.com/login,https://forbeshrcouncil.com/login
forcite.com.au,none,,,https://forcite.com.au/login,https://forcite.com.au/lander
forfarming.co,none,,,https://sudahalh.primemeisback.it.com/,https://sudahalh.primemeisback.it.com/
formaloo.com,google_unknown,,gsi_only,https://admin.formaloo.com/w,https://admin.formaloo.com/w
formlabs.com,none,,,https://checkout.formlabs.com/us_en/customer/account/index/,https://checkout.formlabs.com/us_en/customer/account/login/
formstack.com,none,,,https://admin.formstack.com/login,https://admin.formstack.com/login
fotaflo.com,none,,,https://app.fotaflo.com/sign-in,https://app.fotaflo.com/sign-in
found.com,none,,,https://my.found.com/login,https://my.found.com/login
foundationmedicine.com,none,,,https://home.foundationmedicine.com/login,https://home.foundationmedicine.com/login
foundercollective.com,none,,,https://foundercollective.com/author/dave-bisceglia/,https://foundercollective.com/author/dave-bisceglia/
foursigmafoods.com,none,,,https://foursigmafoods.com/login,https://foursigmafoods.com/login
foursigmatic.com,none,,,https://foursigmatic.com/login,https://us.foursigmatic.com/login
foxhire.com,none,,,https://foxhire.com/login,https://www.foxhire.com/login
frame.ai,none,,,https://app.hubspot.com/login?hubs_signup-url=www.hubspot.com%2Fproducts%2Fartificial-intelligence&hubs_signup-cta=nav-utility-login&hubs_content=www.hubspot.com%2Fproducts%2Fartificial-intelligence&hubs_content-cta=nav-utility-login&uuid=anonf91f41d49e7b43bb06cb12585e60&wfoid=d9e0a4032d.1781979197,https://app.hubspot.com/login?hubs_signup-url=www.hubspot.com%2Fproducts%2Fartificial-intelligence&hubs_signup-cta=nav-utility-login&hubs_content=www.hubspot.com%2Fproducts%2Fartificial-intelligence&hubs_content-cta=nav-utility-login&uuid=anonf91f41d49e7b43bb06cb12585e60&wfoid=d9e0a4032d.1781979197
franzy.com,code,,response_type=code,https://franzy.com/login,https://franzy.com/login
frec.com,none,,,https://frec.com/login,https://frec.com/login
freddiesflowers.com,none,,,https://freddiesflowers.com/login,https://www.freddiesflowers.com/login
freeday.ai,none,,,https://portal.freeday.ai/,https://portal.freeday.ai/
freeletics.com,none,,,https://freeletics.com/login,https://www.freeletics.com/en/login
freewill.com,none,,,https://app.freewill.com/login,https://app.freewill.com/login
freightos.com,none,,,https://ship.freightos.com/log-in/,https://ship.freightos.com/
frenter.com,none,,,https://frenter.com/login,https://frenter.com/login
freshket.co,none,,,https://freshket.co/login,https://freshket.co/404
fresho.com.au,none,,,https://app.fresho.com/login,https://app.fresho.com/user/session/new
frichti.co,none,,,https://frichti.co/login,https://www.frichti.co/landing
friday.app,google_unknown,,gsi_only,https://friday.app/login,https://friday.app/login
ftd.com,none,,,https://ftd.com/login,https://www.ftd.com/login
fuel.me,none,,,https://portal.fuel.me/login,https://portal.fuel.me/login
fugue.co,none,,,https://app.snyk.io/signup,https://app.snyk.io/login
fulcrumapp.com,none,,,https://fulcrumapp.com/login,https://fulcrumapp.com/login
fulcrumlatam.com,none,,,https://www.HugeDomains.com/payment-plan-login.cfm,https://www.hugedomains.com/payment-plan-login.cfm
functionalremedies.com,none,,,https://functionalremedies.com/login,https://functionalremedies.com/login
fundall.io,none,,,https://fundall.io/login,https://fundall.io/login
fundingsouq.com,none,,,https://app.fundingsouq.com/ae/en,https://app.fundingsouq.com/ae/en/login
fundomundo.com,none,,,https://fundomundo.com/login,https://www.fundomundo.com/login
fundraiseup.com,none,,,https://dashboard.fundraiseup.com/,https://dashboard.fundraiseup.com/user/login
fundthrough.com,none,,,https://invoices.fundthrough.com/signin,https://invoices.fundthrough.com/signin
futurae.com,none,,,https://futurae.com/login,https://www.futurae.com/login/
futurelearn.com,none,,,https://futurelearn.com/login,https://futurelearn.com/login
futuremtech.com,none,,,https://futuremtech.com/login,https://futuremtech.com/lander
fyrtel.market,none,,ERR:dns,,
fyxer.ai,none,,,https://fyxer.ai/login,https://fyxer.ai/login
g2esports.com,none,,,https://g2esports.com/login,https://g2esports.com/login
gable.to,code,,response_type=code,http://app.gable.to/login/,https://app.gable.to/login
gadventures.com,none,,,https://gadventures.com/login,https://www.gadventures.com/login
gaiadesign.com.mx,none,,,https://gaiadesign.com.mx/login,https://gaiadesign.com.mx/login
gaiia.com,none,,,https://app.gaiia.com/,https://app.gaiia.com/
gain.com.tr,none,,,https://gain.com.tr/login,https://www.gain.tv/login
gala.games,none,,ERR:dns,,
gallea.ca,none,,,https://gallea.ca/login,https://gallea.ca/en
gamaya.com,none,,,https://auth.gamaya.com/,https://auth.gamaya.com/
gameapart.com,none,,ERR:dns,,
gameflip.com,none,,,https://gameflip.com/login,https://gameflip.com/login
gamerhash.com,none,,,https://gamerhash.com/login,https://gamerhash.com/en/login
gamerzclass.com,none,,ERR:dns,,
gamma-ar.com,none,,,https://portal.gamma-ar.com/region/signin,https://portal.gamma-ar.com/region/signin
ganni.com,none,,,https://www.ganni.com/us/account,https://www.ganni.com/us/login?rurl=1
garajsepeti.com,none,,,https://garajsepeti.com/login,https://carvak.com/login
gardrops.com,none,,,https://gardrops.com/login,https://gardrops.com/login
garmin.com,none,,,https://www.garmin.com/en-US/account/?redirect=https%3A%2F%2Fwww.garmin.com%2Fen-US%2F,https://sso.garmin.com/portal/sso/en-US/sign-in?clientId=ACCOUNT_MANAGEMENT_CENTER&service=https%3A%2F%2Fwww.garmin.com%2Fen-US%2Faccount%2F%3Fredirect%3Dhttps%253A%252F%252Fwww.garmin.com%252Fen-US%252F
garten.co,code,,response_type=code,https://client.garten.co/login,https://client.garten.co/login
gavelytics.com,none,,,,
gbhealthwatch.com,none,,,https://gbhealthwatch.com/login,https://gbhealthwatch.com/login
gdprregister.eu,none,,,https://app.gdprregister.eu/login,https://app.gdprregister.eu/login
gelato.com,none,,,https://gelato.com/login,https://www.gelato.com/login
gem.com,none,,,https://www.gem.com/login,https://www.gem.com/login
geneplanet.com,none,,,https://app.geneplanet.com/,https://app.geneplanet.com/accounts/check?returnUrl=%2Fdashboard
genesisai.io,none,,,,
genomeinsight.net,none,,,https://portal.inocras.com/login,https://portal.inocras.com/login
genomes.io,none,,,https://app.genomes.io/login,https://app.genomes.io/login
geomiq.com,none,,,https://app.geomiq.com/login,https://app.geomiq.com/login
geospark.co,none,,ERR:dns,,
getbeam.cash,none,,,https://app.moderntreasury.com/login,https://auth.moderntreasury.com/login?state=hKFo2SB3VWJUTjJQSkxCMUw0SjlsVnd0Xzdpdzg2ZzRjdmNOaKFupWxvZ2luo3RpZNkgV2k5Qmk4YW9BTkl0b1JSSkhERFc1NnJnbzl2aUlJZ0ujY2lk2SBJZEF4QkRrWHhlcWNlM01tU2ptTlF6VDdtS0p4MnlHNw&client=IdAxBDkXxeqce3MmSjmNQzT7mKJx2yG7&protocol=oauth2&leeway=60&nonce=d27ab81561e71872bbc511b211b181fb&redirect_uri=https%3A%2F%2Fapp.moderntreasury.com%2Fauth%2Fauth0%2Fcallback&response_type=code&scope=openid%20email%20profile
getbellway.com,none,,,https://getbellway.com/customer_authentication/redirect?locale=en&region_country=US,https://shopify.com/authentication/27174699056/login?client_id=f1ed72a3-8e09-425a-b710-a3fa416074df&locale=en-US&redirect_uri=%2Fauthentication%2F27174699056%2Foauth%2Fauthorize%3Fbuyer_flags%3DeyJhbGciOiJIUzI1NiJ9.eyJpc3MiOiJiZWxsd2F5LWluYy5teXNob3BpZnkuY29tIiwiZmxhZ3MiOltdLCJleHAiOjE3ODI1ODUzNDIsIm5iZiI6MTc4MTk4MDU0Mn0.wVhpPeR5ljXrRCa5GaCxtmcIIzUanz8aVSHxRKm2F94%26client_id%3Df1ed72a3-8e09-425a-b710-a3fa416074df%26locale%3Den-US%26nonce%3Dabe37f6b-5141-4abe-8548-8fefd6a24e41%26redirect_uri%3Dhttps%253A%252F%252Fshopify.com%252F27174699056%252Faccount%252Fcallback%26region_country%3DUS%26response_type%3Dcode%26scope%3Dopenid%2Bemail%2Bcustomer-account-api%253Afull%26state%3DhWNDZDdx0ubQXqbAqiCG5Zfl&region_country=US
getbenepass.com,none,,,https://getbenepass.com/login,https://getbenepass.com/login
getbirdly.com,none,,,https://getbirdly.com/login,https://getbirdly.com/login
getborderless.com,none,,,https://secure.getborderless.com/login,https://secure.getborderless.com/login
getbring.com,none,,,https://getbring.com/login,https://getbring.com/login
getcarefull.com,none,,,https://secure.getcarefull.com/,https://secure.getcarefull.com/
getcerebral.com,none,,,https://getcerebral.com/login,https://cerebral.com/login
getcurricula.com,none,,,https://hub.huntress.com/#/page/login,https://hub.huntress.com/#/page/login
getdimension.com,none,,,https://getdimension.com/login,https://getdimension.com/login
getenjoyhq.com,none,,,https://app.enjoyhq.com/users/sign_in,https://app.enjoyhq.com/users/sign_in
geteppo.com,none,,,https://eppo.cloud/,https://eppo.cloud/
getfluence.com,google_unknown,,gsi_only,https://app.getfluence.com/,https://app.getfluence.com/en-US/login
getflywheel.com,code,,response_type=code,https://app.getflywheel.com,https://app.getflywheel.com/login
getfrontrunner.com,none,,,https://kilat.io/slot_gacor,https://alexistogel.link/register?referral_code=alxslotgacor
getfundid.com,none,,,,
getgc.ai,none,,,https://app.gc.ai,https://app.gc.ai/auth/sign-in?return=%2F
gethank.com,code,,response_type=code,https://gethank.com/login,https://www.gethank.com/login
getincome.com,none,,,https://getincome.com/login,https://getincome.com/login
getjones.com,none,,,https://app.getjones.com/signin/,https://app.getjones.com/signin/
getliner.com,none,,,https://getliner.com/login,https://getliner.com/login
getmimo.com,none,,,https://getmimo.com/login,https://mimo.org/web/login
getmuffin.io,none,,,https://getmuffin.io/login,https://getmuffin.io/login
getniche.com,none,,,https://getniche.com/login,https://getniche.com/login/
getpaloma.com,none,,,https://app.getpaloma.com/login,https://app.getpaloma.com/login
getpequity.com,none,,,https://pequity.app/login?__hstc=84667014.aa50f964a11ed5e7ed7b57907c599dae.1781977379493.1781977379493.1781977379493.1&__hssc=84667014.1.1781977379493&__hsfp=754f769d5c6cb91903196b3d8be0efce,https://pequity.app/v2/login?__hstc=84667014.aa50f964a11ed5e7ed7b57907c599dae.1781977379493.1781977379493.1781977379493.1&__hssc=84667014.1.1781977379493&__hsfp=754f769d5c6cb91903196b3d8be0efce
getpitstop.com,none,,,https://getpitstop.com/login,https://getpitstop.com/login
getply.com,none,,,https://app.getply.com,https://app.getply.com/
getproperly.com,jwt,yes,response_type=id_token,https://app.getproperly.com/login,https://app.getproperly.com/login
getprospa.com,none,,,https://app.getprospa.com/signin,https://app.getprospa.com/signin
getrad.co,none,,,https://getrad.co/login,https://radicalmotion.com/
getrodeo.io,none,,,https://getrodeo.io/login,https://getrodeo.io/
getselectstar.com,none,,,https://app.selectstar.com/login,https://app.selectstar.com/login
getsirena.com,none,,,https://getsirena.com/login,https://getsirena.com/login
getspruce.com,none,,,https://getspruce.com/login,https://getspruce.com/wp-login.php
getupliftnow.com,none,,ERR:dns,,
getwanted.com,none,,,https://getwanted.com/login,https://www.hugedomains.com/domain_profile.cfm?d=getwanted.com
ghst.io,none,,,https://accounts.ghst.io/login,https://accounts.ghst.io/login
giblib.com,token,yes,response_type=token,https://watch.giblib.com/login,https://watch.giblib.com/login
giftbit.com,none,,,https://app.giftbit.com/login/auth,https://auth.giftbit.com/f7f47cfc-63c8-4b3c-9818-e949cc1824a1/oauth2/v2.0/authorize?p=b2c_1a_userjourneys_signin_v8_production&client_id=d463b74e-3d03-4b67-b86c-42577942098f&nonce=defaultNonce&redirect_uri=https://app.giftbit.com/login/oauth2/code&scope=openid&response_type=code&prompt=login&state=6276a40cc8704370f9b0ae71078e8e8e8dce1e1202c7563118fc9728cb0822e8&option=signin&oauthClientName=&hc=9d67be7c99f536cc8025095df2f6c362&dn=production
gigsapp.us,none,,,,
gilt.com,none,,,https://gilt.com/login,https://www.gilt.com/login
givingway.com,none,,ERR:dns,,
givsum.com,none,,,https://givsum.com/login,https://www.givsum.com/login
glaze.is,none,,,https://manager.glaze.is/login,https://manager.glaze.is/login
gleen.ai,code,,response_type=code,https://gleen.ai/login,https://app.alhena.ai/login/
glencoco.io,none,,,https://glencoco.io/login,https://www.glencoco.com/login
glimpsecorp.com,none,,,https://glimpsecorp.com/login,https://www.glimpsecorp.com/login/
globalcomix.com,none,,,https://globalcomix.com/login,https://globalcomix.com/login
globalm.media,none,,,https://app.globalm.media/login,https://app.globalm.media/login
globalpredictions.com,none,,,http://portfoliopilot.com/login,http://portfoliopilot.com/login
globalwonks.com,none,,,https://globalwonks.com/login,https://globalwonks.com/login
glossgenius.com,none,,,https://app.glossgenius.com/?_gl=1*iyazql*_ga*MzA1MTUxMDc4LjE3MTcyNjc3ODI.*_ga_WW872X2QWJ*MTcxNzQzMzczMi40My4wLjE3MTc0MzM3MzIuNjAuMC4w,https://app.glossgenius.com/login?redirectto=%2Fcalendar%3F_gl%3D1*iyazql*_ga*MzA1MTUxMDc4LjE3MTcyNjc3ODI.*_ga_WW872X2QWJ*MTcxNzQzMzczMi40My4wLjE3MTc0MzM3MzIuNjAuMC4w
glycanage.com,none,,,https://www.glycanage.com/dashboard/login,https://glycanage.com/dashboard/login
go-koala.com,none,,,https://go-koala.com/login,https://www.go-koala.com/login
goboony.nl,none,,,https://goboony.nl/login,https://www.goboony.nl/login
gocardless.com,none,,,https://manage.gocardless.com?lang=en-US,https://manage.gocardless.com/sign-in?redirect=%2F%3Flang%3Den-US
gocontractor.com,none,,,https://id.gocontractor.com/login,https://id.gocontractor.com/login
goflok.com,none,,,https://goflok.com/login,https://www.flok.com/login
goheadroom.com,none,,,https://goheadroom.com/signin,https://goheadroom.com/signin
gohenry.co.uk,none,,,https://app.gohenry.com/uk/login?site_version=variant_1,https://app.gohenry.com/uk/auth/login?site_version=variant_1
gojourny.com,none,,,https://gojourny.com/login,https://gojourny.com/login
goldbelly.com,google_unknown,,gsi_only,https://goldbelly.com/login,https://www.goldbelly.com/log-in
goldbely.com,google_unknown,,gsi_only,https://goldbely.com/login,https://www.goldbelly.com/log-in
golee.it,code,,response_type=code,https://auth.golee.it/signup,https://auth.golee.it/signup
golioth.io,none,,,https://console.golioth.io/,https://auth.golioth.io/login?state=hKFo2SBMRjlMa3g1NlBHYkF6Nk5oTEdSM1E4dGdHZ2V3SU55bKFupWxvZ2luo3RpZNkgcXB4a1I1akRnbktiV0FfOVFYbVBQRlZia3JhVFhMY06jY2lk2SAxamFkc3pqUDZ3Y2xiMnZmSHIwQ3R6NU5TU3luQnZqNg&client=1jadszjP6wclb2vfHr0Ctz5NSSynBvj6&protocol=oauth2&scope=openid%20profile%20email%20offline_access&redirect_uri=https%3A%2F%2Fconsole.golioth.io%3Fdst%3D%252F&audience=https%3A%2F%2Fgolioth-dev.us.auth0.com%2Fapi%2Fv2%2F&response_type=code&response_mode=query&nonce=a2IyRk1DdUtnMUsudXBoZUdOeEQwQ0xNc0UzeWFLTG5feVozczh1UERrNg%3D%3D&code_challenge=_9fmArULYFGvC7hz63auW5iKL5Jj0s8B_mMeSGhJN_c&code_challenge_method=S256&auth0Client=eyJuYW1lIjoiYXV0aDAtcmVhY3QiLCJ2ZXJzaW9uIjoiMi44LjAifQ%3D%3D
gonitro.com,none,,,https://gonitro.com/login,https://www.gonitro.com/login
gonnaorder.com,google_unknown,,gsi_only,https://admin.gonnaorder.com/,https://admin.gonnaorder.com/login
gonoodle.com,none,,,https://gonoodle.com/login,https://www.gonoodle.com/login
goodbuygear.com,none,,,https://goodbuygear.com/login,https://goodbuygear.com/collections/shop-all
goodcleanlove.com,none,,,https://goodcleanlove.com/login,https://goodcleanlove.com/login
gooddaychocolate.com,none,,,https://gooddaychocolate.com/login,https://gooddaychocolate.com/login
goodeggs.com,none,,,https://goodeggs.com/login,https://www.goodeggs.com/login
goodfair.com,none,,,https://goodfair.com/login,https://goodfair1.myshopify.com/login
goodgood.net,none,,,https://goodgood.net/login,https://goodgoodbrand.com/login
goodlawyer.ca,none,,,https://goodlawyer.ca/login,https://www.goodlawyer.ca/login
goodmonday.io,jwt,yes,response_type=id_token,https://app.officeguru.com/login?lang=da,https://app.officeguru.com/login?lang=da
goodtime.io,none,,,https://goodtime.io/login,https://goodtime.io/login/
gopangea.com,none,,,https://app.pangeamoneytransfer.com/login,https://app.pangeamoneytransfer.com/login
gopeer.org,none,,,https://gopeer.org/login,https://il-sessions.imaginelearning.com/auth
gophr.com,none,,,https://app.gophr.com,https://app.gophr.com/login
goplae.com,none,,,https://goplae.com/login,https://goplae.com/login
gopuff.com,none,,,https://gopuff.com/login,https://gopuff.com/login
gordonbrothers.com,none,,,https://realestate.gordonbrothers.com/real-estate/login/,https://realestate.gordonbrothers.com/real-estate/login/
gorumpl.com,none,,,https://shopify.com/2728131/account?locale=en&buyer_flags=eyJhbGciOiJIUzI1NiJ9.eyJpc3MiOiJnb3J1bXBsLm15c2hvcGlmeS5jb20iLCJmbGFncyI6W10sImV4cCI6MTc4MjU3NzIwNywibmJmIjoxNzgxOTcyNDA3fQ.UWfbVi6Jt1XZp74MT0hifS6-Xo5ClkNsRe_hbymQw-4&consent_id=5b948f99-368b-44df-b8ee-99bd3b65de13&consent=a1m1p1,https://shopify.com/authentication/2728131/login?client_id=30cb7382-7fb4-41f6-9a87-390b9a087aff&locale=en-US&redirect_uri=%2Fauthentication%2F2728131%2Foauth%2Fauthorize%3Fbuyer_flags%3DeyJhbGciOiJIUzI1NiJ9.eyJpc3MiOiJnb3J1bXBsLm15c2hvcGlmeS5jb20iLCJmbGFncyI6W10sImV4cCI6MTc4MjU3NzIwNywibmJmIjoxNzgxOTcyNDA3fQ.UWfbVi6Jt1XZp74MT0hifS6-Xo5ClkNsRe_hbymQw-4%26client_id%3D30cb7382-7fb4-41f6-9a87-390b9a087aff%26locale%3Den-US%26nonce%3Df5ea1c9b-e254-4cce-9483-2180f3b0b27d%26redirect_uri%3Dhttps%253A%252F%252Fshopify.com%252F2728131%252Faccount%252Fcallback%26response_type%3Dcode%26scope%3Dopenid%2Bemail%2Bcustomer-account-api%253Afull%26state%3DhWNDZFBluXjZu278GV2tYUyX
goshippo.com,none,,,https://apps.goshippo.com/login,https://apps.goshippo.com/login
gostudent.org,none,,,https://gostudent.org/login,https://www.gostudent.org/login/
govolition.com,none,,,https://govolition.com/login,https://govolition.com/login
govx.com,none,,,https://govx.com/login,https://www.govx.com/login
gowago.ch,none,,,https://gowago.ch/login,https://gowago.ch/de/login
gowheeltheworld.com,none,,,https://gowheeltheworld.com/login,https://wheeltheworld.com/login
goyellowbird.com,none,,,https://goyellowbird.com/login,https://www.goyellowbird.com/login
gradebuddy.com,none,,,https://gradebuddy.com/login,https://gradebuddy.com/login
grafbase.com,none,,,https://app.grafbase.com/_auth/authenticate?signInType=sign-in&redirectUrl=https%3A%2F%2Fapp.grafbase.com,https://trim-curtain-68.authkit.app/?client_id=client_01HGTJ0BJY89TZMMYRV3CQT16Y&redirect_uri=https%3A%2F%2Fapp.grafbase.com%2F_auth%2Fcallback&state=eyJyZWRpcmVjdFVybCI6Imh0dHBzOi8vYXBwLmdyYWZiYXNlLmNvbSJ9&authorization_session_id=01KVK3B1RAJAQYEE2B7RGVQDGE
graphcms.com,none,,,https://app.hygraph.com?utm_source=direct&utm_medium=none,https://auth.hygraph.com/login?state=hKFo2SA5Y2dPeU9fZUh3a0FqYndFNWRTeXRtZGwyLXczNldiTKFupWxvZ2luo3RpZNkgZUhyY0xScWpyaUhTTHNhcm55UkU5dUgwemdwNE4ySk6jY2lk2SA4VldTZHlVaHRaVDQzbkFpcHIyZmpLUmhqSm1wOHNZeQ&client=8VWSdyUhtZT43nAipr2fjKRhjJmp8sYy&protocol=oauth2&ext-utm_source=direct&ext-utm_medium=none&scope=openid%20email&response_type=code&redirect_uri=https%3A%2F%2Fapp.hygraph.com%2Fcallback
graphite.com,none,,,https://app.graphite.com/signup,https://app.graphite.com/signup
gravity-ai.com,none,,,https://enterprise.gravity-ai.com/tenant/login,https://enterprise.gravity-ai.com/tenant/login
gravityclimate.com,none,,,https://app.gravityclimate.com/signin,https://app.gravityclimate.com/signin
greatjonesgoods.com,none,,,https://greatjonesgoods.com/login,https://greatjonesgoods.com/login
greatsbrand.com,none,,,https://www.greats.com/account/login?return_url=%2Faccount,https://www.greats.com/account/login?return_url=%2Faccount
greenroom.app,none,,,https://greenroom.app/login,https://greenroom.app/login
greenrush.com,none,,ERR:dns,,
greynoise.io,none,,,https://viz.greynoise.io/login,https://viz.greynoise.io/login
grid.is,none,,,https://grid.is/login,https://grid.is/login
griffin.sh,none,,ERR:dns,,
groundfloor.us,none,,,https://app.groundfloor.us/login,https://app.groundfloor.us/login
groundtruth.com,none,,,https://ads.groundtruth.com/login?sign_up=1,https://ads.groundtruth.com/login?sign_up=1
groupnwork.com,none,,,https://groupnwork.com/login,https://groupnwork.com/login
growgeneration.com,none,,,https://www.growgeneration.com/customer/account/index/,https://www.growgeneration.com/customer/account/login/referer/aHR0cHM6Ly93d3cuZ3Jvd2dlbmVyYXRpb24uY29tL2N1c3RvbWVyL2FjY291bnQvaW5kZXgv/
growthcollective.com,none,,,https://growthcollective.com/login,https://www.toptal.com/users/login?utm_source=growthcollective.com
gruntstyle.com,none,,,https://www.gruntstyle.com/customer_authentication/redirect?locale=en&region_country=US,https://account.gruntstyle.com/authentication/login?client_id=81bd0f3b-395a-438d-880a-d4f1d2ce80ea&locale=en-US&redirect_uri=%2Fauthentication%2Foauth%2Fauthorize%3Fbuyer_flags%3DeyJhbGciOiJIUzI1NiJ9.eyJpc3MiOiJncnVudHN0eWxlLm15c2hvcGlmeS5jb20iLCJmbGFncyI6W10sImV4cCI6MTc4MjU4MjE3NCwibmJmIjoxNzgxOTc3Mzc0fQ.MD7RIDUouoHG6mUbdPbbRzmP0TwWrgY-D3wLjpFChic%26client_id%3D81bd0f3b-395a-438d-880a-d4f1d2ce80ea%26locale%3Den-US%26nonce%3D716d95f2-5e94-4a27-9511-f5e0dd3b8f51%26redirect_uri%3Dhttps%253A%252F%252Faccount.gruntstyle.com%252Fcallback%26region_country%3DUS%26response_type%3Dcode%26scope%3Dopenid%2Bemail%2Bcustomer-account-api%253Afull%26state%3DhWNDZ8IF71DqoSkBq80U4khW&region_country=US
gsmchile.cl,none,,,https://gsmchile.cl/login,https://gsmchile.cl/login
guesthouseshop.com,none,,,https://app.guesthouseshop.com/,https://app.guesthouseshop.com/
guidde.co,none,,,https://app.guidde.com/signup,https://app.guidde.com/signup
guide.co,none,,,https://app3.guide.co/login,https://app3.guide.co/login
guidesly.com,none,,,https://guidesly.com/login,https://guidesly.com/login
guidestar.org,none,,,https://guidestar.org/login,https://www.guidestar.org/Account/Login
guidetoiceland.is,jwt,yes,gis_credential,https://guidetoiceland.is/login,https://guidetoiceland.is/login
guiker.com,jwt,yes,response_type=id_token,https://guiker.com/login,https://www.guiker.com/en/login
gupshup.io,none,,,https://apps.gupshup.io/whatsapp/dashboard,https://apps.gupshup.io/whatsapp/dashboard
guru.com,none,,,https://guru.com/login,https://www.guru.com/login
gwi.com,none,,,https://signin.globalwebindex.com/?__hstc=93079362.b173ede72990488d7e9b9dd77812649e.1781979005826.1781979005826.1781979005826.1&__hssc=93079362.1.1781979005826&__hsfp=754f769d5c6cb91903196b3d8be0efce,https://signin.globalwebindex.com/?__hstc=93079362.b173ede72990488d7e9b9dd77812649e.1781979005826.1781979005826.1781979005826.1&__hssc=93079362.1.1781979005826&__hsfp=754f769d5c6cb91903196b3d8be0efce
hacknotice.com,none,,,https://app.hacknotice.com/?_gl=1*9ljfju*_gcl_au*MTUyMjkyMDIwOC4xNzQ0NzM1NDcw*_ga*NDEyMjI4Mzg1LjE3NDQ3MzU0Njk.*_ga_D7VX54ND79*czE3NDY4MjAxMDckbzckZzEkdDE3NDY4MjA0MzAkajYwJGwwJGgw&_ga=2.12215156.1727540565.1746816841-412228385.1744735469#/auth/login,https://app.hacknotice.com/?_gl=1*9ljfju*_gcl_au*MTUyMjkyMDIwOC4xNzQ0NzM1NDcw*_ga*NDEyMjI4Mzg1LjE3NDQ3MzU0Njk.*_ga_D7VX54ND79*czE3NDY4MjAxMDckbzckZzEkdDE3NDY4MjA0MzAkajYwJGwwJGgw&_ga=2.12215156.1727540565.1746816841-412228385.1744735469#/auth/login
haiku.ai,none,,,https://haiku.ai/login,https://www.haiku.ai/login
haikudeck.com,none,,,https://haikudeck.com/login,https://haikudeck.com/login
hal.xyz,none,,ERR:dns,,
hammoq.com,none,,,https://hammoq.com/login,https://hammoq.com/login
handhold.io,none,,,https://handhold.io/login,https://handhold.io/login
handspringhealth.com,none,,,https://app.handspringhealth.com/login,https://app.handspringhealth.com/login
hannun.com,none,,,https://hannun.com/login,https://hannun.com/login
hapimag.com,none,,,https://hapimag.com/login,https://welcome.hapimag.com/auth/realms/hapimag-customer-experience/protocol/openid-connect/auth?client_id=hapimag-spa&redirect_uri=https%3A%2F%2Fwww.hapimag.com%2Fen-gb%2F&state=3ecb3cb2-54f8-4401-89d3-c985f5c5bc39&response_mode=fragment&response_type=code&scope=openid&nonce=dda69a07-688e-4fae-bb2c-e01143efd879&code_challenge=Dc30HwEWapxm8w4-dU63J1KAp_9EooZ1sgvUtJe9jwU&code_challenge_method=S256&kc_locale=en
happeo.com,code,,response_type=code,https://app.happeo.com/?,https://app.happeo.com/login?redirectPath=%2F%3F
harborlab.com,none,,,https://dashboard.harborlab.com/authorization,https://dashboard.harborlab.com/authorization
harbourair.com,none,,,https://bookings.blueskybooking.com/Login.aspx?Company_ID=4,https://bookings.blueskybooking.com/Login.aspx?Company_ID=4
harbourshare.com,google_unknown,,gsi_only,https://signup.myharbourshare.com/createworkspace?si=navmenu,https://secure.myharbourshare.com/login?destination_url=https%3A%2F%2Fsignup.myharbourshare.com%2Fcreateworkspace%3Fsi%3Dnavmenu
harnesswealth.com,none,,,https://harnesswealth.com/login,https://www.harness.co/wp-login.php
harrowsports.com,none,,,https://harrowsports.com/login,https://www.harrowsports.com/login
haruinvest.com,none,,,https://haruinvest.com/login,https://haruinvest.com/login
harvesthosts.com,none,,,https://harvesthosts.com/login,https://www.harvesthosts.com/login
hashnode.com,none,,,https://hashnode.com/login,https://hashnode.com/login
haulio.io,none,,,https://portal.haulio.io/,https://portal.haulio.io/
haystraws.com,none,,,https://haystraws.com/login,https://www.haystraws.com/login?view=160326-test-cff7
hbloom.com,none,,,https://hbloom.com/login,https://hbloom.com/login
headofsecurity.com,none,,,https://headofsecurity.com/login,https://www.headofsecurity.com/wp-login.php
healthcareassetnetwork.com,none,,,https://healthcareassetnetwork.com/login,https://healthcareassetnetwork.com/login
healthhero.com,none,,,https://healthhero.com/login,https://www.healthhero.com/login
healthinherhue.com,none,,,https://healthinherhue.com/login,https://healthinherhue.com/login
heat.io,none,,,https://heat.io/login,https://heat.io/password
hectare.farm,none,,,https://trading.wearehectare.com/auth/login,https://trading.wearehectare.com/auth/login
hedgehog.com,none,,,https://hedgehog.com/login,https://hedgehog.com/login
heist-studios.com,none,,,https://heist-studios.com/login,https://www.heist-studios.com/login
helcim.com,none,,,https://hub.helcim.com/signup/register/,https://hub.helcim.com/signup/register/
hellobalanced.com,none,,,https://hellobalanced.com/login,https://www.hellobalanced.com/login
hellocake.com,none,,,https://app.impact.com/campaign-promo-signup/Cake.brand?execution=e1s1,https://app.impact.com/campaign-promo-signup/Cake.brand?execution=e1s1#/?viewkey=signUpPreStart
hellodivorce.com,code,,response_type=code,https://app.hellodivorce.com/login,https://app.hellodivorce.com/login
hellofranklin.co,none,,,https://app.hellofranklin.co/login?next=/,https://app.hellofranklin.co/login?next=/
hellohr.co.za,none,,,https://hellohr.co.za/login,https://hellohr.co.za/login
helloinspire.com,none,,,https://helloinspire.com/login,https://www.inspirecleanenergy.com/join/login?
hellojuniper.com,none,,,https://hellojuniper.com/login,http://partners.junipercreates.com/login
helloklarity.com,none,,,https://helloklarity.com/login,https://www.helloklarity.com/login
hellomaas.com,none,,,https://hellomaas.com/login,https://hellomaas.com/login/
hellomantle.com,none,,,https://hellomantle.com/login,https://hellomantle.com/login
hellosella.com,none,,,https://app.hellosella.com/users/sign_in,https://app2.hellosella.com/users/sign_in
hellotushy.com,none,,,https://hellotushy.com/customer_authentication/redirect?locale=en&region_country=US,https://shopify.com/authentication/8812654/oauth/authorize?buyer_flags=eyJhbGciOiJIUzI1NiJ9.eyJpc3MiOiJ0dXNoeW1lLm15c2hvcGlmeS5jb20iLCJmbGFncyI6W10sImV4cCI6MTc4MjU4Mzk4MiwibmJmIjoxNzgxOTc5MTgyfQ.k_vL_N-gCCSCkvIw7GxkbWkaZuiVM8mYyledgXnSV4Q&client_id=0fe4ff8b-7dc4-4688-9c60-13a10797d0ff&locale=en-US&nonce=fbf03ab7-d342-41b5-9303-af0c8255bc16&redirect_uri=https%3A%2F%2Fshopify.com%2F8812654%2Faccount%2Fcallback&region_country=US&response_type=code&scope=openid+email+customer-account-api%3Afull&state=hWNDZBLQTcTS5IqJmeQs05WD
hellozelf.com,none,,,https://app.hellozelf.com/,https://app.hellozelf.com/
helport.net,none,,,https://helport.net/login,https://www.helport.ai/home
hemper.co,none,,,https://hemper.co/login,https://www.hemper.co/login
herb.co,none,,,https://herb.co/login,https://herb.co/
herd.eco,none,,,https://herd.eco/login,https://herd.eco/login
hermes-europe.co.uk,none,,,https://hermes-europe.co.uk/login,https://hermes-europe.co.uk/login
herohealth.com,none,,,https://herohealth.com/login,https://herohealth.com/login/
hervest.ng,none,,,https://app.hervest.ng/,https://app.hervest.ng/
heydayskincare.com,none,,,https://heydayskincare.com/login,https://www.heydayskincare.com/account/login?return_url=%2Faccount
heygen.com,jwt,yes,response_type=id_token,https://auth.heygen.com,https://auth.heygen.com/
heyholy.com,none,,,https://heyholy.com/login,https://heyholy.com/login
heyjane.com,none,,,https://portal.heyjane.com/todo_lists,https://portal.heyjane.com/welcome
heymarvin.com,code,,response_type=code,https://app.heymarvin.com/,https://app.heymarvin.com/accounts/login/
heynannyly.de,none,,,https://heynannyly.de/login,https://www.heycare.com/login
heytrade.com,none,,,https://web.heytrade.com/,https://web.heytrade.com/login
hiberworld.com,none,,,https://hiberworld.com/login,https://hiberworld.com/login
hicapitalize.com,none,,,https://hicapitalize.com/login,https://hicapitalize.com/login
highlight.io,none,,,https://app.highlight.io/,https://app.highlight.io/sign_in
highnote.com,none,,,https://dashboard.highnote.com/auth/signin,https://auth.highnoteplatform.com/u/login/identifier?state=hKFo2SAzWDhjQWgwVl9BX0tqUE95VGh2TExwYmt4OVBIbW1Ec6Fur3VuaXZlcnNhbC1sb2dpbqN0aWTZIDZCTXpKQ2M3bzhfUUhpN0t1UmdRMWszR1MxUXNpSVdKo2NpZNkgSjM2Y2piZUI0OHkxUm1UaHF4ME9ydFRoY3pPcExKdU0
highnote.fm,code,,response_type=code,https://on.highnote.fm/signup,https://on.highnote.fm/signup
hightouch.com,code,,response_type=code,https://app.hightouch.com/login,https://app.hightouch.com/login
higlobe.com,none,,,https://higlobe.com/webapp/en/login,https://higlobe.com/webapp/en/login
hiivemarkets.com,code,,response_type=code,https://app.hiive.com/login,https://auth.hiive.com/u/login?state=hKFo2SBZbVJLUWZJMUdLLWs3N2FFY0V1UWFuOXVpU1VVTEpMVaFur3VuaXZlcnNhbC1sb2dpbqN0aWTZIG9sc3EyaDFyWm5lT2J2cjFET0lTaWdNd0J5NlVMeVlFo2NpZNkgT1ZjUE5yeWZvaWpHeDZta3UwYkRYVzBmNkI4TDFuclQ
hilti.com,none,,,https://hilti.com/login,https://www.hilti.com/login
himylink.com,none,,,https://himylink.com/login,https://himylink.com/login
hippovideo.io,none,,,https://hippovideo.io/login,https://www.hippovideo.io/login
hipvan.com,none,,,https://hipvan.com/login,https://www.hipvan.com/
hirasmus.com,code,,response_type=code,https://app.hirasmus.com/?__hstc=259231637.e300a5d410b10c670211d74ba0282243.1679292908772.1679379466149.1679384644605.8&__hssc=259231637.1.1679384644605&__hsfp=2327326860#/,https://app.hirasmus.com/?__hstc=259231637.e300a5d410b10c670211d74ba0282243.1679292908772.1679379466149.1679384644605.8&__hssc=259231637.1.1679384644605&__hsfp=2327326860#/login?redirect=/
hisawyer.com,none,,,https://hisawyer.com/login,https://www.hisawyer.com/login
hivemapper.com,none,,,https://hivemapper.com/login,https://hivemapper.com/login
hiverhq.com,none,,,https://hiverhq.com/login,https://hiverhq.com/login
hodlbot.io,none,,,https://hodlbot.io/login,https://hodlbot.io/
hologram.io,none,,,https://dashboard.hologram.io/account/login,https://dashboard.hologram.io/login
hololink.io,none,,,https://auth.hololink.io/realms/hololink-prod/protocol/openid-connect/registrations?client_id=editor&response_type=code&scope=openid&redirect_uri=https%3A%2F%2Feditor.hololink.io%2F,https://auth.hololink.io/realms/hololink-prod/protocol/openid-connect/registrations?client_id=editor&response_type=code&scope=openid&redirect_uri=https%3A%2F%2Feditor.hololink.io%2F
homebound.com,code,,response_type=code,https://app.homebound.com,https://app.homebound.com/login
homedoctor.pl,none,,,https://homedoctor.pl/login,https://homedoctor.pl/login
homeroom.com,none,,,https://homeroom.com/login,https://www.homeroom.com/login
homethrive.com,jwt,yes,gis_credential,https://app.homethrive.com/login?utm_source=website&utm_medium=referral&utm_campaign=header-login,https://app.homethrive.com/auth/login
homezada.com,jwt,yes,gis_credential,https://secure.homezada.com/users/sign_in,https://secure.homezada.com/users/sign_in
honeybook.com,jwt,yes,gis_credential,https://app.honeybook.com/signup,https://app.honeybook.com/signup
hootsuite.com,none,,,https://hootsuite.com/login,https://hootsuite.com/signin?redirect=%2Fauth%2Fauthorize%3Fclient_id%3DL7xyc64mrnDagD0czSfb%26nonce%3D90ba1f2708e9873df669eb4d2d938538fb956a1d5fb6f98073cc9604919c406a%26redirect_uri%3Dhttps%253A%252F%252Fhootsuite.com%252Flogin%26response_type%3Dcode%26scope%3Dopenid%26state%3D89347bb23a645278522a8cfd5dd8001ca6b244aa6898972d5af26a6dbaf33f55&nonce=90ba1f2708e9873df669eb4d2d938538fb956a1d5fb6f98073cc9604919c406a&oauth2Authorize=0
hopefulinc.me,none,,,https://hopefulinc.me/login,https://hopefulinc.me/login
hopequre.com,none,,,https://login.hopequre.com/login,https://login.hopequre.com/login
hopin.to,none,,ERR:dns,,
hoppa.com,none,,,https://www.hoppa.com/en/client/signup,https://www.hoppa.com/en/client/signup
hopskipdrive.com,none,,,https://rideiq.hopskipdrive.com/login,https://rideiq.hopskipdrive.com/login
horizon3.ai,code,,response_type=code,https://portal.horizon3ai.com/,https://portal.horizon3ai.com/
horizon8.com,none,,,https://horizon8.com/login,https://horizon8.com/login
hosco.com,none,,,https://hosco.com/login,https://www.hosco.com/login
hotailors.com,code,,response_type=code,https://user.worktrips.com/,https://login.worktrips.com/realms/worktrips/protocol/openid-connect/auth?client_id=auth&redirect_uri=https%3A%2F%2Fuser.worktrips.com%3Fbackground%3Dhttps%253A%252F%252Fimages.unsplash.com%252Fphoto-1523225918988-00624e6d8fee%253Fixid%253DM3wzMzEzMjR8MHwxfHJhbmRvbXx8fHx8fHx8fDE3ODE5ODE0NTh8%2526ixlib%253Drb-4.1.0%2526w%253D1920%2526q%253D80&state=f826a5fe-f233-437c-81a3-72f185672fa2&response_mode=fragment&response_type=code%20id_token%20token&scope=openid&nonce=a61ceed3-9d29-4e7a-b9ec-e3b74ec3d9b6&code_challenge=Wbi6SJpTElpfe7N2lNbaXTJDVzmvlhdZHuz5welaS_s&code_challenge_method=S256
hotdoc.com.au,none,,,https://hotdoc.com.au/login,https://www.hotdoc.com.au/medical-centres/login
hotmart.com.br,none,,,https://hotmart.com.br/login,https://hotmart.com/pt-br/login
hound.vet,none,,,https://Scout.Hound.Vet,https://scout.hound.vet/
houseofmath.com,none,,,https://houseofmath.com/login,https://www.houseofmath.com/login
houseofmath.no,none,,,https://houseofmath.no/login,https://www.houseofmath.com/no/page-not-found
housfy.com,google_unknown,,gsi_only,https://housfy.com/login,https://app.housfy.com/login/
houzy.ch,google_unknown,,gsi_only,https://app.houzy.ch/home,https://app.houzy.ch/home
houzz.com,jwt,yes,gis_credential,https://www.houzz.com/houzz-login/u=aHR0cHM6Ly93d3cuaG91enouY29tLw=/s=aG9tZQ=,https://www.houzz.com/houzz-login/u=aHR0cHM6Ly93d3cuaG91enouY29tLw=/s=aG9tZQ=
howitzer.cc,none,,ERR:dns,,
hownd.com,none,,,https://hownd.app/sign-in/,https://hownd.app/sign-in/
hpe.com,none,,,https://hpe.com/login,https://www.hpe.com/login
hreasily.com,none,,,https://hreasily.com/login,https://hreasily.com/lander
hrsd.com,none,,,https://secure.hrsd.com/login,https://secure.hrsd.com/login
huatudigital.com,none,,,https://huatudigital.com/login,https://huatudigital.com/login
hubble-docs.com,none,,,https://app.hubble-docs.com/login?returnUrl=%2Fmy-folder,https://app.hubble-docs.com/login?returnUrl=%2Fmy-folder
hubbox.io,none,,,https://hubbox.io/login,https://hubbox.io/login
huckleberry-labs.com,none,,,https://huckleberry-labs.com/login,https://huckleberry-labs.com/login
humata.ai,code,,response_type=code,https://app.humata.ai/signin,https://app.humata.ai/login
huntclub.com,none,,,https://huntclub.com/login,https://www.huntclub.com/login
hunterz.io,none,,,https://hunterz.io/login,https://hunterz.io/lander
huntington.com,none,,,https://huntington.com/login,https://onlinebanking.huntington.com/rol/Auth/login.aspx
huq.io,none,,,https://lighthouse.huq.io/login,https://lighthouse.huq.io/login
hurrcollective.com,none,,,https://hurrcollective.com/login,https://www.hurrcollective.com/login
hvmn.com,none,,,https://hvmn.com/login,https://account.ketone.com/authentication/login?client_id=a759e695-c245-4f20-be96-f336289e8e21&locale=en-US&redirect_uri=%2Fauthentication%2Foauth%2Fauthorize%3Fbuyer_flags%3DeyJhbGciOiJIUzI1NiJ9.eyJpc3MiOiJodm1uLm15c2hvcGlmeS5jb20iLCJmbGFncyI6W10sImV4cCI6MTc4MjU4ODU0OSwibmJmIjoxNzgxOTgzNzQ5fQ.dG1eBUvH5UhAFyTikt1nX3zDk7ZxQ768Nb9IaBksp4I%26client_id%3Da759e695-c245-4f20-be96-f336289e8e21%26locale%3Den-US%26nonce%3D4a9d7f00-0e67-4d89-b4c7-84f0eda5a6c3%26redirect_uri%3Dhttps%253A%252F%252Faccount.ketone.com%252Fcallback%26region_country%3DUS%26response_type%3Dcode%26scope%3Dopenid%2Bemail%2Bcustomer-account-api%253Afull%26state%3DhWNDZJ3gpmMlrEn09jzvURSD&region_country=US
hvst.com,none,,,https://hvst.com/login,https://hvst.com/login
hwyhaul.com,none,,,https://hwyhaul.com/login,https://hwyhaul.com/login
hydrolix.io,none,,,https://hydrolix.io/login,https://hydrolix.io/.well-known/sgcaptcha/?r=%2Flogin&y=ipc:34.60.77.245:1781980706.044
hypelabs.io,none,,,https://hypelabs.io/login,https://uplink.xyz/
hyphengroup.io,none,,,https://hyphengroup.io/login,https://www.moneyherogroup.com/login
iask.ai,none,,,https://iask.ai/login,https://iask.ai/
ibeat.com,none,,,https://my.ibeat.com/?&_ga=2.243876997.120191419.1669840030-1660753158.1665006136#/account/login/,https://login.ibeat.com/u/login/identifier?state=hKFo2SAwbVlTTDlaLXpLUEZ0eEV6M1YySlM3Q0luYXRYNUd3YqFur3VuaXZlcnNhbC1sb2dpbqN0aWTZIGdoUmNtVS00bllEUHN2Z1V3OEN6aDNvcFZVdVNLVjVUo2NpZNkgZTV5anVtYnk3Ymc4MUphWVc5dFNIUUJudkZjOTZZbmg
iceconsulting.co.th,none,,,https://iceconsulting.co.th/login,https://iceconsulting.co.th/login/
icometrix.com,none,,,https://icometrix.com/login,https://www.icometrix.com/login
icomplain.eu,none,,ERR:dns,,
icrunchdata.com,none,,,https://icrunchdata.com/login,https://icrunchdata.com/login
idaddy.cn,none,,,https://idaddy.cn/login,https://idaddy.cn/login
idenfo.com,none,,,https://idenfo.com/login,https://idenfo.com/404
idialogue.com,none,,,https://idialogue.com/login,https://idialogue.com/lander
idwell.com,none,,,https://idwell.com/login,https://www.idwell.com/login
ifactory.ca,none,,,https://ifactory.ca/login,https://ifactory.ca/.well-known/sgcaptcha/?r=%2Flogin&y=ipc:34.60.77.245:1781984522.477
ignite.co,none,,,https://ignite.co/login,https://ignite.co/login
iintoo.com,none,,,https://login.iintoo.com/US/login,https://login.iintoo.com/US/login
iitbombay.org,none,,,https://iitbombay.org/login,https://verify.almabaseapp.com/login?state=hKFo2SBTWTJNZ2ZEZzZLMkNQY1RtamNleGlIMk83bjZ0TS03RqFupWxvZ2luo3RpZNkgVHZxbVB0U0F5WWxOYUZKM0M1YzQzQURqaHBKeTlLUzejY2lk2SBGYmFsN0VheTBkVGR2YTJLSVdhWGJoUEQwMHNRMmpxRw&client=Fbal7Eay0dTdva2KIWaXbhPD00sQ2jqG&protocol=oauth2&scope=openid%20profile%20email&response_type=code&logo=https%3A%2F%2Fmedia.almabaseapp.com%2F281%2Fmeta%2Flogo.jpg&redirect_uri=https%3A%2F%2Fwww.iitbombay.org%2Fcomplete%2Fauth0%2F%3Fredirect_state%3D8NjxIpYqjxVQdVxmA28lE3kqw5dhqpvv&primaryColor=%23086490
ikbenfrits.nl,none,,,https://app.ikbenfrits.nl/login/,https://app.ikbenfrits.nl/login/
ikoshq.com,none,,,,
ilypet.com,none,,,https://ilypet.com/login,https://iandloveandyou.com/account/login?return_url=/account
imbesharam.com,none,,,https://imbesharam.com/login,https://in.imbesharam.com/collections/fleshlight
imgix.com,none,,,https://dashboard.imgix.com/sign-in?referrer_url=direct&referring_domain=direct,https://dashboard.imgix.com/sign-in?referrer_url=direct&referring_domain=direct
imgur.com,none,,,https://imgur.com/login,https://imgur.com/login
imhapi.app,none,,ERR:dns,,
immobilium.io,none,,,https://immobilium.io/login,https://www.immobilium.io/login
impact.com,none,,,https://app.impact.com/login.user,https://app.impact.com/login.user
impactalpha.com,none,,,https://impactalpha.com/login,https://impactalpha.com/wp-login.php
impala.digital,none,,,https://app.impala.digital/login,https://login.impala.digital/login?state=hKFo2SB1eUdIemV2UW5XQ1UxY29fQjFFVGpibkhLMmZPRU1sdaFupWxvZ2luo3RpZNkgeXhBaGZwSTVMcEJhb1N4LWlmd2hIRmRaVTJ6VW5SY3ejY2lk2SB6MW5VRFpFejRKeVZna2YxU2owQThqOWtScXJwV3lNeg&client=z1nUDZEz4JyVgkf1Sj0A8j9kRqrpWyMz&protocol=oauth2&audience=https%3A%2F%2Fapp.impala.digital%2F&redirect_uri=https%3A%2F%2Fapp.impala.digital%2Fapp&fragment=initialPage%3D%252Flogin&scope=openid%20profile%20email&response_type=code&response_mode=query&nonce=WVZTZGNkYWx2ZF91dVBrakptZ35pMHFFY1JBeEYuVXVmU1hfZWVsa0NWRA%3D%3D&code_challenge=5GhXs_H9yk37AVLgVneg7UMnDyBEaOb5LYUaU-UUvn8&code_challenge_method=S256&auth0Client=eyJuYW1lIjoiYXV0aDAtcmVhY3QiLCJ2ZXJzaW9uIjoiMS4xMi4xIn0%3D#initialPage=%2Flogin
imperative.com,none,,,https://imperative.com/login,https://chronus.com/
imperva.com,none,,,https://imperva.com/login,https://supportportal.thalesgroup.com/csm
inc42.com,none,,,https://inc42.com/login,https://inc42.com/wp-login.php
incident.io,none,,,https://app.incident.io/login,https://app.incident.io/login
incrediblehq.com,jwt,yes,response_type=id_token,https://app.incrediblehealth.com/users/sign_in,https://app.incrediblehealth.com/users/sign_in
indigoag.com,none,,,https://www.indigoag.com/log-in,https://www.indigoag.com/log-in
indy-guide.com,google_unknown,,gsi_only,https://indy-guide.com/signin,https://indy-guide.com/signin
infield.ai,none,,,https://app.infield.ai/users/sign_in,https://app.infield.ai/users/sign_in
infineon.com,none,,,https://infineon.com/login,https://www.infineon.com/
infiniscene.com,none,,ERR:dns,,
infinityy.com,none,,,https://infinityy.com/login,https://infinityy.com/login
infisical.com,none,,,https://app.infisical.com/signup,https://app.infisical.com/signup
influence.co,none,,,https://influence.co/login,https://influence.co/login
influencer.com,none,,,https://waves.influencer.com/,https://waves.influencer.com/
influencermh.com,google_unknown,,gsi_only,https://influencermh.com/login,https://influencermarketinghub.com/
infolinks.com,none,,,https://www.infolinks.com/login/,https://www.infolinks.com/login/
infraclear.com,none,,,https://auth.infraclear.com/signup?access=pro,https://auth.infraclear.com/signup?access=pro
ingestro.com,none,,,https://dashboard.ingestro.com/login,https://dashboard.ingestro.com/login
innago.com,none,,,https://my.innago.com/login,https://auth.innago.com/login
innkeeper.ai,none,,,https://innkeeper.ai/login,https://www.afternic.com/forsale/innkeeper.ai?utm_source=TDFS_DASLNC&utm_medium=parkedpages&utm_campaign=x_corp_tdfs-daslnc_base&traffic_type=TDFS_DASLNC&traffic_id=daslnc&
innomar.no,none,,,https://innomar.no/login,https://innomar.no/login
innovaprep.com,none,,,https://innovaprep.com/login,https://www.innovaprep.com/login
innovid.com,none,,,https://hub.flashtalking.net/,https://hub.flashtalking.net/
inocras.com,none,,,https://portal.inocras.com/login,https://portal.inocras.com/login
inpharmd.com,none,,,https://inpharmd.com/login,https://inpharmd.com/login
inrix.com,none,,,https://inrix.com/wp-content/uploads/2021/03/Computer-With-IQ-Login-1.png,https://inrix.com/wp-content/uploads/2021/03/Computer-With-IQ-Login-1.png
inspecthoa.com,none,,,https://inspecthoa.com/signin,https://inspecthoa.com/signin
inspirato.com,none,,,https://inspirato.com/login,https://www.inspirato.com/login/
instamojo.com,none,,,https://instamojo.com/login,https://www.instamojo.com/login
instant.so,none,,,https://app.instant.so/login,https://app.instant.so/login
instantscripts.com.au,none,,,https://instantscripts.com.au/login,https://www.instantscripts.com.au/login
institchu.com,none,,,https://institchu.com/login,https://institchu.com/login
integralads.com,none,,,https://reporting.integralplatform.com/spa/login,https://reporting.integralplatform.com/spa/login
inten.to,none,,,https://auth.inten.to/realms/Intento/protocol/openid-connect/registrations?client_id=intento-console&response_type=code&scope=openid%20email&redirect_uri=https://console.inten.to,https://auth.inten.to/realms/Intento/protocol/openid-connect/registrations?client_id=intento-console&response_type=code&scope=openid%20email&redirect_uri=https://console.inten.to
internal.io,none,,,https://internal.io/login,https://internal.io/login
internxt.com,none,,,https://drive.internxt.com/login?,https://drive.internxt.com/login?
interviewbit.com,jwt,yes,gis_credential,https://interviewbit.com/login,https://www.interviewbit.com/login/
introwise.com,none,,,https://introwise.com/login,https://introwise.com/login
invact.com,none,,,https://invact.com/login,https://invact.com/login
inventhub.io,none,,,https://inventhub.io/login,https://inventhub.io/login
investbamboo.com,none,,,https://app.investbamboo.com/signup,https://app.investbamboo.com/signup
investengine.com,none,,,https://investengine.com/login,https://investengine.com/login/
invintorywines.com,none,,,https://invintory-page.onelink.me/kV22/xxe51owe,https://next.invintory.com/login?shortlink=xxe51owe&source_caller=ui&c=Login%20Button&pid=invintory_marketing_site&af_xp=custom
invivox.com,none,,,https://invivox.com/login,https://invivox.com/fr/login
invoiceautomate.com,none,,,https://invoiceautomate.com/login,https://invoiceautomate.com/login
involve.me,jwt,yes,response_type=id_token,https://app.involve.me/login,https://app.involve.me/login
inworld.ai,none,,,https://platform.inworld.ai/login,https://platform.inworld.ai/login
inx.co,none,,,https://one.inx.co/signup?next=trade,https://one.inx.co/signup?next=trade
ipcypris.com,none,,,https://search.cypris.ai/patents/auth/login,https://cypris-ai.us.auth0.com/u/login/identifier?state=hKFo2SBFWFphWXJhcS01UjVDR01rT2pxWHVfRUFOT3c4OE9GR6Fur3VuaXZlcnNhbC1sb2dpbqN0aWTZIFJSQjNrYXpMLVRLSFJObW1JN01RbE9kWXcyZk9YRlRFo2NpZNkgVnd4Y0tjUk00WlhTb0NIalY5UzZ0OXZwZ2RrNktDMjU
iqoffice.ca,none,,,https://portal.iqoffices.com/member/content/login?_gl=1*8j4kf4*_gcl_au*OTgxNzQ2MjEzLjE3NTA3NDUyMjM.#/appaccess/login,https://portal.iqoffices.com/member/content/login?_gl=1*8j4kf4*_gcl_au*OTgxNzQ2MjEzLjE3NTA3NDUyMjM.#/appaccess/login
iris.audio,none,,,https://developer.iris.audio/login,https://developer.iris.audio/login
iris.construction,none,,,https://app.roger.build,https://app.roger.build/
irisvr.com,none,,,https://account.irisvr.com/prospect,https://account.irisvr.com/login?redirect=prospect
ironvest.com,none,,,https://ironvest.com/login,https://ironvest.com/login
isometric.com,none,,,https://isometric.com/login,https://isometric.com/login
istox.com,none,,ERR:dns,,
isubscribed.com,none,,,https://isubscribed.com/login,https://isubscribed.com/login
itcentralstation.com,none,,,https://itcentralstation.com/login,https://www.peerspot.com/login
itchpet.com,none,,,https://itchpet.com/login,https://www.itchpet.com/login
itrsgroup.com,none,,,https://itrsgroup.com/login,https://www.itrsgroup.com/login
itsdart.com,code,,response_type=code,https://app.dartai.com,https://app.dartai.com/login
ivy.com,code,,response_type=code,https://ivy.com/login,https://www.ivy.com/auth/login
jam.dev,none,,,https://jam.dev/login,https://jam.dev/login
jamendo.com,none,,,https://jamendo.com/login,https://www.jamendo.com/login
jamf.com,none,,,https://www.jamf.com/auth0/login/?state=https%3A%2F%2Fwww.jamf.com%2F,https://us.auth.jamf.com/u/login/identifier?state=hKFo2SAyby1QZjlRWXAzQmVJQnJNVzMxQldDaDBuTEVaNXduMqFur3VuaXZlcnNhbC1sb2dpbqN0aWTZIHlmRXVLdGM4TUZoODd4eHBBVmFzSTY1bEZfVlhSenE5o2NpZNkgcThQVHkyYXRRZ05sbzloT0VBNXNsSXR0NklUMjNPTVo
jammcard.com,none,,,https://jammcard.com/login,https://jammcard.com/login
janusheilsuefling.is,none,,,https://janusheilsuefling.is/login,https://janusheilsuefling.is/login
jeeva.ai,none,,,https://app.jeeva.ai/,https://app.jeeva.ai/
jenfi.com,none,,,https://jenfi.com/login,https://jenfi.com/.well-known/sgcaptcha/?r=%2Flogin&y=ipc:146.148.68.33:1781983239.860
jerichosecurity.com,none,,,https://app.jerichosecurity.com/users/sign_in,https://app.jerichosecurity.com/users/sign_in
jerry.ai,none,,,https://jerry.ai/login,https://jerry.ai/login
jetsuite.com,none,,,https://jetsuite.com/login,https://www.jsx.com/login
jig.space,code,,response_type=code,https://account.jig.space/signup?__hstc=233088513.84b2731f23764f528361a4332c8dc092.1781979828206.1781979828206.1781979828206.1&__hssc=233088513.1.1781979828206&__hsfp=754f769d5c6cb91903196b3d8be0efce,https://account.jig.space/signup?__hstc=233088513.84b2731f23764f528361a4332c8dc092.1781979828206.1781979828206.1781979828206.1&__hssc=233088513.1.1781979828206&__hsfp=754f769d5c6cb91903196b3d8be0efce
job.com,none,,,https://job.com/login,https://job.com/login
jobberman.com,none,,,https://www.jobberman.com/account/login,https://www.jobberman.com/account/login
joberty.rs,none,,,https://joberty.rs/login,https://www.joberty.com/sr/login
jobget.com,none,,,https://jobget.com/login,https://www.jobget.com/login
joblist.com,none,,,https://joblist.com/login,https://joblist.com/login
jobrely.com,none,,,https://saas.jobrely.com,https://saas.jobrely.com/auth/login
johnnie-o.com,none,,,https://johnnie-o.com/login,https://www.johnnie-o.com/
joincoa.com,none,,,https://app.joincoa.com/log-in,https://app.joincoa.com/log-in
joincommonwealth.com,none,,,https://app.joincommonwealth.com/items(modal:auth/signup)?page=1,https://app.joincommonwealth.com/items(modal:auth/signup)?page=1
joinethically.com,none,,,https://joinethically.com/login,https://joinethically.com/login
joinfleek.com,none,,,https://joinfleek.com/login,https://www.joinfleek.com/login
joinhomeroom.com,none,,,https://joinhomeroom.com/login,https://www.homeroom.com/login
joinodin.com,none,,,https://app.joinodin.com/login,https://app.joinodin.com/login
joinsherpa.com,none,,,https://joinsherpa.com/login,https://www.joinsherpa.com/login
joinsmiler.com,none,,,https://joinsmiler.com/login,https://joinsmiler.com/login
jopwell.com,none,,,https://jopwell.com/login,https://trueplatform.com/wp-login.php
jotelulu.com,none,,,https://admin.jotelulu.com/login,https://admin.jotelulu.com/login
joygame.com,none,,,https://joygame.com/login,https://www.joygame.com/login
joyluxinc.com,none,,,https://joylux.com/customer_authentication/redirect?locale=en&region_country=US,https://account.joylux.com/authentication/login?client_id=b11075c6-169d-4419-bc7a-da71a2fd5d40&locale=en-US&redirect_uri=%2Fauthentication%2Foauth%2Fauthorize%3Fbuyer_flags%3DeyJhbGciOiJIUzI1NiJ9.eyJpc3MiOiJnZXR2Zml0Lm15c2hvcGlmeS5jb20iLCJmbGFncyI6W10sImV4cCI6MTc4MjU4NjEzMCwibmJmIjoxNzgxOTgxMzMwfQ.svcYcpXdXGTqTzfoBCdX_zBaOlB-b50f7OiI175iMrc%26client_id%3Db11075c6-169d-4419-bc7a-da71a2fd5d40%26locale%3Den-US%26nonce%3D8596a99e-110e-4a34-8fca-14734d320f93%26redirect_uri%3Dhttps%253A%252F%252Faccount.joylux.com%252Fcallback%26region_country%3DUS%26response_type%3Dcode%26scope%3Dopenid%2Bemail%2Bcustomer-account-api%253Afull%26state%3DhWNDZEyQztyiDsnl0mdkfIfJ&region_country=US
jscrambler.com,none,,,https://auth.jscrambler.com/login,https://auth.jscrambler.com/login
jtpk.co,none,,ERR:dns,,
juggle.jobs,none,,ERR:dns,,
jugglestreet.com,none,,,https://jugglestreet.com/login,https://web.jugglestreet.com.au/login#/login
jukinmedia.com,none,,,https://jukinmedia.com/login,https://www.jukinmedia.com/licensing
juniqe.com,none,,,https://juniqe.com/login,https://www.juniqe.com/de/login
jupe.com,none,,,https://jupe.com/login,https://www.jupe.com/login
justfoodfordogs.com,none,,,https://justfoodfordogs.com/login,https://www.justfoodfordogs.com/login/
justsift.com,none,,,https://login.justsift.com,https://login.justsift.com/
justzapp.com,none,,,https://justzapp.com/login,https://www.justzapp.com/login
jwpei.com,none,,,https://jwpei.com/login,https://www.jwpei.com/login
kahoot.com,none,,,https://create.kahoot.it/auth/register,https://create.kahoot.it/auth/register
kaiku.co,none,,,https://app.kaiku.co/login,https://app.kaiku.co/login
kait.ai,none,,,https://dashboard.kait.ai/login/,https://dashboard.kait.ai/login/
kajabi.com,code,,response_type=code,https://id.kajabi.com/u/login,https://id.kajabi.com/u/login?state=hKFo2SBBSjF0WEdzQVFfOXBxVHc2OWZZVjRBZERFa3JETXl4aKFur3VuaXZlcnNhbC1sb2dpbqN0aWTZIDBqOWJ6Q3VBbl9hWWZmYVNQT01VdEtqT1JuSjBHckdso2NpZNkgTEt4Z3RMRVJlbktzR21ETzdpMDBHZ3dDbjEzenRGVDA
kalecard.com,none,,,https://app.kalecard.com/signup,https://app.kalecard.com/signup
kaleidofin.com,none,,,https://goals.corp.kaleidofin.com/#/login?redirect=mandate,https://goals.corp.kaleidofin.com/#/login?redirect=mandate
karat.com,none,,,https://central.karat.io/users/sign_in,https://central.karat.io/users/sign_in
kasheesh.co,none,,,https://app.kasheesh.co/auth/,https://app.kasheesh.co/signin
katkin.com,none,,,https://katkin.com/login,https://www.katkin.com/login
katmaitech.com,none,,,https://app.katmaitech.com/login?hsLang=en,https://app.katmaitech.com/login?hsLang=en
kea.cloud,none,,,https://kea.cloud/login,https://kea.cloud/login
kempinski.com,none,,,https://kempinski.com/login,https://www.kempinski.com/en/
kensho.com,none,,,https://kensho.com/login,https://kensho.com/login
kenshohealth.com,none,,,https://kenshohealth.com/login,https://www.kenshohealth.com/login
kettleandfire.com,none,,,https://kettleandfire.com/login,https://www.kettleandfire.com/account/login
kevala.care,none,,,http://app.kevala.care/login,https://login.kevala.care/u/login/identifier?state=hKFo2SBNcm1nRGZLMmZjM0VSMjIwM3psODV1WHZlWDFyOVIyOaFur3VuaXZlcnNhbC1sb2dpbqN0aWTZIGhBbUNsVDV6aWVqMGtVelFWblNKSXlJUnpFb2xxRU1Ho2NpZNkgeVUxTTVFS0haMVE0OExER016bmtLZTgwR29uN2hqQjY
kevalaanalytics.com,none,,,https://kevalaanalytics.com/login,https://www.kevala.com/login
kibera.jp,none,,,https://kibera.jp/login,https://www.kibera.jp/login
kibsi.com,none,,,https://kibsi.com/login,https://kibsi.com/login
kick.co,none,,,https://use.kick.co/login,https://use.kick.co/
kickfurther.com,none,,,https://app.kickfurther.com/login,https://app.kickfurther.com/login
kickgame.co.uk,none,,,https://kickgame.co.uk/login,https://www.kickgame.co.uk/login
kickscrew.com,none,,,https://kickscrew.com/login,https://www.kickscrew.com/login
kidsbrandstore.se,none,,,https://kidsbrandstore.se/login,https://kidsbrandstore.se/login
killcliff.com,none,,,https://killcliff.com/login,https://killcliff.com/login
killingkittens.com,none,,,https://app.wearexapp.com/login-kk?utm_source=killingkittens.com&utm_medium=referral&utm_campaign=navigation&utm_content=login,https://app.wearexapp.com/login-kk?utm_source=killingkittens.com&utm_medium=referral&utm_campaign=navigation&utm_content=login
kimkim.com,none,,,https://kimkim.com/login,https://www.kimkim.com/login
kindhealth.co,none,,,https://kindhealth.co/login,https://www.kindhealth.ai/
kinedu.com,none,,,https://kinedu.com/login,https://kinedu.com/app/login
kinesis.money,none,,,https://kinesis.money/login,https://kinesis.money/login
kino-mo.com,none,,,https://kino-mo.com/login,https://hypervsn.com/
kira-learning.com,none,,,https://app.kira-learning.com/login/,https://app.kira-learning.com/login/
kits.com,none,,,https://www.kits.com/login,https://www.kits.com/login
kittl.com,jwt,yes,gis_credential,https://kittl.com/login,https://www.kittl.com/login
kittoffices.com,none,,,https://kittoffices.com/login,https://www.kittoffices.com/login
kittyhawk.io,none,,,https://kittyhawk.io/login,https://kittyhawk.io/login
kiweno.com,none,,,https://kiweno.com/login,https://kiweno.com/de/wp-login.php
kiwicredito.com,none,,,https://app.kiwicredito.com/login,https://app.kiwicredito.com/login
klapty.com,none,,,https://klapty.com/login,https://www.klapty.com/home
klarpay.com,none,,,https://dashboard.bivial.com,https://dashboard.bivial.com/auth/login
klasha.com,none,,,https://dashboard.klasha.com/auth/login,https://www.dashboard.klasha.com/auth/login
klassroom.co,none,,,https://klass.ly,https://klass.ly/
klaviyo.com,none,,,https://www.klaviyo.com/login,https://www.klaviyo.com/login
klearly.eu,none,,,https://klearly.eu/login,https://klearly.eu/nl/login/
klikit.io,none,,,https://cloud.klikit.io,https://cloud.klikit.io/
klim.eco,none,,,https://klim.eco/login,https://www.klim.eco/
klipfolio.com,code,,response_type=code,https://app.klipfolio.com/login,https://app.klipfolio.com/login
kloud.io,none,,,https://kloud.io/login,https://kloud.io/login
kloudless.com,none,,ERR:dns,,
knnct.com,none,,,https://knnct.com/login,https://knnct.com/login
knowledgenet.ai,code,,response_type=code,https://app.knowledgenet.ai/login,https://app.knowledgenet.ai/login
knoxfinancial.com,none,,,https://knoxfinancial.com/login,https://knoxfinancial.com/login
koan.co,none,,,https://koan.co/login,https://forsale.godaddy.com/forsale/koan.co?utm_source=TDFS_BINNS2&utm_medium=parkedpages&utm_campaign=x_corp_tdfs-binns2_base&traffic_type=TDFS_BINNS2&traffic_id=binns2&
kobiton.com,none,,,https://portal.kobiton.com/login,https://portal.kobiton.com/login
kodahealthcare.com,none,,,https://www.kodahealthcare.com/author/taylorkodahealthcare-com/,https://www.kodahealthcare.com/author/taylorkodahealthcare-com/
kodland.team,none,,ERR:dns,,
koinwa.com,none,,,https://koinwa.com/login,https://koinwa.com/login
kokopelli.com,none,,,https://kokopelli.com/account/login,https://shopify.com/authentication/46292795554/login?client_id=36435bd9-e4a9-4b65-84c7-f1e8e69b975c&locale=en-US&redirect_uri=%2Fauthentication%2F46292795554%2Foauth%2Fauthorize%3Fbuyer_flags%3DeyJhbGciOiJIUzI1NiJ9.eyJpc3MiOiJrb2tvcGVsbGktcGFja3JhZnRzLm15c2hvcGlmeS5jb20iLCJmbGFncyI6W10sImV4cCI6MTc4MjU4NjMxNCwibmJmIjoxNzgxOTgxNTE0fQ.cx2WUnHcbIIUF7D1Qm9xusggUqQ-bUCyBBLNKb3olhw%26client_id%3D36435bd9-e4a9-4b65-84c7-f1e8e69b975c%26locale%3Den-US%26nonce%3D90c32b2a-a2df-4925-b1bc-6d36062a50a7%26redirect_uri%3Dhttps%253A%252F%252Fshopify.com%252F46292795554%252Faccount%252Fcallback%26region_country%3DUS%26response_type%3Dcode%26scope%3Dopenid%2Bemail%2Bcustomer-account-api%253Afull%26state%3DhWNDZFHbhmtyi6F3S0JJAHY2&region_country=US
kolaybi.com,none,,,https://app.kolaybi.com/?activeForm=login,https://app.kolaybi.com/?activeForm=login
kolleno.com,none,,,https://kolleno.com/login,https://kolleno.com/login
kompany.com,none,,,https://kompany.com/login,https://www.kompany.com/login
kondukto.io,none,,,https://kondukto.io/login,https://kondukto.io/login
konfio.mx,none,,,https://konfio.mx/login,https://konfio.mx/login
korbit.ai,none,,,,
kore.com,none,,,https://kore.com/login,https://kore.com/login
korrai.com,none,,,https://apps.korrai.com/login,https://platform.korrai.com/login/email
korres.com,none,,,https://korres.com/login,https://www.korres.com/account/login
kortext.com,none,,,https://app.na1.kortext.com/identity/signin?utm_source=website&utm_medium=navigation&utm_campaign=loginus&utm_content=link,https://app.na1.kortext.com/identity/signin?utm_source=website&utm_medium=navigation&utm_campaign=loginus&utm_content=link
kosli.com,none,,,https://app.kosli.com/,https://app.kosli.com/
kota.io,none,,,https://kota.io/login,https://www.kota.io/login
kourierdelivery.com,none,,ERR:dns,,
koverly.com,none,,,https://app.koverly.com/login,https://app.koverly.com/login
koyeb.com,none,,,https://app.koyeb.com/auth/signin,https://app.koyeb.com/auth/signin
kradlemypet.com,none,,,https://kradlemypet.com/login,https://kradlemypet.com/login?view=170626-page-test-june-17-2026-3b56
kraken.com,none,,,https://id.kraken.com/sign-in?rfr=consumer-web&preferTheme=light,https://id.kraken.com/sign-in
krisp.ai,google_unknown,,gsi_only,https://app.krisp.ai/login,https://app.krisp.ai/login
kristal.ai,none,,,https://portal.kristal.ai/signup?websiteid=W302124656166&country_code=SGP&source=,https://portal.kristal.ai/signup?websiteid=W302124656166&country_code=SGP&source=
kubiya.ai,none,,,https://kubiya.ai/login,https://kubiya.ai/login
kukufm.com,none,,,https://kukufm.com/login,https://kukufm.com/auth
kyc3.com,none,,,https://app.kyc3.com/login,https://app.kyc3.com/login
kychub.com,none,,,https://kychub.com/login,https://www.kychub.com/login
kytelearning.com,code,,response_type=code,https://app.kytelearning.com/login,https://app.kytelearning.com/login
labcorp.com,none,,,https://www.labcorp.com/logins,https://www.labcorp.com/logins
labdoor.com,none,,,https://labdoor.com/login,https://labdoor.com/login
labelyourdata.com,token,yes,response_type=token,https://platform.labelyourdata.com/sign-up,https://platform.labelyourdata.com/sign-up
lafluence.com,none,,,https://lafluence.com/login,https://www.lafluence.com/login
lakera.ai,code,,response_type=code,https://platform.lakera.ai/login,https://auth.lakera.ai/u/login/identifier?state=hKFo2SBHX0w0Yjc4V1NOcllFRDZ1VnhSNFR4Q29rNmVIWWNXeqFur3VuaXZlcnNhbC1sb2dpbqN0aWTZIDQ2OWNQN2JjU0VCc2NwaEluQ0Z2aThDWlZRTkh2c2dzo2NpZNkgSUUxVk5UT1g2ZmtFS3pObU1zNDhsMEpDV1plTUJwYmg
landbot.io,none,,,https://app.landbot.io/login/,https://app.landbot.io/login/
landr.com,none,,,https://app.landr.com/?locale=en,https://app.landr.com/?locale=en
languageio.com,none,,,https://languageio.zendesk.com/auth/v2/login/signin?return_to=https%3A%2F%2Fsupport.languageio.com%2Fhc%2Fen-us&theme=hc&locale=en-us&brand_id=685398&auth_origin=685398%2Ctrue%2Ctrue&_gl=1*o7kimk*_gcl_au*MTE0MDg1ODUwLjE3Njk3MjU3Nzc.*_ga*MjAyMjg5MTkxMS4xNzYxOTQxNTgx*_ga_YZFJDXXLZH*czE3NzE5NDU2MDUkbzQ3JGcxJHQxNzcxOTQ2NDU4JGo2MCRsMCRoMTU3MDQ4NzU3OQ..,https://languageio.zendesk.com/auth/v3/signin?auth_origin=685398%2Ctrue%2Ctrue&brand_id=685398&locale=en-us&return_to=https%3A%2F%2Fsupport.languageio.com%2Fhc%2Fen-us&theme=hc
lanieri.com,none,,,https://lanieri.com/login,https://lanieri.com/login
lapassione.cc,none,,,https://accounts.shopify.com/recovery/stores?utm_source=gurucopy&utm_medium=link&utm_campaign=Gurus,https://accounts.shopify.com/recovery/stores?utm_source=gurucopy&utm_medium=link&utm_campaign=Gurus
lassox.com,none,,,https://apps.lassox.com/login,https://apps.lassox.com/login
lawbrokr.com,none,,,https://app.lawbrokr.com,https://app.lawbrokr.com/
lawtrades.com,none,,,https://app.lawtrades.com/login,https://app.lawtrades.com/login
layer.co,none,,ERR:dns,,
laylo.com,none,,,https://laylo.com/auth,https://laylo.com/auth
lazarusforms.com,none,,,https://dashboard.lazarusforms.com/,https://dashboard.lazarusforms.com/
leadfeeder.com,none,,,https://leadfeeder.com/login,https://www.leadfeeder.com/login
leantime.io,none,,,https://accounts.leantime.io/accounts/login,https://accounts.leantime.io/accounts/login
learnhownow.com,none,,,https://learnhownow.com/login,https://learnhownow.com/login
ledgerx.com,none,,,https://ledgerx.com/login,https://ledgerx.com/login
leetcode.com,none,,,https://leetcode.com/login,https://leetcode.com/u/login/
leftonfriday.com,none,,,https://leftonfriday.com/login,https://leftonfriday.com/
legalzoom.com,none,,,https://legalzoom.com/login,https://www.legalzoom.com/login
lehibou.com,none,,,https://lehibou.com/login,https://lehibou.com/login
lendahand.com,none,,,https://lendahand.com/login,https://www.lendahand.com/en-EU/login
lendenclub.com,none,,,https://lendenclub.com/login,https://www.lendenclub.com/login
lendingkart.com,none,,,https://lendingkart.com/login,https://lendingkart.com/login
leprix.com,none,,,https://leprix.com/en/login?ret=%2Fen,https://leprix.com/en/login?ret=%2Fen
letshighlight.com,none,,,https://letshighlight.com/login,https://www.letshighlight.com/login
letstranzact.com,jwt,yes,response_type=id_token,https://app.letstranzact.com/v3/login,https://app.letstranzact.com/v3/login
levelgoals.com,none,,,https://levelgoals.com/login,https://levelgoals.com/login
levenue.eu,none,,,https://app.levenue.com,https://app.levenue.com/login
lexshares.com,none,,,https://lexshares.com/login,https://www.lexshares.com/login
libsyn.com,none,,,https://five-api.libsyn.com/auth/authorize?client_id=Libsyn5&state=09e83cau1kmi&redirect_uri=https%3A%2F%2Ffive.libsyn.com%2F%3F_ga%3D2.221815960.1429756797.1660572676-1571578748.1639535206%26_gac%3D1.226292072.1658521338.Cj0KCQjw8uOWBhDXARIsAOxKJ2HmUW5qed2FljiX-ywSu-m-VLlYFd4jJDaS9OJlXiuiqbdOuXd66kYaAugYEALw_wcB,https://five-api.libsyn.com/auth/authorize?client_id=Libsyn5&state=09e83cau1kmi&redirect_uri=https%3A%2F%2Ffive.libsyn.com%2F%3F_ga%3D2.221815960.1429756797.1660572676-1571578748.1639535206%26_gac%3D1.226292072.1658521338.Cj0KCQjw8uOWBhDXARIsAOxKJ2HmUW5qed2FljiX-ywSu-m-VLlYFd4jJDaS9OJlXiuiqbdOuXd66kYaAugYEALw_wcB
lickd.co,code,,response_type=code,https://app.lickd.co/log-in,https://app.lickd.co/log-in
lifeaidbevco.com,none,,,https://lifeaidbevco.com/login,https://www.lifeaidbevco.com/customer/account/login/referer/
liftoff.io,none,,,https://liftoff.ai/sign-up/,https://liftoff.ai/sign-up/
liftoffcommerce.com,none,,,https://my.liftoff.shop/login?__hstc=212461195.6c9ac7a0da721607c244b902ec05c9f3.1770991127644.1773164918808.1773838031068.21&__hssc=212461195.1.1773838031068&__hsfp=fe938c8e8359e0d1623df892140e4aaa,https://my.liftoff.shop/login?__hstc=212461195.6c9ac7a0da721607c244b902ec05c9f3.1770991127644.1773164918808.1773838031068.21&__hssc=212461195.1.1773838031068&__hsfp=fe938c8e8359e0d1623df892140e4aaa
lightlytics.com,none,,,https://lightlytics.com/login,https://www.stream.security/login
lightouch.ca,none,,,https://lightouch.ca/login,https://lightouch.ca/login
lightpointmedical.com,none,,,https://lightpointmedical.com/login,https://senseisurgical.com/
likere.com,none,,,https://likere.com/login,https://likere.com/login
lili.co,none,,,https://app.lili.co/login,https://app.lili.co/login
lilt.com,none,,,https://lilt.com/signin,https://lilt.com/signin
limacharlie.io,none,,,https://limacharlie.io/login,https://limacharlie.io/login
limohealth.com,none,,,https://accounts.chartahealth.com/sign-in?redirect_url=https%3A%2F%2Fapp.chartahealth.com%2F%3F_gl%3D1*7528nm*_gcl_au*MTc3NDE5MTUxNS4xNzcyMjExNzk3,https://accounts.chartahealth.com/sign-in?redirect_url=https%3A%2F%2Fapp.chartahealth.com%2F%3F_gl%3D1*7528nm*_gcl_au*MTc3NDE5MTUxNS4xNzcyMjExNzk3
limolane.com,none,,,https://limolane.com/login,https://limolane.com/.well-known/sgcaptcha/?r=%2Flogin&y=ipc:146.148.68.33:1781982542.381
lindy.ai,none,,,https://chat.lindy.ai/login,https://chat.lindy.ai/login
linear.app,none,,,https://linear.app/login,https://linear.app/login
lingopal.ai,none,,,https://app.lingopal.ai/login,https://app.lingopal.ai/login
lingumi.com,none,,,https://lingumi.com/login,https://lingumi.com/login
linkby.com,none,,,https://linkby.com/login,https://linkby.com/login
linkly.com.au,none,,,https://linkly.com.au/login,https://linkly.com.au/wp-login.php
linkup.so,none,,,https://linkup.so/login,https://www.linkup.so/login
linqpal.com,none,,,https://linqpal.com/login,https://www.afternic.com/forsale/linqpal.com?utm_source=TDFS_DASLNC&utm_medium=parkedpages&utm_campaign=x_corp_tdfs-daslnc_base&traffic_type=TDFS_DASLNC&traffic_id=daslnc&
linqto.com,google_unknown,,gsi_only,https://app.linqto.com/signin,https://app.linqto.com/signin
liquid.diamonds,none,,,https://app.liquid.diamonds/#/sessions/new,https://app.liquid.diamonds/#/sessions/new
liquidmarketplace.io,none,,,https://liquidmarketplace.io/login,https://liquidmarketplace.io/login
liquidonate.com,none,,,https://dashboard.liquidonate.com/auth/login,https://dashboard.liquidonate.com/auth/login
liquidspace.com,none,,,https://liquidspace.com/login,https://liquidspace.com/login
liveblocks.io,none,,,https://liveblocks.io/login,https://liveblocks.io/login
livelarq.com,none,,,https://livelarq.com/login,https://www.livelarq.com/login
livemomentous.com,none,,,https://livemomentous.com/login,https://livemomentous.com/login
liveohana.ai,none,,,https://liveohana.ai/login,https://liveohana.ai/login
livespace.io,none,,,https://livespace.io/login,https://www.livespace.io/en/login/
livespace.pl,none,,,https://livespace.pl/login,https://www.livespace.io/pl/logowanie/
livetinted.com,none,,,https://livetinted.com/login,https://livetinted.com/login
livingfood.co,none,,,https://livingfood.co/login,https://livingfood.co/login
loanboox.ch,none,,,https://app.loanboox.com/landing/ch/login?lang=de-CH,https://app.loanboox.com/landing/ch/login?lang=de-CH
localie.co,none,,,https://localie.co/login,https://localie.co/login
localsports.network,none,,,https://localsports.network/login,https://recaptcha.cloud/?template=cpg&server=198.251.83.106&ip=136.113.108.52&http=1&host=localsports.network&real_ip=&proto=https&url=/login
lodgify.com,code,,response_type=code,https://app.lodgify.com/login/en/,https://app.lodgify.com/login/en/
lofty.ai,none,,,https://lofty.ai/login,https://www.lofty.ai/login
logicladder.com,none,,,https://logicladder.com/login,https://www.thesustainabilitycloud.com/
loginid.io,none,,,https://dashboard.loginid.io/login,https://dashboard.loginid.io/login
logojoy.com,none,,,https://logojoy.com/login,https://looka.com/login/
logrocket.com,none,,,https://app.logrocket.com,https://app.logrocket.com/
lokalise.co,none,,ERR:dns,,
lolamarket.com,none,,,https://accounts.google.com/ServiceLogin?service=wise&passive=1209600&continue=https://drive.google.com/file/d/1iLI4HZPoCC_NM0NL8sPhySSPNydd8oMj/view?usp%3Dsharing&followup=https://drive.google.com/file/d/1iLI4HZPoCC_NM0NL8sPhySSPNydd8oMj/view?usp%3Dsharing,https://accounts.google.com/v3/signin/identifier?continue=https%3A%2F%2Fdrive.google.com%2Ffile%2Fd%2F1iLI4HZPoCC_NM0NL8sPhySSPNydd8oMj%2Fview%3Fusp%3Dsharing&dsh=S1795464941%3A1781984085263535&followup=https%3A%2F%2Fdrive.google.com%2Ffile%2Fd%2F1iLI4HZPoCC_NM0NL8sPhySSPNydd8oMj%2Fview%3Fusp%3Dsharing&passive=1209600&service=wise&flowName=GlifWebSignIn&flowEntry=ServiceLogin&ifkv=AcDsRvyNg8PYQM59no4bzmHG7cLYHsjEgrgulr0X6mMFbY37duO4gHDX1omDNTAn85zpPUtXDNI6rw
lolli.com,none,,,https://lolli.com/login,https://lolli.com/login
lollipopai.com,none,,,https://lollipopai.com/login,https://www.cherrypick.co/login
lookandfin.com,none,,,https://lookandfin.com/login,https://www.lookandfin.com/choose-you-country
lookback.io,none,,,https://lookback.io/dashboard,https://auth.lookback.io/login?login_challenge=SJPUs5ezhbIpr1JCQ3o4znl9hYJSbD-SbWEGNFy3vbwUZ_4xz-W-QOE7DEHPjpMTQr4YYHOm2DUb2txg_sm8PslDyKQCE4ZxH4MdW3Z0ZN5tXtqFjcabLlLYdQ3-L57yfXOU0Yh8TnuDrlaI024lx0nx8ALceuPvtzSpA01yoP2vfCkazSj-vV4zlReRdWDzn_6pT0hRFGuY26sruDKQXhMWiMUnt7JDxLSwlOtLE5Rrsk_smzhIaowaYAyaXq1VpimlXYnY_LkdvfaJfiyiPUd_h1HqkX16Jlgi9YsMs2CMJnBVPZlnoMtWvLDKkM-udsoDNLDQgOT5KJ-KTfGN7MDGszi-D_Y0X_hcICV2KXrpnaC8ewWiQ29R_z-u-K4AU35Ocl-4YeIZmv376S_3SXFxfDlGvpK6wK_zHmghj0RIjfiwYbD1VJksHwtSk_v69ts7Ykm-az0e_FOh-Y6itx6EVx0OBAjHLKuPjPG8SWYUWtJyT_XTiKgUlbWDmwWLT1BhX5mYgewqHxik_5qvCX0TLG1DUp7oeNWBceGyHDJOW0irGP3HgaL8kht-Lg1uDyaoubnQfc6aB84iUMuoM2PsZi6FhyvGkwfsDvhAK8987pruFdxj133tew3gvRO3T6nIW9f-gDOx8jiTi5LG4sjMQs4c0qaj9_KFcEEgSvRNcWDXFMPKVry5tGTUzXf7LXzhOSsE1oBP1KAEihRI7i7EUYbTp5RKRGJtntyw9IGH60CXdHfYwuhaN_Hm_Ar-fekD8h_lJ07uPn2dDGPwNLF0XG3iJMG7BcIWIdbGAUcIKMk3pdVCNyMSq6NvP9YO7MvO_4MZIWdwAfIQykLjAz-1B7dX3tAEZgCzNsyRRDfAsBRbD7PudKXP6rCQmG2UTss1DZA0JApEwMHksK-uYi4kgwzbNZ0FhTK1taIE2IvPleEOC6DWcladMX-m-Q4M8w8K3xekGcyuYLW6gHyMus4NCQURfcJY1NpSK_QGKPyGg706oaODko_cLROqSOkg_9fDoMPr5IMMCnQKTk7mXxN-GDkTC8n-tvdepoJAhT7JZRNLlGMXrrSutLrJOflr3Elpshxr4M3U8jE4giYCpdsI1-LyOq_xUBgTOzcj4UDDF_hVws4AVgj9a_InvMcFmeiyRfPw2pF9RpJunt-4ZgWhuwNaU2EYSRctsVh_RSRS1y6s5MBu0dDr-YcSIEkVjZ4tY7f7stVPLAS3IqQXLPhdeMpGzAr_KGdD8OMQgVCiTSxMuyOmg4ECrc8bN6a3XJHIZaQU14agYOmwCtUBlk3I9-gTvsbGXl44IvzewwQ0SNmpsEBeUyzuK0vInYmINpsBFs8bROu9bPJKmxgDOz0LatJH3Jdbn90duAeJmKro81WxcfzM7w5tgiLmPX7Z18YaacMkbgsbJyvqGyEmSOpL-MMeJTt_dvZvQBMyMLI5rNZ3ROLjIbHaMK6gyNX2lHz_E00-PjxTdf79dJAVMCqGGXmLPwuMv2gW8HO-g3LLY5ir4TvUEQNMoloeqHP3vRBrQSnQqreM3JLwXf46Uw40iIm1V8xpIEiHd4yXXSa9ynpybxemzucmAltTMKg%3D
loop.baby,none,,,https://loop.baby/login,https://loop.baby/lander
loopgolf.co,code,,response_type=code,https://loopgolf.co/login,https://loopgolf.co/login
loopme.com,none,,,https://loopme.com/login,https://loopme.ai/wp-login.php
loopreturns.com,code,,response_type=code,https://admin.loopreturns.com/,https://admin.loopreturns.com/login/sso?organization
lopay.com,code,,response_type=code,https://portal.lopay.com,https://portal.lopay.com/login
loquis.com,google_unknown,,gsi_only,https://studio.loquis.com/login?token=null,https://studio.loquis.com/login?token=null
loupeart.com,none,,,https://loupeart.com/login,https://loupeart.com/pages/shop
lovefromyours.com,none,,,https://lovefromyours.com/login,https://lovefromyours.com/login
loverly.com,none,,,https://loverly.com/login,https://loverly.com/login
loveseat.com,none,,,https://loveseat.com/login,https://www.loveseat.com/
lovevery.com,none,,,https://shop.lovevery.com/account/login,https://shop.lovevery.com/account/login
lovo.ai,none,,,https://auth.lovo.ai/,https://auth.lovo.ai/
lucerneam.com,none,,,https://lucerneam.com/login,https://lucerneam.com/login
luckytruck.com,none,,,https://luckytruck.com/login,https://luckytruck.com/login
lula.com,none,,,https://app.meetgail.com,https://app.meetgail.com/
lula.life,none,,,https://lula.life/login,https://lula.life/login
lulalend.co.za,none,,,https://lulalend.co.za/login,https://lulalend.co.za/login
lumalabs.ai,none,,,https://app.lumalabs.ai,https://auth.lumalabs.ai/sign-up?client_id=client_01JEPBX392F635E24E17DGY3NX&redirect_uri=https%3A%2F%2Fapp.lumalabs.ai%2Fauth%2Fcallback&state=Fe26.2*1*cc848ab47c44086d01d86a7a196662f302833f3efe7c65c81f93e4489a40c5fc*xAxzcdo0Hjf3YkAYcdT5eA*dTx6vHrn95zUjPQvJvzB8VXA9Yhca5R9SsYy4g0asw7jyI43TwZ91uXGZIxZqsTRVWIPHGmQezr_2NKrW99Z_Q0qmLsBy733rPDXttQM1iWMebG6_GTph3poT0u4ik2Qa8cglogChQGg-L2GFFvbIEtrBOg1s_jgYO7JyGvETF03cLELLPfKZdv-lI6CudhF*1781982535880*a443bd0c773cbdbbee4d5f0f30ad78cd007c6f31e7cf657988f508e29bab951d*uHpSmZ7SjQvRsQpE8v7G-_QtQXe5AZ-RWCFvlPFe_b8%7E2&authorization_session_id=01KVK6D0907N460B8955A9CC92
lumavate.com,none,,ERR:dns,,
lumen5.com,none,,,https://lumen5.com/login,https://lumen5.com/login
lumix.ai,none,,,https://lumix.ai/login,https://www.lumana.ai/login
luxdone.com,none,,,https://luxdone.com/login,https://luxdone.com/login
luxstay.com,none,,,https://luxstay.com/login,https://luxstay.com/login
luxurygaragesale.com,none,,,https://luxurygaragesale.com/login,https://luxurygaragesale.com/login
luzmo.com,none,,,https://app.us.luzmo.com/login,https://app.us.luzmo.com/login
lvrg.ai,none,,,https://app.lvrg.ai/signin,https://app.lvrg.ai/signin
lxrco.com,none,,,https://my.fashionphile.com?locale=en&buyer_flags=eyJhbGciOiJIUzI1NiJ9.eyJpc3MiOiI5YjY4NDQtNjgubXlzaG9waWZ5LmNvbSIsImZsYWdzIjpbXSwiZXhwIjoxNzgyNTgyMDI1LCJuYmYiOjE3ODE5NzcyMjV9.Ia7MleNcbQSXjrpYPAuiYLLZIOlmrlm864ruB7epdrs&region_country=US&signinaction=1,https://www.fashionphile.com/pages/sign-in?redirect_url=https%3A%2F%2Fclerk.fashionphile.com%2Foauth%2Fauthorize%2Fcontinue%3Fclient_id%3D4lCSS2zrcOHmSsQz%26nonce%3D97b48130-c517-4e0e-9812-981c6e1e8e0d%26redirect_uri%3Dhttps%253A%252F%252Fmy.fashionphile.com%252Fauthentication%252Flogin%252Fexternal%252Fcallback%26response_type%3Dcode%26scope%3Dopenid%2Bemail%2Bprofile%26state%3DhWNDZCQDhQunRrEW6cDdbZHl
lyfegen.com,none,,,https://auth.lyfegen.com/login,https://auth.lyfegen.com/login
lyft.com,google_unknown,,gsi_only,https://lyft.com/login,https://account.lyft.com/auth
lyke.de,none,,,https://lyke.de/login,https://lyke.de/login
lynkpeople.com,none,,,https://lynkpeople.com/login,https://lynkpeople.com/login
m-files.com,none,,,https://m-files.com/login,https://m-files.com/login
maalexi.com,none,,,https://dashboard.maalexi.ai/,https://dashboard.maalexi.ai/
mabl.com,none,,,https://app.mabl.com/login,https://app.mabl.com/login
machinations.io,none,,,https://machinations.io/login,https://machinations.io/login
made.com,none,,,https://www.made.com/secure/accounts/transfer,https://www.made.com/secure/account/Login
madhappy.com,jwt,yes,gis_credential,https://madhappy.com/login,https://www.madhappy.com/login
maersk.com,none,,,https://accounts.maersk.com/login,https://accounts.maersk.com/login
magic.link,none,,,https://dashboard.magic.link/login,https://dashboard.magic.link/login
magzter.com,jwt,yes,gis_credential,https://magzter.com/login,https://www.magzter.com/login/email
mainstreet.com,none,,,https://mainstreet.com/login,https://mainstreet.com/login
mainvest.com,none,,ERR:dns,,
maisonette.com,none,,,https://maisonette.com/login,https://www.maisonette.com/
majesco.com,none,,,https://productportal.majesco.com/login.action?os_destination=%2Fpages%2Fviewpage.action%3FspaceKey%3DMPP%26title%3DMajesco%2BProduct%2BPortal&permissionViolation=true,https://majesco-product-portal-prod.refined.site/login
makerdojo.io,none,,,https://makerdojo.io/login,https://makerdojo.io/login
makerist.de,none,,,https://makerist.de/login,https://makerist.de/login
maltysnacks.com,none,,,https://maltysnacks.com/login,https://www.maltysnacks.com/login
manatal.com,none,,,https://app.manatal.com/login,https://app.manatal.com/login
mancrates.com,none,,,https://mancrates.com/login,https://mancrates.com/login
manime.co,none,,,https://accounts.shopify.com/recovery/stores?utm_source=gurucopy&utm_medium=link&utm_campaign=Gurus,https://accounts.shopify.com/recovery/stores?utm_source=gurucopy&utm_medium=link&utm_campaign=Gurus
manomotion.com,none,,,https://manomotion.com/login,https://www.manomotion.com/wp-login.php
manufacturingsource.com,none,,,https://app.geomiq.com/login,https://app.geomiq.com/login
mapbox.com,none,,,https://account.mapbox.com/auth/signin,https://account.mapbox.com/auth/signin/
mappedin.com,none,,,https://mappedin.com/login,https://www.mappedin.com/login
mapyourproperty.com,none,,,https://app.mapyourproperty.com/#/signup,https://app.mapyourproperty.com/#/
marblepay.com,token,yes,response_type=token,https://wallet.marblepay.com/,https://wallet.marblepay.com/
marginedge.com,none,,,https://app.marginedge.com/,https://app.marginedge.com/#/auth
markettime.com,none,,,https://apps.markettime.com/login,https://apps.markettime.com/login
maroo.us,none,,,https://pay.maroo.us/v/signup,https://pay.maroo.us/v/signup
marqo.ai,none,,,https://cloud.marqo.ai,https://cloud.marqo.ai/authentication/login/
marsdd.com,none,,,https://app.marsdd.com,https://app.marsdd.com/
masaischool.com,none,,,https://masaischool.com/login,https://www.masaischool.com/login
mashroom.com,none,,,https://mashroom.com/login,https://mashroom.com/login
masienda.com,none,,,https://masienda.com/login,https://masienda.com/login
matador.network,none,,,https://matador.network/login,https://matador.network/login
mathpix.com,none,,,https://accounts.mathpix.com,https://accounts.mathpix.com/login
matific.com,code,,response_type=code,https://www.matific.com/us/en-us/login-page/,https://www.matific.com/us/en-us/login-page/
matterport.com,jwt,yes,response_type=id_token,https://authn.matterport.com/auth/login?target=http%3A%2F%2Fmy.matterport.com%2F,https://authn.matterport.com/login?target=http%3A%2F%2Fmy.matterport.com%2F
mavenclinic.com,none,,,https://mavenclinic.com/login,https://auth.mavenclinic.com/u/login?state=hKFo2SBhOC1uWGlTU2lSM29WZVBqc3p3UnVsMDdpMzlLX2ZId6Fur3VuaXZlcnNhbC1sb2dpbqN0aWTZIEo1WE5ZX3hVQmV6Nmh1RHQtb2VQYlRjb3JnZVBaX1Mzo2NpZNkgUHlzYXZpSm1NU1pURzFTa0JXMXNLQzVabmJzTUhUY0M
maximumtest.ru,none,,,https://login.maximumtest.ru,https://login.maximumtest.ru/
mdally.com,none,,,https://allynet.mdally.com/,https://allynet.mdally.com/users/sign_in
mdliaison.com,none,,,https://app.mdliaison.com/start,https://sso.mdliaison.com/realms/prod/protocol/openid-connect/auth?client_id=frontend&redirect_uri=https%3A%2F%2Fapp.mdliaison.com%2Fstart&state=2b682b39-16b1-4483-89a2-2b0cf4451e71&response_mode=fragment&response_type=code&scope=openid%20roles&nonce=cc11adc2-fed8-4d9a-91a6-190600a40346
meaningfulgigs.com,none,,,https://meaningfulgigs.com/login,https://www.puntt.ai/login
measurable.energy,none,,,https://hub.measurable.energy/login?next=%2Fresources%2Flocations,https://hub.measurable.energy/login?next=%2Fresources%2Flocations
meb.gov.tr,none,,,https://e-kurs.meb.gov.tr/Login.aspx,https://e-kurs.meb.gov.tr/Login.aspx
medatlas.com,none,,,https://medatlas.com/login,https://medatlas.com/login
medbridgeed.com,none,,,https://medbridgeed.com/login,https://www.medbridgeeducation.com/login
meddo.in,none,,,https://meddo.in/login,https://meddo.in/login
mediamodifier.com,code,,response_type=code,https://mediamodifier.com/login,https://mediamodifier.com/login
mediapartners.com,none,,,https://www.mediapartners.com/customer/account/login/referer/aHR0cHM6Ly93d3cubWVkaWFwYXJ0bmVycy5jb20v/,https://www.mediapartners.com/customer/account/login/referer/aHR0cHM6Ly93d3cubWVkaWFwYXJ0bmVycy5jb20v/
mediately.com,google_unknown,,gsi_only,https://mediately.com/login,https://mediately.co/login
medino.com,none,,,https://medino.com/login,https://www.medino.com/login
mediquo.com,none,,,https://mediquo.com/login,https://mediquo.com/login
medivo.com,none,,ERR:dns,,
mednow.ca,none,,,https://app.mednow.ca/,https://app.mednow.ca/
medsender.com,none,,,https://app.medsender.com/login?_ga=2.113144583.2032924244.1648927817-727801570.1648417160,https://app.medsender.com/login?_ga=2.113144583.2032924244.1648927817-727801570.1648417160
meeno.com,none,,,https://meeno.com/login,https://meeno.com/login/
meetingselect.com,none,,,https://meetingselect.com/en/login.aspx,https://www.meetingselect.com/en/login.aspx
meetkoko.com,none,,,https://meetkoko.com/login,https://meetkoko.com/login
meetleo.co,code,,response_type=code,https://insights-app.meetleo.com/signup/register?productKey=pnce_sub_2026_01&credits=750&paymentType=yearly,https://insights-app.meetleo.com/signup/register?productKey=pnce_sub_2026_01&credits=750&paymentType=yearly&leadId=81qipcp3apl
meetleo.com,code,,response_type=code,https://insights-app.meetleo.com/signup/register?productKey=pnce_sub_2026_01&credits=750&paymentType=yearly,https://insights-app.meetleo.com/signup/register?productKey=pnce_sub_2026_01&credits=750&paymentType=yearly&leadId=35c9irrdinj
meewee.com,none,,ERR:dns,,
mela.work,none,,,https://app.mela.work,https://app.mela.work/auth
melhorescola.net,none,,,https://melhorescola.net/login,https://www.melhorescola.com.br/login
memberstack.com,jwt,yes,response_type=id_token,https://app.memberstack.com/login,https://app.memberstack.com/login
memberstack.io,jwt,yes,response_type=id_token,https://app.memberstack.com/login,https://app.memberstack.com/login
membersuite.com,none,,,https://app.memberzone.com/Login/,https://app.memberzone.com/Login/
memories.ai,none,,,https://memories.ai/login,https://memories.ai/login
menosai.com,none,,,https://menosai.com/login,https://www.menosai.com/login
mento.co,code,,response_type=code,https://app.mento.co,https://app.mento.co/signin
mentra.com,none,,,https://mobile.mentra.com/,https://mobile.mentra.com/auth/signup
mercadolabs.com,none,,,,
mercuryo.io,none,,,https://mercuryo.io/login,https://mercuryo.io/login
merge.dev,none,,,https://merge.dev/login,https://www.merge.dev/login
meritnation.com,none,,ERR:dns,,
merqube.com,none,,,https://merqube.com/login,https://merqube.com/login
messari.io,code,,response_type=code,https://messari.io/login,https://messari.io/login
metaplane.dev,code,,response_type=code,https://metaplane.dev/login,https://auth.metaplane.dev/u/login/identifier?state=hKFo2SAzLVdKcFRnTHE3NHFlbkU3Z3doYldGRXNiV0o3eW9WSqFur3VuaXZlcnNhbC1sb2dpbqN0aWTZIERLaWVDTVJxVC1kazhSR0dJUVBsYklPV2dlM004NXMxo2NpZNkgZ1VhMWM4MGNBcml5ZWpJa0RnNGVKNzZZSEdBanZwbjc
metaview.ai,code,,response_type=code,https://my.metaview.app/auth/?mv_cta=header_sign_in,https://my.metaview.app/auth/sign-in
methinks.io,none,,,https://methinks.io/login,https://www.methinks.io/login
method.me,jwt,yes,response_type=code token id_token,https://signin.method.me/?_gl=1*1hv1cch*_gcl_au*NTc1NTM1MDk4LjE3MzkyODg4NjM.*_ga*OTU5MDkwMjUxLjE2Nzc1OTk2NTU.*_ga_L2HEZNW53E*MTc0MzQ3MDUwMC40LjAuMTc0MzQ3MDUxNy40My4wLjE3MDQ4NDc5MzM.&_ga=2.162661820.1827644277.1743456497-959090251.1677599655,https://signin.method.me/?_gl=1*1hv1cch*_gcl_au*NTc1NTM1MDk4LjE3MzkyODg4NjM.*_ga*OTU5MDkwMjUxLjE2Nzc1OTk2NTU.*_ga_L2HEZNW53E*MTc0MzQ3MDUwMC40LjAuMTc0MzQ3MDUxNy40My4wLjE3MDQ4NDc5MzM.&_ga=2.162661820.1827644277.1743456497-959090251.1677599655
metricool.com,none,,,https://app.metricool.com/,https://app.metricool.com/login
metrist.io,none,,,https://metrist.io/login,https://metrist.io/login
mettcoverglobal.com,none,,ERR:dns,,
mettrr.com,none,,,https://mettrr.com/login,https://thewebsiteplatform.com/login?sub=mettrr-start
meundies.com,none,,,https://meundies.com/login,https://meundies.com/login
mfa.gov.tr,none,,,https://mfa.gov.tr/login,https://www.mfa.gov.tr/login
mfour.com,none,,,https://mfour.com/login,https://www.mfour.com/wp-login.php
mheducation.com,none,,,https://shop.mheducation.com/store/services/account/profile.html,https://shop.mheducation.com/login?redirectUrl=https:%2F%2Fshop.mheducation.com%2Fstore%2Fservices%2Faccount%2Fprofile.html%3Fredirect%3Dtrue
micksgarage.com,none,,,https://micksgarage.com/login,https://www.micksgarage.com/login
micron.com,none,,,https://micron.com/login,https://www.micron.com/login
micropace.com.au,none,,,https://micropaceep.com/login/,https://micropaceep.com/login/
microventures.com,none,,,https://my.microventures.com,https://my.microventures.com/login
mighty.com,none,,,https://home.mighty.com/,https://home.mighty.com/login
migros.com.tr,none,,,https://migros.com.tr/login,https://migros.com.tr/login
millybooks.com,none,,,https://app.millybooks.com/login,https://app.millybooks.com/login
mindee.com,none,,,https://app.mindee.com/login,https://app.mindee.com/login
mindtrip.ai,jwt,yes,response_type=id_token,https://mindtrip.ai/login,https://mindtrip.ai/auth/sign-in?callbackUrl=%2Flogin
minimalinteractive.com,none,,,https://minimalinteractive.com/login,https://minimalinteractive.com/login
mintos.com,none,,,https://mintos.com/login,https://www.mintos.com/en/login/
miotech.com,none,,,https://miotech.com/login,https://www.miotech.com/zh-CN
miro.com,jwt,yes,gis_credential,https://miro.com/login,https://miro.com/login/
misen.co,none,,,https://misen.co/signin,https://misen.com/signin
missgrass.com,none,,,https://missgrass.com/login,https://missgrass.com/login
mizzenandmain.com,none,,,https://mizzenandmain.com/login,https://mizzenandmain.com/login
mltech.ai,none,,,https://mltech.ai/login,https://www.mltech.ai/
mmhmm.app,code,,response_type=code,https://signin.app.airtimetools.com/ooo/sign-in?page_last_visited=%2Fhome&statsig_uid=f7368c16-cf53-4985-b3b3-7dce85244885&context=%2F%3Fpage_last_visited%3D%252Fhome%26statsig_uid%3Df7368c16-cf53-4985-b3b3-7dce85244885,https://signin.app.airtimetools.com/ooo/sign-in?page_last_visited=%2Fhome&statsig_uid=f7368c16-cf53-4985-b3b3-7dce85244885&context=%2F%3Fpage_last_visited%3D%252Fhome%26statsig_uid%3Df7368c16-cf53-4985-b3b3-7dce85244885
mobilityview.com,none,,,https://mobilityview.com/login,https://mobilityview.com/login
mobiz.co,none,,,https://app.getmobiz.com,https://auth.mobiz.co/login?state=hKFo2SA4eG53SS1reVZNdHVMS0k0UGp0YUEzb1RiLVYxamdUSKFupWxvZ2luo3RpZNkgM0pUamlST0tTRlBnZFVOb2RTLVl0czluT2lJS1pPZjOjY2lk2SAwRGJ3SHhWQ3dlR1VQSlpCc0RBNk9tbVV2Mnl3c3dTbA&client=0DbwHxVCweGUPJZBsDA6OmmUv2ywswSl&protocol=oauth2&audience=api-mobiz-smart&redirect_uri=https%3A%2F%2Fapp.getmobiz.com&environment=prod&screen_hint=login&scope=openid%20profile%20email%20offline_access&response_type=code&response_mode=query&nonce=MlNWdGo1M2JqdmhFdkdIU0ZaNXVFUExFRmdtS3diT1pZT0xNWUYxSTdsYQ%3D%3D&code_challenge=-3X0rWVt-5GgaPFquXaThPraK6uw6Cn4ohz59bVst3c&code_challenge_method=S256&auth0Client=eyJuYW1lIjoiYXV0aDAtc3BhLWpzIiwidmVyc2lvbiI6IjEuMTIuMCJ9
modak.live,none,,,https://modak.live/login,https://www.modakmakers.com/login
modash.io,google_unknown,,gsi_only,https://marketer.modash.io/discovery,https://marketer.modash.io/identity/login?redirect=/discovery/instagram
mode.com,none,,,https://app.mode.com/signin,https://app.mode.com/signin
modernlife.com,none,,,https://app.modernlife.com,https://account.modernlife.com/login?state=hKFo2SBFM1E2eDdRYlpOMWZFbVpxN0g1MDFPbWdMR2l2ODFyQqFupWxvZ2luo3RpZNkgZXFCM2tPX0txWHlDUXFUeEFuVHk2ZENBMXRpTmtRTHijY2lk2SBGdXdTVVdjWmV5OFRmMkZKQUZXaUVOUDl0S3dxSElvUw&client=FuwSUWcZey8Tf2FJAFWiENP9tKwqHIoS&protocol=oauth2&scope=openid%20profile%20email&redirect_uri=https%3A%2F%2Fapp.modernlife.com&audience=https%3A%2F%2Fgraphql.app.modernlife.com%2Fv1%2Fgraphql&response_type=code&response_mode=query&nonce=cUdydVd4YXEuZ3Y2SWFLR1BVdGE2T1VtWE1mdE4uY1FsQ3FieVNDZW5law%3D%3D&code_challenge=8wVa909OMYW8ee2PgZEwBMzoIojQCFrR638d4NUavxU&code_challenge_method=S256&auth0Client=eyJuYW1lIjoiYXV0aDAtcmVhY3QiLCJ2ZXJzaW9uIjoiMi4xNS4wIn0%3D
modular.com,none,,,https://console.modular.com/signup?utm_source=topNav,https://console.modular.com/signup?utm_source=topNav
moesif.com,none,,,https://moesif.com/login,https://www.moesif.com/login
mogul.club,none,,,https://app.mogul.club/?lp_exp=v1,https://app.mogul.club/signin?lp_exp=v1&redirect=%2Fproperties
mogul.sg,code,,response_type=code,https://mogul.sg/login,https://www.mogul.sg/login
moises.ai,code,,response_type=code,https://studio.moises.ai/login/,https://studio.moises.ai/auth/login
molofinance.com,none,,,https://portal.molofinance.com,https://portal.molofinance.com/Account/Login?ReturnUrl=%2f
momentlens.co,none,,,https://momentlens.co/login,https://momentlens.co/login
momentohq.com,code,,response_type=code,https://momentohq.com/login,https://login.gomomento.com/u/login/identifier?state=hKFo2SBIT1dvQkt4TlpkdnZBYWViUE10cldZbFdjU1FQV0F1eaFur3VuaXZlcnNhbC1sb2dpbqN0aWTZIGEtcjZYUEQ4ZGV0OGtOUGxEX2dDRzEzM3NIR3FBTnhro2NpZNkgaTVkbWN4OU9ab1ZNSkFMbm1KSXJGM1pwTUJMTW5tN0Q
monarchtractor.com,none,,,,
monarx.com,none,,,https://app.monarx.com/login,https://app.monarx.com/login?viewName=login&refinementsTab=0&recordTab=0&tableTab=0&showContent=false
mondee.com,jwt,yes,response_type=permission id_token,https://app.mondee.com/admin/enroll/login,https://app.mondee.com/admin/enroll/login
mondomedia.com,none,,,https://mondomedia.com/login,https://mondomedia.com/
moneytrans.eu,none,,,https://moneytrans.eu/login,https://www.moneytrans.eu/wp-login.php
monicaandandy.com,none,,,https://monicaandandy.com/login,https://monicaandandy.com/login
mono.co,none,,,https://app.mono.co/,https://app.mono.co/
monogoto.io,none,,,https://monogoto.io/login,https://monogoto.io/
monos.com,none,,,https://monos.com/login,https://monos.com/login
montycloud.com,code,,response_type=code,https://montycloud.com/login,https://montycloud.com/login
moov.io,none,,,https://dashboard.moov.io,https://dashboard.moov.io/signin
moovbuddy.com,none,,,https://app.moovbuddy.com/,https://app.moovbuddy.com/login
moozoom.ca,none,,,https://moozoom.ca/login,https://moozoomapp.com/
morningscore.io,none,,,https://v3.morningscore.io,https://app.morningscore.io/login
morpher.com,google_unknown,,gsi_only,https://www.morpher.com/trade/login,https://www.morpher.com/trade/login
morpheuslabs.io,none,,,https://morpheuslabs.io/login,https://morpheuslabs.io/login
mortgagecoach.com,none,,,https://edge.mortgagecoach.com/mc-editor/#/,https://edge.mortgagecoach.com/mc-editor/#/
mosaicapp.com,none,,,https://login.mosaicapp.com/login,https://login.mosaicapp.com/login
moselle.io,none,,,https://app.moselle.io/login,https://app.moselle.io/login
moss.earth,none,,,https://app.moss.earth/login,https://app.moss.earth/login
motherduck.com,none,,,https://auth.motherduck.com/authorize?app_source=web&response_type=code&client_id=bza3KWQpxRAFlTlRFXUo29AOg9xD7zcp&redirect_uri=https%3A%2F%2Fapp.motherduck.com%2F&state=STATE&ext-ph_distinct_id=e63cd1b5-50ac-417e-b4af-ac36a62ffe80,https://auth.motherduck.com/u/login/identifier?state=hKFo2SBmd01UanNGMUhXX0NacGVEZmFZcWJMR2lSVHM1WGZvbqFur3VuaXZlcnNhbC1sb2dpbqN0aWTZIGxqaktOaWxGYkZCRjFYb2hvQWVuNmF4WjJ4eDMyQXlfo2NpZNkgYnphM0tXUXB4UkFGbFRsUkZYVW8yOUFPZzl4RDd6Y3A
motionapp.com,token,yes,response_type=token,https://projects.motionapp.com,https://projects.motionapp.com/login
motorica.ai,none,,,https://motorica.ai/login,https://motorica.com/login
mous.co,none,,,https://mous.co/login,https://mous.co/login
moving2canada.com,none,,,https://moving2canada.com/account/#/register,https://news.moving2canada.com/join#/register
moxiescrubs.com,none,,,https://moxiescrubs.com/login,https://moxiescrubs.com/login
moxo.com,none,,,https://app.moxo.com/signup?attribution=,https://app.moxo.com/signup?attribution=
moxtra.com,none,,,https://app.moxo.com/signup?attribution=,https://app.moxo.com/signup?attribution=
mozartdata.com,none,,,https://mozartdata.com/cataloging-organizing-data/,https://mozartdata.com/cataloging-organizing-data/
mulesoft.com,none,,,https://mulesoft.com/login,https://www.mulesoft.com/login
murphysnaturals.net,none,,,https://murphysnaturals.net/login,https://www.murphysnaturals.com/login
muse.ai,jwt,yes,response_type=permission id_token,https://muse.ai/login,https://muse.ai/login
musicbreakr.com,none,,,https://musicbreakr.com/login,https://www.breakr.app/login
musiversal.com,google_unknown,,gsi_only,https://app.musiversal.com/login/?ip=34.60.77.245&os=Windows,https://app.musiversal.com/login/?ip=34.60.77.245&os=Windows
mutlubiev.com,none,,,https://mutlubiev.com/login,https://mutlubiev.com/login
mux.com,code,,response_type=code,https://dashboard.mux.com/login,https://dashboard.mux.com/login
muzmatch.com,none,,ERR:dns,,
myamericanshop.com,none,,,https://myamericanshop.com/login,https://www.myamericanshop.com/login
myavana.com,none,,,https://www.myavana.com/customer_authentication/redirect?locale=en&region_country=US,https://shopify.com/authentication/8907956/login?client_id=baf81d53-5330-4285-9649-9b3ad078cbc7&locale=en-US&redirect_uri=%2Fauthentication%2F8907956%2Foauth%2Fauthorize%3Fbuyer_flags%3DeyJhbGciOiJIUzI1NiJ9.eyJpc3MiOiJteWF2YW5hLm15c2hvcGlmeS5jb20iLCJmbGFncyI6W10sImV4cCI6MTc4MjU4Njk2MCwibmJmIjoxNzgxOTgyMTYwfQ.PlpC7gYQrI9sw_A10aI4fx33yyauxZQ6hlhfYBRzB68%26client_id%3Dbaf81d53-5330-4285-9649-9b3ad078cbc7%26locale%3Den-US%26nonce%3D7cfe1258-4337-44d2-9fc2-23b5a13e52be%26redirect_uri%3Dhttps%253A%252F%252Fshopify.com%252F8907956%252Faccount%252Fcallback%26region_country%3DUS%26response_type%3Dcode%26scope%3Dopenid%2Bemail%2Bcustomer-account-api%253Afull%26state%3DhWNDZGNSz1hY4FZbq5s4eB9e&region_country=US
mybookingpal.com,none,,,https://revpal.my-bookingpal.com/login,https://therevpal.com/login
mycamper.ch,code,,response_type=code,https://mycamper.ch/login,https://mycamper.ch/login
mycarly.com,jwt,yes,response_type=id_token,https://mycarly.com/login,https://www.mycarly.com/login/
mychekker.com,none,,,,
mycnote.com,none,,,https://secure.mycnote.com/login,https://secure.mycnote.com/login
myhealthchampion.com,none,,,https://myhealthchampion.com/login,https://myhealthchampion.com/login
myidentitypass.com,none,,,https://myidentitypass.com/login,https://myidentitypass.com/login
myillumine.com,none,,,https://school.illumine.app/,https://school.illumine.app/
myki.co,none,,,https://myki.co/signin,https://myki.co/signin
mynectar.co,none,,,,
myregistry.com,none,,,https://myregistry.com/login,https://www.myregistry.com/login
myrentcheck.co,none,,,https://myrentcheck.co/login,https://www.searchhounds.com/articles/how-to-check-your-public-ip-and-location-safely.html?psystem=PW&domain=myrentcheck.co&oref=https%3A%2F%2Fmyrentcheck.co%2Flogin&trafficTarget=gd
myserenitykids.com,none,,,https://myserenitykids.com/login,https://myserenitykids.com/login
myshyft.com,none,,,https://myshyft.com/login,https://myshyft.com/login?ki-cf-botcl=1
mystifly.com,none,,,https://mystifly.com/login,https://mystifly.com/wp-login.php
mytide.io,none,,,https://mytide.io/login,https://www.mytide.io/login
mytutor.co.uk,none,,,https://mytutor.co.uk/login,https://www.mytutor.co.uk/login/
myways.ai,none,,,https://myways.ai/login,https://myways.ai/login
myzeller.com,none,,,https://dashboard.myzeller.com/,https://dashboard.myzeller.com/
myzenbase.com,none,,,https://app.myzenbase.com/login,https://app.myzenbase.com/sign-in
nabla.com,none,,,https://app.nabla.com/,https://app.nabla.com/onboarding/welcome?redirect=%2F
naborly.com,none,,,https://naborly.com/login,https://www.singlekey.com/
nabors.com,none,,,https://nabors.com/login,https://www.nabors.com/wp-login.php
nadahomes.com,none,,,https://nadahomes.com/login,https://nadahomes.com/login
nadamoo.com,none,,,https://nadamoo.com/login,https://nadamoo.com/login
nalbes.com,none,,,https://nalbes.com/login,https://nalbes.com/login
namastecredit.com,none,,,https://namastecredit.com/login,https://namastecredit.com/lander
nanit.com,none,,,https://nanit.com/login,https://nanit.com/login
nansen.ai,jwt,yes,gis_credential,https://app.nansen.ai/auth/signup?utm_source=website&utm_medium=button,https://app.nansen.ai/auth/signup?utm_source=website&utm_medium=button
narvar.com,code,,response_type=code,https://hub.narvar.com/sso/login,https://id.na01.narvar.com/auth/realms/Hub/protocol/openid-connect/auth?response_type=code&client_id=hub-backend-gcp&redirect_uri=https%3A%2F%2Fhub.narvar.com%2Fsso%2Flogin&state=0d5a9d0b-4cae-4cfa-b0bc-70fa0ea5fd6a&login=true&scope=openid
nayya.com,none,,,https://app.nayya.com/users/sign_in,https://app.nayya.com/users/sign_in
nbcuni.com,none,,,https://nbcuni.com/login,https://www.nbcuniversal.com/login
ncr.com,none,,,https://ncr.com/login,https://ncr.com/login
ncx.com,jwt,yes,response_type=id_token,https://landowners.ncx.com/getting-started,https://landowners.ncx.com/getting-started
nearpod.com,code,,response_type=code,https://nearpod.com/login,https://nearpod.com/login/
nebula.tv,none,,,https://nebula.tv/login,https://nebula.tv/login
nectir.io,none,,,https://ai.nectir.io/,https://ai.nectir.io/auth/signin?callbackUrl=%2F
nemuru.com,none,,,https://nemuru.com/login,https://nemuru.com/login
neo.tax,none,,,https://app.neo.tax,https://app.neo.tax/login
neoreach.com,none,,,https://neoreach.com/login,https://neoreach.com/login
nepa.com,none,,,https://csp.nepa.com/login,https://csp.nepa.com/login
neptune.ml,none,,,https://platform.openai.com/login,https://platform.openai.com/login
net-cents.com,none,,,https://net-cents.com/login,https://net-cents.com/login
netapp.com,none,,,https://netapp.com/login,https://www.netapp.com/login
netgear.com,none,,,https://netgear.com/login,https://www.netgear.com/on/demandware.store/Sites-netgear-us-Site/en_US/PX-Show?url=aHR0cHM6Ly93d3cubmV0Z2Vhci5jb20vb24vZGVtYW5kd2FyZS5zdG9yZS9TaXRlcy1uZXRnZWFyLXVzLVNpdGUvZW5fVVMvTG9naW4tU2hvdw%3d%3d&frame=1781982948068
neuvoo.ca,none,,,https://neuvoo.ca/login,https://neuvoo.ca/login
newmancloud.com,none,,,https://newmancloud.com/signin,https://newmancloud.com/signin
newsguardtech.com,none,,,https://account.newsguardtech.com/signin,https://account.newsguardtech.com/signin
newstag.com,none,,,https://newstag.com/login,https://newstag.com/login
newtonrunning.com,none,,,https://newtonrunning.com/login,https://www.newtonrunning.com/login
newtrul.com,none,,,https://newtrul.com/login,https://newtrul.com/wp-login.php
nexba.com,none,,,https://nexba.com/login,https://nexba.com/login
nextcleaners.com,none,,,https://nextcleaners.com/login,https://bynext.co/
niahealth.co,none,,,https://app.niahealth.co/auth?sign_in=true,https://app.niahealth.co/auth?sign_in=true
niche.com,none,,,https://niche.com/login,https://niche.com/login
nicslab.com,none,,,https://nicslab.com/login,https://www.nicslab.com/login
nilus.com,none,,,https://app.nilus.com,https://app.nilus.com/login
nimblerx.com,none,,,https://patient.nimblerx.com/app/landing,https://patient.nimblerx.com/app/landing
nimbushealthcare.com,code,,response_type=code,https://start.nimbushealthcare.com/patient?source_page=homepage&source_path=%2F&source_section=nav&cta_id=nav_login_desktop&destination_type=portal,https://start.nimbushealthcare.com/patient?source_page=homepage&source_path=%2F&source_section=nav&cta_id=nav_login_desktop&destination_type=portal
nise.tech,none,,ERR:dns,,
nisolo.com,none,,,https://nisolo.com/login,https://nisolo.com/login
noah.com,none,,,https://business.noah.com/auth/signin,https://business.noah.com/en/auth/signin
nobul.com,none,,,https://nobul.com/login,https://nobul.com/wp-login.php
nodeshift.com,none,,,https://nodeshift.com/login,https://nodeshift.com/login
nodle.co,none,,,https://nodle.co/login,https://www.nodle.com/
noho.care,none,,ERR:dns,,
noie.com,none,,,https://noie.com/login,https://noie.com/login
noissue.co,google_unknown,,gsi_only,https://noissue.co/login,https://login.noissue.co/realms/master/protocol/openid-connect/auth?client_id=everest&scope=openid%20email%20profile&response_type=code&redirect_uri=https%3A%2F%2Fnoissue.co%2Fapi%2Fauth%2Fcallback%2Fkeycloak&state=O82FQYP-qlKFo5Hu7xHqePpIzkitzMveiR1GiKsofzo&code_challenge=YbZTTxlRUJ1ubwEScrop3OFEyECwcBZaCYjTu8W065w&code_challenge_method=S256
nokofoods.co,none,,ERR:dns,,
nolej.io,none,,,https://fr.nolej.education,https://fr.nolej.education/
nomady.camp,none,,,https://nomady.camp/login,https://nomady.camp/?showLogin=true
nominal.so,none,,,https://app.nominal.so/login,https://app.nominal.so/login
nomz.com,none,,,https://nomz.com/login,https://nomz.com/login
nongfadai.com,none,,,https://nongfadai.com/signin,https://nongfadai.com/signin
nordgreen.com,none,,,https://nordgreen.com/login,https://nordgreen.com/login
noredink.com,code,,response_type=code,https://noredink.com/login,https://www.noredink.com/login
normative.io,code,,response_type=code,https://app.normative.io/,https://app.normative.io/
normod.com,none,,,https://normod.com/login,https://normod.com/login
nortekgroup.com,none,,,https://nortekgroup.com/login,https://www.nortekgroup.com/login
north.cloud,google_unknown,,gsi_only,https://app.north.inc/login,https://app.north.cloud/login
northbeam.io,none,,,https://dashboard.northbeam.io/,https://auth.northbeam.io/u/login?state=hKFo2SBfSEpiTjNXZkdrMjF0QWtSMFZFSC0td0F6bUlrbm9ORKFur3VuaXZlcnNhbC1sb2dpbqN0aWTZIExXVHFIWXhwZkljcWZFa0hGb1g2NE1QZFZfblQxXzBLo2NpZNkgU0F3em5GYjJaUG1DaWR1T3YwbEtxWjU1bzUxNTVjRDg
northflank.com,jwt,yes,gis_credential,https://app.northflank.com/login,https://app.northflank.com/login
northstarmoney.com,none,,,https://northstarmoney.com/login,https://www.northstarmoney.com/login
notiv.com,none,,,https://notiv.com/login,https://notiv.com/login/
notta.ai,google_unknown,,gsi_only,https://app.notta.ai/login?language=en&from=official,https://app.notta.ai/login?language=en&from=official
novagevity.ca,none,,,https://novagevity.ca/login,https://novagevity.ca/login
novelship.com,google_unknown,,gsi_only,https://novelship.com/login,https://novelship.com/login
novo.space,none,,,https://novo.space/login,https://www.novo.space/login
novos.gg,none,,,https://novos.gg/login,https://novos.gg/login
nowescape.com,code,,response_type=code,https://nowescape.com/login,https://nowescape.com/login
nowmoney.me,none,,,https://employer.nowmoney.me/_login,https://employer.nowmoney.me/_login
nowpay.com,none,,,https://nowpay.com/login,https://www.nowpay.com/login
nrwl.io,none,,,https://nrwl.io/login,https://nx.dev/company
nsca.com,none,,,https://www.nsca.com/login/,https://www.nsca.com/login/
nurse-1-1.com,none,,,https://nurse-1-1.com/signin,https://nurse-1-1.com/signin
nurturelife.com,none,,,https://nurturelife.com/login,https://welcome.nurturelife.com/login
nuview.space,none,,,https://earthai.nuview.space,https://login.nuview.space/u/login?state=hKFo2SA3aTZHRm93V2FpUnVBY3RxMF9GR2w0UHJlVDNUNmEzY6Fur3VuaXZlcnNhbC1sb2dpbqN0aWTZIFN2SmZtTVROekNpc0dJcW4yajg0U3J4WXVRZHVOWnlPo2NpZNkgSXVONUJmaDRZb09zSGFQODZXTzV3V1BQazhXdE1nVXM
nws.edu,none,,,https://cart.nws.edu/account/update/,https://cart.nws.edu/account/login?ReturnUrl=%2faccount%2fupdate%2f
nxcr.com,none,,ERR:dns,,
nzitf.org.nz,none,,,https://nzitf.org.nz/login,https://nzitf.org.nz/login
o-p-e-n.com,none,,,https://o-p-e-n.com/signin,https://o-p-e-n.com/signin?auth=choose-auth
oatbox.com,none,,,https://oatbox.com/customer_authentication/redirect?locale=en&region_country=CA,https://shopify.com/authentication/49264787624/login?client_id=2ff6f551-5095-4ff0-ac4a-e09dd25e26a7&locale=en-CA&redirect_uri=%2Fauthentication%2F49264787624%2Foauth%2Fauthorize%3Fbuyer_flags%3DeyJhbGciOiJIUzI1NiJ9.eyJpc3MiOiJvYXRib3hzaG9wLm15c2hvcGlmeS5jb20iLCJmbGFncyI6W10sImV4cCI6MTc4MjU4NzA1NCwibmJmIjoxNzgxOTgyMjU0fQ.KaIeQOw4TtMDV6sTBA5jfcqfGGHgbwTzbMlVgCY727s%26client_id%3D2ff6f551-5095-4ff0-ac4a-e09dd25e26a7%26locale%3Den-CA%26nonce%3Db6a763ee-de56-4970-9fc7-438610249b9a%26redirect_uri%3Dhttps%253A%252F%252Fshopify.com%252F49264787624%252Faccount%252Fcallback%26region_country%3DCA%26response_type%3Dcode%26scope%3Dopenid%2Bemail%2Bcustomer-account-api%253Afull%26state%3DhWNDZGXGVEvhu9tmQUmblFtS&region_country=CA
obsidiansecurity.com,none,,,https://obsidiansecurity.com/login,https://www.obsidiansecurity.com/login
ocean.io,none,,,https://app.ocean.io/,https://app.ocean.io/signin?href=%2F
oceanwide-expeditions.com,none,,,https://oceanwide-expeditions.com/login,https://oceanwide-expeditions.com/login
ockam.io,none,,,https://ockam.io/login,https://docs.ockam.io/
octoenergy.com,none,,,https://octoenergy.com/login,https://octopus.energy/
odeko.com,none,,,https://odeko.com/login,https://odeko.com/login
odoo.com,none,,,https://odoo.com/login,https://www.odoo.com/login
officehours.com,none,,,https://officehours.com/login,https://officehours.com/login
okadoc.com,none,,,https://okadoc.com/login,https://okadoc.com/404
okcoin.com,jwt,yes,response_type=permission id_token,https://okcoin.com/login,https://www.okcoin.com/account/login
oliversweeney.com,none,,,https://www.oliversweeney.com/account,https://www.oliversweeney.com/account/login?return_url=%2Faccount
olly.com,none,,,https://olly.com/login,https://www.olly.com/
omaze.com,none,,,https://omaze.com/login,https://omaze.com/
omni-guide.com,none,,,https://www.omni-guide.com/login/,https://www.omni-guide.com/login/
omniafishing.com,code,,response_type=code,https://omniafishing.com/login,https://www.omniafishing.com/login
omycosmetics.com,none,,,https://omycosmetics.com/login,https://omycosmetics.com/login
oncehub.com,code,,response_type=code,https://account.oncehub.com/signin,https://account.oncehub.com/signin?login_challenge=xGLnaL1EDYfP7c3qzd5yFiYsnpU3g07aKwQu-rhpLuaC1r2zd6yNbpEjPc3UoDxzsUJ_f91KEiTE6AGRjtjL63bMlli1t8L_Og5cZJZios9cjCKe1DfRoLTrHYeC9nmbWdynczQVnR24349fdgdrMd9lNCs2NNYAzr3gcjFWeTsoktlEa4HYXudviYzYZvwAD0AHRi31NJEVcvjLo98l_VREeh-wXDPyrgXwKCUqqNCN_ziwaR9lZDQH_k5D3QUBhWz0SHGv9Fu2wcIth-wMdfP3-ywO60686udcLpa2nfPMOSpyozRTVHtDomsfGKM4QEb9jZmRNgH5EVC3s4Frw5zMHVCGjqzB59kO0HgRNk5rF0WdtAJBOZr3IKzNxKQORTuF1G0yj96KgoyIKS6pX2yhrwEtkKagOKo4hJeckKs5BAh46ZidSKbBaqPKbMAiMI3X6T9Ny6nstPTLdR9hNwvBGdaP-yeEXhPqW_P--1M1VrYy32ADzuvbnoJ39Wo3BXidaUvL9JZbxNK9qmlD4LLlDqjqy1Ad13OLU3yN1XkX2lp9-pMI1thrVsHpKjm2qAA5Iun-bPSVogfksnD2rQEBjIaaxUh35ANuUl5mb3bDgPgop1G1uNagL8ovFNdLLPrJd_lji-6dKJpk0PF8abYeYZH_7gVLw4CjVrwbJww8_cXCC1oE_WIqEynzLNKpqtBfCI9fv5eOrMbG2HaDvWgBk9OeZ2w6cWOKam3iRKWmJjD9IA7zoO32vBUn1p17BAO8Uomma47PdkusHMo8fWcZ7lVlomhtmdLhW5FmIpdyDNdzZBso_TRXHSYbC3OazNlM0-ByQ_gDRmQUFIQDLREYf5kxAefXB6CaVgUbe4nF1quAJBaSTTDASzwA95OQWyJ-orErky9z-FFZow8HZDbDFVtOmy6cWt_rA_QhUySjNIY-3TzT4Qf-yRFb-zvCRFELu0xHZaKonrLlwKioymAfPiU-P_LEFggsJU6ykYMW3Al5a8lA5KZwe5Vqrs33w31j4vYOCMQrK7LHHOZ7HoXauF94cb5XXw8ZCTXuWRxy-YJGNDQh
onedome.com,none,,,https://onedome.com/login,https://www.onedome.com/login
onegarden.com,none,,,https://onegarden.com/login,https://www.afternic.com/forsale/onegarden.com?utm_source=TDFS_DASLNC&utm_medium=parkedpages&utm_campaign=x_corp_tdfs-daslnc_base&traffic_type=TDFS_DASLNC&traffic_id=daslnc&
onenotary.us,none,,,https://app.onenotary.us/accounts/login/,https://app.onenotary.us/accounts/login/
oneof.com,none,,,https://www.oneof.com/app/sign-up,https://www.oneof.com/app/drops
onepulse.com,none,,,https://client.onepulse.com/login,https://client.onepulse.com/login
oneqode.com.au,none,,,https://oneqode.com.au/login,https://oneqode.com/login
onerent.co,none,,ERR:dns,,
onetwotrip.com,google_unknown,,gsi_only,https://onetwotrip.com/login,https://www.onetwotrip.com/ru/login
only-apartments.com,none,,,https://only-apartments.com/login,https://only-apartments.com/
onlydust.com,none,,,https://onlydust.com/login,https://www.onlydust.com/
ontop.ai,none,,,https://ontop.ai/login,https://ontop.ai/login
ontruck.com,none,,,https://cargo.ontruck.com/login,https://cargo.ontruck.com/login
onxmaps.com,code,,response_type=code,https://onxmaps.com/login,https://identity.onxmaps.com/login?flow=d2a6216e-1f03-4e62-a84f-0968f4efb928
oops.io,none,,,https://oops.io/login,https://www.oops.io/login
open-cosmos.com,none,,,https://open-cosmos.com/login,https://open-cosmos.com/login
opencontext.com,none,,,https://opencontext.com/login,https://opencontext.com/login
openfarmpet.com,none,,,https://openfarmpet.com/login,https://openfarmpet.com/login
opengallery.co.kr,none,,,https://opengallery.co.kr/login,https://www.opengallery.co.kr/login/
openlearning.com,none,,,https://openlearning.com/login,https://www.openlearning.com/login/
openobserve.ai,none,,,https://openobserve.ai/login,https://openobserve.ai/login/
openpolicygroup.com,code,,response_type=code,https://openpolicy.us.auth0.com/u/login/identifier?state=hKFo2SBJX0RXSl9iMjE3S1VfYUtRNEgyRVNNQTdCUmQzTXVQa6Fur3VuaXZlcnNhbC1sb2dpbqN0aWTZIC1lTWZUeFFfdjFpcXFhVEVDTTZMSnVLMDNZYS16blYxo2NpZNkgUVM3OFNhOEVmdHh3bHhmbGNHS1ZncXBlN2pvbGN6d2w,https://openpolicy.us.auth0.com/u/login/identifier?state=hKFo2SAtekNMODZScE5yS2E4bG90akRkQjkwcUxqRE05V0pITqFur3VuaXZlcnNhbC1sb2dpbqN0aWTZIGdSY2JJR3Zzb0V3MDJ0bjQ1NEFRWEJ3VUZheWloZzVlo2NpZNkgUVM3OFNhOEVmdHh3bHhmbGNHS1ZncXBlN2pvbGN6d2w
opentext.com,none,,,https://opentext.com/login,https://www.opentext.com/login
operant.ai,none,,,https://app.operant.ai/,https://login.app.operant.ai/login?state=hKFo2SBmTDA1S1owdWl4S0hkLVlsd0M0MXpqblpoQWVvTldDeKFupWxvZ2luo3RpZNkgNUZXamtOalowZkx6WHZIRXVjaGN3Q2NHb2tVa3JoZEejY2lk2SBlYk1jb3J6WHR3UXhNVTRicUE1M3pBZmVTaGEyUzc4eg&client=ebMcorzXtwQxMU4bqA53zAfeSha2S78z&protocol=oauth2&scope=openid%20profile%20email%20read%3Acurrent_user%20update%3Acurrent_user_metadata%20offline_access&redirect_uri=https%3A%2F%2Fapp.operant.ai%2Fauth-callback&audience=https%3A%2F%2Fcore.operant.ai&response_type=code&response_mode=query&nonce=bjNMNV85OUdzNDl3bTU0YzJFU2xVbk5XM0o3ejJ%2BUDdRMGt0Lk1jVU9VWA%3D%3D&code_challenge=xQZiLq7XaXNJODyj7ujlbpic2E1SvAdWNTimmbgjoxg&code_challenge_method=S256&auth0Client=eyJuYW1lIjoiYXV0aDAtcmVhY3QiLCJ2ZXJzaW9uIjoiMi4yLjQifQ%3D%3D
opolis.co,none,,,https://commons.opolis.co/,https://commons.opolis.co/login
optimoroute.com,none,,,https://my.optimoroute.com/,https://my.optimoroute.com/login?next=%2F
optoceutics.com,none,,,https://optoceutics.com/login,https://optoceutics.com/.well-known/sgcaptcha/?r=%2Flogin&y=ipc:146.148.68.33:1781979633.610
orbitalads.io,none,,ERR:dns,,
orca.security,none,,,https://au.app.orcasecurity.io/login,https://au.app.orcasecurity.io/login
orcasecurity.io,none,,,https://au.app.orcasecurity.io/login,https://au.app.orcasecurity.io/login
organimi.com,code,,response_type=code,https://app.organimi.com,https://app.organimi.com/login?
orgos.io,none,,,https://orgos.io/login,https://orgos.io/login/
orkes.io,none,,,https://orkeshelp.zendesk.com/auth/v2/login/signin?return_to=https%3A%2F%2Fsupport.orkes.io%2Fhc%2Fen-us&theme=hc&locale=en-us&brand_id=4415595945364&auth_origin=4415595945364%2Ctrue%2Ctrue,https://orkeshelp.zendesk.com/auth/v3/signin?auth_origin=4415595945364%2Ctrue%2Ctrue&brand_id=4415595945364&locale=en-us&return_to=https%3A%2F%2Fsupport.orkes.io%2Fhc%2Fen-us&theme=hc
orlebarbrown.com,none,,,https://orlebarbrown.com/login,https://orlebarbrown.com/en-us
orthogonal.cc,none,,,https://orthogonal.cc/login,https://orthogonal.cc/login
osakakuma.com,none,,,https://www.HugeDomains.com/payment-plan-login.cfm,https://www.hugedomains.com/payment-plan-login.cfm
oschaslings.com,none,,,https://oschaslings.com/login,https://oschaslings.com/login
oslobusinessregion.no,none,,,https://oslobusinessregion.no/login,https://osloandco.no/login
osmosis.org,none,,,https://osmosis.org/login,https://osmosis.org/login
otainsight.com,none,,,https://app.mylighthouse.com/login,https://app.mylighthouse.com/not_supported/
otark.com,none,,,https://otark.com/login,https://otark.com/login
otasync.me,none,,,https://app.hotelsync.com/login,https://app.hotelsync.com/login
othersideai.com,code,,response_type=code,https://app.hyperwriteai.com/personalassistant?freeToolLink=False&hw_host=hyperwriteai.com&hw_path=%2F,https://app.hyperwriteai.com/personalassistant?freeToolLink=False&hw_host=hyperwriteai.com&hw_path=%2F
out.fund,none,,,https://client.out.fund/signin,https://app.out.fund/users/sign_in
outsystems.com,none,,,https://www.outsystems.com/Login/Login,https://www.outsystems.com/Login/Login
outverse.com,none,,,https://accounts.outverse.com/login,https://accounts.outverse.com/login
overnest.com,none,,ERR:dns,,
ovex.io,none,,,https://ovex.io/login,https://ovex.io/login
ovoenergy.com,none,,,https://my.ovoenergy.com/login,https://my.ovoenergy.com/login
own3d.tv,none,,,https://own3d.tv/login,https://www.own3d.tv/en/login/
ownr.co,none,,,https://ownr.co/login,https://id.ownr.co/oauth2/default/v1/authorize?client_id=0oa1rglb13l4DykoY1d8&scope=openid%20profile%20offline_access%20email&response_type=code&redirect_uri=https%3A%2F%2Fapp.ownr.co%2Fauth%2Fcallback&state=xmjW7_9r_jwg5w26Xu6_q_nUo8HWlPT5yhSKN6XF9qM&lang=en&app=ownr&failureRedirect=%2Fauth-error&successReturnToOrRedirect=%2Fauth%2Fidp-success&session=true&passReqToCallback=true&failureFlash=true&keepSessionInfo=true&code_challenge=3MiPo5kF40n3TqCzKfVR7BbtuhEoqioA5ZM1xm9wCeM&code_challenge_method=S256
p0.dev,none,,,https://p0.app/,https://p0.app/
packetfabric.com,none,,,https://portal.packetfabric.com/auth/login,https://portal.packetfabric.com/auth/login
packform.com,none,,,https://packform.com/login,https://www.packform.com/shop
packgene.com,jwt,yes,gis_credential,https://packgene.com/login,https://www.packgene.com/login
packhelp.com,google_unknown,,gsi_only,https://packhelp.com/en-us/auth/login/,https://packhelp.com/en-us/auth/login/
packlane.com,none,,,https://checkout.packlane.com/customer/login?url=https://packlane.com/,https://checkout.packlane.com/customer/login?url=https:%2F%2Fpacklane.com%2F
paddycover.com,none,,,https://paddycover.com/login,https://paddycover.com/login
padi.com,none,,,https://account.padi.com/login/sign-in/en-US?client_id=2arn5r23p0ugce89a5moe95v1l&redirect_uri=https://www.padi.com/padi-sso/callback,https://account.padi.com/login/sign-in/en-US?client_id=2arn5r23p0ugce89a5moe95v1l&redirect_uri=https://www.padi.com/padi-sso/callback
padlet.com,none,,,https://padlet.com/login,https://padlet.com/login
pagerduty.com,none,,,https://app.pagerduty.com/,https://identity.pagerduty.com/global/authn/authentication/PagerDutyGlobalLogin/enter_email
pagos.ai,none,,,https://secure.pagos.ai/sign-in,https://secure.pagos.ai/sign-in
paily.io,none,,,https://paily.io/login,https://paily.io/login
pairtreefamily.com,none,,,https://linkgacor.zone/gacor1,https://pelembab.shop/home?register&ref=Garansi100
paiskincare.com,none,,,https://paiskincare.com/login,https://www.paiskincare.com/login
pakwheels.com,jwt,yes,gis_credential,https://pakwheels.com/login,https://www.pakwheels.com/login
paladin.insure,none,,,https://quote.upfort.com/cyber-risk/sign-in,https://dashboard.upfort.com/
palmdrive.cn,none,,,https://palmdrive.cn/login,https://palmdrive.cn/
pamono.com,none,,,https://www.pamono.com/customer/account/login/?signup,https://www.pamono.com/customer/account/login/?signup
paperandtea.com,none,,,https://paperandtea.com/login,https://www.paperandtea.com/login
papier.com,none,,,https://papier.com/login,https://www.papier.com/login
parabola.io,none,,,https://parabola.io/login,https://parabola.io/login
parallelmarkets.com,none,,,https://app.parallelmarkets.com/login,https://app.parallelmarkets.com/login
param.com.tr,none,,,https://param.com.tr/login,https://param.com.tr/login
parfumado.com,none,,,https://parfumado.com/login,https://parfumado.com/404
paritygo.com,none,,,https://paritygo.com/login,https://www.paritygo.com/wp-login.php
parkmycloud.com,none,,,https://parkmycloud.com/login,https://parkmycloud.com/login
partandparcel.com,none,,,https://partandparcel.com/signin/,https://partandparcel.com/signin/
particle.io,none,,,https://login.particle.io/signup?redirect=https%3A%2F%2Fconsole.particle.io,https://login.particle.io/signup?redirect=https%3A%2F%2Fconsole.particle.io
partnerize.com,code,,response_type=code,https://console.partnerize.com/login/partnerize/en,https://console.partnerize.com/login/partnerize/en
passionfroot.xyz,none,,,https://passionfroot.xyz/login,https://www.passionfroot.me/login
passiv.com,none,,,https://app.passiv.com/login/?uid=KP8SuzRkDh,https://app.passiv.com/login/
pastbook.com,none,,,https://pastbook.com/login,https://pastbook.com/login
pastes.io,jwt,yes,gis_credential,https://pastes.io/login,https://pastes.io/login
patchproducts.com,none,,,https://patchproducts.com/login,https://patchproducts.com/login
paycargo.com,none,,,https://paycargo.com/sign-up/,https://paycargo.com/sign-up/
paycor.com,none,,,https://hcm.paycor.com/authentication/signin,https://hcm.paycor.com/authentication/signin
payfully.co,none,,,https://app.gettongo.com/login,https://app.gettongo.com/login
payground.com,none,,,https://app.payground.com/login,https://app.payground.com/login
paylinko.com,none,,,https://paylinko.com/login,https://paylinko.com/login
payrexx.com,none,,,https://signup.payrexx.com/en,https://signup.payrexx.com/en
paystack.com,none,,,https://dashboard.paystack.com/#/dashboard,https://dashboard.paystack.com/#/login?redirect=%2Fdashboard
paytron.com,none,,,https://login.ofx.com/login,https://identity.ofx.com/oauth2/default/v1/authorize?client_id=secure.ofx.com&redirect_uri=https%3A%2F%2Fsecure.ofx.com%2Fsignin-oidc-okta&response_type=code&scope=openid%20profile%20offline_access%20ALLAPI&code_challenge=E2OvbdaJoiPCDaqTPBHuvcDCvR_uZ5-lgbYqlrYU5p4&code_challenge_method=S256&response_mode=form_post&nonce=639175779755422833.ZmNkODQyOTgtNDRkOC00NmU0LWJiOTUtZGNhMmY1MGM4ZDg5YWNiNjU0MTQtMDYwZS00ZTRhLWI3YTItM2ZmNjE0NjIzZTVl&state=CfDJ8KqNJEVMhNtBjrZMqUky4eGI9QvtsfDUS4GPkPAbqdyJOVarpAKp0rJB2t_9J1piGhVhR8L-QQje9pn2KcOFBEdjjqzCpvKk-O0JxpCEn0aeern6SVoPawLxDm90X3-EOgCu1hgSedf9de9eIHBqIINPejVD96MsPiBUDMFDBALDWgarSsct3QckGRL3Y977d39ruui2ZI1UF9ci_nEhcbz29paQ0qUBzrjfoKhOcS8R7QKBdrNt-SBROxKmpktTElhsxNvOUlHDylmsZ5JQJq7_mlMCacFJ6TFtc83rVfUT92OA8_oOUKh3TkKm0o8v-JZzJ84CZ6LSLmryE37DWMgO53khDfM_Ut8D4hokSopC0SsgphuCWXvfFh3T3G1-dA&x-client-SKU=ID_NETSTANDARD2_0&x-client-ver=6.10.0.0
paywise.io,none,,ERR:dns,,
payzli.com,none,,,https://payzli.com/login,https://payzli.com/
pdftron.com,none,,,https://pdftron.com/login,https://apryse.com/login
peachjar.com,none,,,https://accounts.peachjar.com/signup,https://accounts.peachjar.com/signup
peec.ai,none,,,https://app.peec.ai/?comet_token_override=4194971278385163966628217723926763790982909333381,https://app.peec.ai/?comet_token_override=4194971278385163966628217723926763790982909333381
pelacase.com,none,,,https://pelacase.com/login,https://pelacase.com/login
peopleperhour.com,none,,,https://peopleperhour.com/login,https://www.peopleperhour.com/login
percivalclo.com,none,,,https://percivalclo.com/login,https://www.percivalclo.com/login
perfops.net,none,,,https://perfops.net/login,https://perfops.net/login
permira.com,none,,,https://permira.com/login,https://www.permira.com/login
perpetua.io,none,,,https://app.perpetua.io/login,https://app.perpetua.io/login
perplexity.ai,google_unknown,,gsi_only,https://perplexity.ai/login,https://www.perplexity.ai/login
persuit.com,none,,,https://app.persuit.com/,https://app.persuit.com/en/user/login/
perthera.com,none,,,https://perthera.com/login,https://www.perthera.com/login
pethub.com,none,,,https://pethub.com/login,https://www.pethub.com/login
petlibro.com,none,,,https://petlibro.com/login,https://petlibro.com/
petvalu.com,none,,,https://petvalu.com/login,https://www.petvalu.ca/%20login
pgatss.com,none,,,https://pgatss.com/signin,https://pgatss.com/signin
pharmarack.com,none,,,https://pharmarack.com/login,https://pharmarack.com/login
phase.com,none,,,https://phase.com/login,https://www.afternic.com/forsale/phase.com?utm_source=TDFS_DASLNC&utm_medium=parkedpages&utm_campaign=x_corp_tdfs-daslnc_base&traffic_type=TDFS_DASLNC&traffic_id=daslnc&
phasegenomics.com,none,,,https://proximeta.phasegenomics.com/accounts/login/,https://proximeta.phasegenomics.com/accounts/login/
phybbit.com,none,,,https://app.spideraf.com/login?lang=en,https://app.spideraf.com/login?lang=en
picarro.com,none,,,https://www.picarro.com/user/login,https://www.picarro.com/user/login
picfair.com,none,,,https://picfair.com/login,https://picfair.com/login
pickit.com,none,,,https://app.pickit.com/#/welcome/login,https://app.pickit.com/#/welcome/login
picklebet.com,none,,,https://picklebet.com/login,https://picklebet.com/login/
picterra.ch,jwt,yes,response_type=id_token,https://app.picterra.ch/,https://app.picterra.ch/
piecemeal.io,none,,,https://dashboard.piecemeal.io/?lng=en,https://dashboard.piecemeal.io/?lng=en
pietrastudio.com,none,,,https://creators.pietrastudio.com,https://creators.pietrastudio.com/
pigeon.ly,none,,,https://pigeon.ly/login,https://pigeon.ly/login
pinata.ai,none,,,https://www.pinata.ai/landlords/users/login/,https://www.pinata.ai/landlords/users/login/
pinata.cloud,none,,,https://app.pinata.cloud/login,https://app.pinata.cloud/auth/signin
pine.ca,none,,,https://pine.ca/login,https://www.pine.ca/login
pingpod.com,none,,,https://app.pingpod.com/login?loginMode=email,https://app.pingpod.com/login?loginMode=email
pinkcity.ca,none,,,https://pinkcity.ca/login,https://www.pinkcity.ca/login
pinpointanalytics.ai,token,yes,response_type=token,https://app.pinpointanalytics.ai/auth,https://app.pinpointanalytics.ai/auth
pipelinecrm.com,code,,response_type=code,https://app.pipelinecrm.com/login,https://app.pipelinecrm.com/login
pipio.ai,none,,,https://pipio.ai/login,https://pipio.ai/login
pivotbio.com,none,,,https://pivotbio.com/login,https://www.pivotbio.com/portal-login
plaace.co,jwt,yes,gis_credential,https://platform.plaace.co/sign-up,https://platform.plaace.co/sign-up
plancraft.de,none,,,https://plancraft.de/login,https://plancraft.com/de-de/login
planday.com,none,,,https://id.planday.com/findCompanyUrl,https://id.planday.com/findCompanyUrl
planeat.eco,none,,,https://planeat.eco/login,https://planeat.eco/login
planethowl.com,none,,,https://app.howl.link/sign-in,https://app.howl.link/sign-in
plantstory.app,none,,,https://plantstory.app/login,https://plantstory.app/login
platohq.com,none,,,https://substack.com/signup?utm_source=substack&utm_medium=web&utm_content=footer,https://substack.com/signup?utm_source=substack&utm_medium=web&utm_content=footer
playces.in,none,,,https://playces.in/login,https://playces.in/login
playfull.com,none,,,https://playfull.com/login,https://www.playfull.com/login
playshifu.com,google_unknown,,gsi_only,https://playshifu.com/login,https://www.playshifu.com/login?country=IN
pledge.to,none,,,https://pledge.to/login,https://www.pledge.to/login
plenti.app,none,,,https://plenti.app/login,https://plenti.app/pl/login
plexus.com,none,,,https://plexus.com/login,https://www.plexus.com/wp-login.php
plexuss.com,google_unknown,,gsi_only,https://plexuss.com/login,https://plexuss.com/login
plezi.co,none,,,https://www.plezi.co/en/sign-in/,https://www.plezi.co/en/sign-in/
pli.edu,none,,,https://pli.edu/login,https://www.pli.edu/login
plink.ai,none,,,https://plink.ai/login,https://www.plink.ai/login
plivo.com,none,,,https://cx.plivo.com/login,https://cx.plivo.com/login
plooto.com,none,,,https://app.plooto.com/,https://app.plooto.com/
plowz.com,none,,,https://plowz.com/signin,https://plowz.com/signin
plusthrive.com,none,,,https://app.thriday.com.au/social-signup/appleid.apple.com,https://app.thriday.com.au/social-signup/appleid.apple.com
plutocard.io,none,,,http://app.plutocard.io/,https://app.plutocard.io/
plutos.one,none,,,https://plutos.one/login,https://www.plutos.one/
plytix.com,code,,response_type=code,https://auth.plytix.com/auth/login,https://auth.plytix.com/auth/login
pocketpills.com,none,,,https://pocketpills.com/login,https://www.pocketpills.com/login
pockit.com,none,,,https://pockit.com/login,https://www.pockit.com/login
podfoods.co,none,,,https://app.podfoods.co/login,https://app.podfoods.co/login
polimorphic.com,none,,,https://app.polimorphic.com,https://app.polimorphic.com/
pollfish.com,jwt,yes,response_type=permission id_token,https://www.pollfish.com/login/?__hstc=251908822.cdc81311b09e8389fd4d5bcad0784d6c.1719353261329.1726671470161.1726676335435.66&__hssc=251908822.28.1726676335435&__hsfp=3801953514,https://www.pollfish.com/login/?__hstc=251908822.cdc81311b09e8389fd4d5bcad0784d6c.1719353261329.1726671470161.1726676335435.66&__hssc=251908822.28.1726676335435&__hsfp=3801953514
poltio.com,none,,,https://poltio.app/login,https://poltio.app/login
polycam.ai,none,,,https://polycam.ai/login,https://poly.cam/login
polygon.io,none,,,https://polygon.io/login,https://massive.com/dashboard/login
polywork.com,none,,,https://polywork.com/login,https://www.polywork.com/login
pomelopay.com,none,,,https://pomelopay.com/login,https://www.pomelogroup.com/platform/merchant-services
popularpays.com,none,,,https://app.popularpays.com/login,https://popularpays.com/purchase/v1/popularpays/default/login?redirectAfterLogin=https%3A%2F%2Fapi.popularpays.com%2Fauthentication%2Flogin_callback%2Fbrands
poranapola.pl,none,,,https://poranapola.pl/login,https://poranapola.pl/login
portr.com,none,,,https://portr.com/login,https://portr.com/login
posh.vip,none,,,https://posh.vip/login,https://posh.vip/login
posherapp.com,none,,,https://posherapp.com/login,https://posherapp.com/login
postera.ai,none,,,https://postera.ai/login,https://postera.ai/login
powerlytics.com,none,,,https://powerlytics.com/login,https://www.powerlytics.com/login
powerx.co,none,,,https://powerx.co/login,https://dashboard.powerx.co/auth/login?returnUrl=%2Forganizations%3F%255Bobject%2520Object%255D%3D
practicebetter.io,jwt,yes,gis_credential,https://my.practicebetter.io/#/signin,https://my.practicebetter.io/#/signin
prediki.com,none,,,https://prediki.com/signin,https://prediki.com/signin
prelim.com,none,,,https://prelim.com/login,https://prelim.com/login
prenatal.nl,none,,,https://www.prenatal.nl/customer/account/create/,https://www.prenatal.nl/customer/account/create/
prettygreen.com,none,,,https://prettygreen.com/login,https://www.prettygreen.com/login
pricepally.com,none,,,https://pricepally.com/login,https://www.pricepally.com/auth/login
primary-portal.com,none,,,https://live.primaryportal.com/,https://live.primaryportal.com/
primetag.com,none,,,https://primetag.com/login,https://primetag.com/login
printix.net,none,,,https://sign-in.printix.net/tenanthub,https://sign-in.printix.net/signIn?client_id=web_app
prisma.io,none,,,https://console.prisma.io/login?utm_source=website&utm_medium=index&utm_campaign=login,https://console.prisma.io/login?utm_source=website&utm_medium=index&utm_campaign=login
prismatic.io,none,,,https://app.prismatic.io,https://auth.prismatic.io/u/login/identifier?state=hKFo2SBYNTY1NlMyeDJ5UU1nZXF6WDFlc19sV0FkRC02MURGLaFur3VuaXZlcnNhbC1sb2dpbqN0aWTZIEdmeExTelEyV2ZFQ2k2U0syZzRuWktUQlpUTGRWMTMyo2NpZNkgZFpMTGpxcVNYNDE0eHBwb203aVlyUFgzSzI4dVJETzc
prismpop.com,none,,ERR:dns,,
prisync.com,code,,response_type=code,https://prisync.com/login/,https://prisync.com/login/
process.st,code,,response_type=code,https://app.process.st/login,https://app.process.st/login
procore.com,none,,,https://login.procore.com,https://login.procore.com/?cookies_enabled=true
prodigygame.com,code,,response_type=code,https://sso.prodigygame.com/login,https://sso.prodigygame.com/login?rid=a70cd53b-aa9b-427f-a0cd-e9c56c6602bf
productboard.com,code,,response_type=code,https://app.productboard.com/,https://app.productboard.com/
producthunt.com,google_unknown,,gsi_only,https://producthunt.com/login,https://producthunt.com/login
profit.co,google_unknown,,gsi_only,https://app.profit.co/app/p-login.jsp#/sign-in,https://app.profit.co/app/p-login.jsp#/sign-in
progate.com,none,,,https://progate.com/login,https://progate.com/login
proguides.com,jwt,yes,response_type=permission id_token,https://proguides.com/login,https://www.proguides.com/login
projectmanager.com,code,,response_type=code,https://app.projectmanager.com,https://app.projectmanager.com/login/identifier?ReturnUrl=%2Fauthorize%3Fclient_id%3D7A2xufXLSVgaeQBdDdbYehck3xxwd8JJ%26redirect_uri%3Dhttps%253A%252F%252Fapp.projectmanager.com%252Fsignin-oidc%26response_type%3Dcode%26scope%3Dopenid%2520profile%2520email%2520offline_access%26code_challenge%3DWZzzdGTbC0bKWk5rCCBM08IwACWiehz1SYIJik8LDY0%26code_challenge_method%3DS256%26response_mode%3Dform_post%26nonce%3D639175789197618540.M2Y5NzYwOTUtMDQ0My00NjVjLTk2MWItNDNlOGM3ZTQyMGY0NTkxZGU3N2UtYmE5MC00YWMwLWEyYzEtN2M5ZDAzMTA4Y2Y5%26.redirect%3D%252F%26code_verifier%3DiIeTRdGN4SMIVUW7bPbY5F7sCuiN5xdYTSdc-XMMQ8w%26.xsrf%3DcCn7BXdjlfv4HWZQ4Pxw4wiGlEi7z0hrn7Hs7a9PngM%26state%3DCfDJ8CM6hOvQ3JtPgb1ovwxhoSLPmOfs1gvZ575AXEx_A9s25InaOPF7oXCBA-UrmXb4Ys0nTWD-FeVXk8F2Sqxnj8X9Egu15o_1PTdQ4IWggFqCUnkX26aBlec65O3nDyzYg60HNqLT1-8WsNe_pyGwD_ET4cdb7Aj-rP18NaBABlmDhzY_ffGdHMwbicNroHWvJiwGLOufT2OdqVrhifGawNd81l3mF8FNNbejCPthDM3y-cgTrbEaSG-a86fb2zctFHtzMKTSQir4HPyoKB7tpkk_laMPX34mwFraJbrDCSVjxr2CaNfqJTv6hCp020sVqq3CksWgLll4b53eNYANr-DjSK56C2zPPLvMbO_RIz-j5oAxgvESejwfBSBGoDScWqI5YF5yX2jATsjRZIfnUqGGiG2zYQpbgnc5vfK2puAmLmI_7xL6Pag4UTASAKITxw%26x-client-SKU%3DID_NET10_0%26x-client-ver%3D8.17.0.0
projectwren.com,google_unknown,,gsi_only,https://projectwren.com/login,https://www.wren.co/login
promocionesfarma.com,google_unknown,,gsi_only,https://promocionesfarma.com/login,https://www.promofarma.com/es/login
propertyshare.in,none,,,https://propertyshare.in/login,https://propertyshare.in/login
proportunity.co,none,,,,
proto.cx,none,,,https://v3.proto.cx/login/sign-in/?utm_source=website,https://v3.proto.cx/login/sign-in/?utm_source=website
proudwater.com,none,,,https://proudwater.com/login,https://proudwater.com/lander
provenance.org,none,,,https://app.provenance.org/sign_in,https://app.provenance.org/sign_in
provi.com,code,,response_type=code,https://app.provi.com/users/sign_in,https://auth0.provi.com/u/login/identifier?state=hKFo2SBiTjZ3YkpGQ0lWX0pVTWlEbm1OSjBGeFJEeTRXNm1aZqFur3VuaXZlcnNhbC1sb2dpbqN0aWTZIGczLWZjUDI5QXJRMXZaaG10SmlrcndEaExBMHBTUHY5o2NpZNkgQzRTQXFFaXhVNHNGMlN0M2R1emdOejZNV2ZYVjFRZGc
prowly.com,none,,,https://prowly.com/login,https://prowly.com/
proxi.co,google_unknown,,gsi_only,https://map.proxi.co,https://map.proxi.co/#login
psngr1.com,none,,ERR:dns,,
psychhub.com,none,,,https://lms.psychhub.com/login,https://lms.psychhub.com/login
publicfoodhub.com,none,,,https://publicfoodhub.com/login,https://publicfoodhub.com/login
pubnub.com,none,,,https://admin.pubnub.com/login,https://admin.pubnub.com/login
puck.news,none,,,https://puck.news/login,https://puck.news/login
pulumi.com,google_unknown,,gsi_only,https://app.pulumi.com/signin,https://app.pulumi.com/signin
punchbowl.com,none,,,https://punchbowl.com/login,https://www.punchbowl.com/login
punchtimeapp.com,none,,,https://punchtimeapp.com/login,https://beaconfield.ai/wp-login.php
purefi.io,none,,,https://purefi.io/login,https://purefi.io/login
purpose-green.com,code,,response_type=code,https://portal.purpose-green.com/auth/login,https://auth.purpose-green.com/u/login?state=hKFo2SAyQjU2RlVJZDBVQ2l4Qnp6bERCclRQejE5Sm5heWJRdaFur3VuaXZlcnNhbC1sb2dpbqN0aWTZIFZoTFdGTDZ2RGt6OS1DeTMwdFY4QjlFb0JXakpzb1Bro2NpZNkgamtzT25MMEtUVE51TmNmQUx0eGZYUGF5bGxIMmpUVjY
pushpress.com,none,,,https://app.pushpress.com/login,https://app.pushpress.com/login?step=accountCheck
pwccmarketplace.com,none,,,https://pwccmarketplace.com/login,https://www.fanaticscollect.com/
q-ctrl.com,none,,,https://accounts.q-ctrl.com/signup,https://accounts.q-ctrl.com/signup
qa.com,none,,,https://qa.com/login,https://www.qa.com/login/
qatalog.com,jwt,yes,gis_credential,https://app.clickup.com/login,https://app.clickup.com/login
qblocks.cloud,none,,ERR:dns,,
qomon.com,none,,,https://qomon.app/login,https://qomon.app/login
quadfi.com,none,,,https://appqlp.quadfi.com/signin,https://appqlp.quadfi.com/signin
qualcomm.com,none,,,https://qualcomm.com/login,https://myaccount.qualcomm.com/login
quantcast.com,none,,,https://quantcast.com/login,https://www.quantcast.com/user/login?
quantcopy.com,none,,,https://quantcopy.com/login,https://forsale.godaddy.com/forsale/quantcopy.com?utm_source=TDFS_BINNS2&utm_medium=parkedpages&utm_campaign=x_corp_tdfs-binns2_base&traffic_type=TDFS_BINNS2&traffic_id=binns2&
quartzy.com,code,,response_type=code,https://app.quartzy.com/,https://auth0.quartzy.com/u/login/identifier?state=hKFo2SBDVzJPbnhnUlZOMHpDS3RFYm1IOE5kYWVJUkJhLXpkbqFur3VuaXZlcnNhbC1sb2dpbqN0aWTZIExlWmJhWXR6Q29xWkxXTzhBUVM0cmpWVU5NQ3dRNWpBo2NpZNkgNWdUZDlDUWl2QVRpZnRWRnVTYnp5Vm91am5ldkpGODA
queerspaces.com,none,,ERR:dns,,
quest.com,none,,,https://quest.com/login,https://www.quest.com/login/
questpass.pl,none,,,https://questpass.pl/login,https://questpass.io/wp-login.php
quickcode.ai,code,,response_type=code,https://hs.quickcode.ai,https://hs.quickcode.ai/auth/realms/quickcodehs/protocol/openid-connect/auth?client_id=quickcode-hs&redirect_uri=https%3A%2F%2Fhs.quickcode.ai%2F&state=8b0b2598-cc66-45bc-912e-6734437dca94&response_mode=fragment&response_type=code&scope=openid&nonce=7bb0a9a0-e612-4b10-8b04-aad20c658c3f&code_challenge=PVDkd2eax2-SZWyQ8Lb6w2slvquE8sKOUTjsMD6LRFc&code_challenge_method=S256
quicklly.com,none,,,https://quicklly.com/login,https://www.quicklly.com/login
quickstart.com,none,,,https://quickstart.com/login,https://www.quickstart.com/login
quickstream.tech,none,,,https://quickstream.tech/login,https://quickstream.tech/login
quiverquant.com,none,,,https://quiverquant.com/login,https://www.quiverquant.com/login/
quix.ai,none,,,https://quix.ai/login,https://quix.io/
quizizz.com,none,,,https://quizizz.com/login,https://wayground.com/login
quonticbank.com,none,,,https://www.quontic.com/mortgage-login/,https://www.quontic.com/mortgage-login/
quppy.com,none,,,https://quppy.com/login,https://quppy.com/wp-login.php
rabbu.com,none,,,https://rabbu.com/login,https://rabbu.com/login
rackspace.com,none,,,https://rackspace.com/login,https://www.rackspace.com/login
racq.com.au,none,,,https://www.racq.com.au/login,https://form.racq.com.au/forms/my-racq/account-overview
radiusagent.com,code,,response_type=code,https://app.radiusagent.com/signup/enter-email,https://app.radiusagent.com/signup/enter-email
radixdlt.com,none,,,https://www.radixdlt.com/signup/mailing,https://www.radixdlt.com/signup/mailing
raffle.ai,none,,,https://app.raffle.ai/login,https://app.raffle.ai/login
raiffeisen-kosovo.com,none,,,https://apliko.raiffeisen-kosovo.com/Identity/Account/Login,https://apliko.raiffeisen-kosovo.com/Identity/Account/Login
railtown.ai,none,,,https://railtown.ai/login,https://railtown.ai/wp-login.php
ralphlauren.com,none,,,https://ralphlauren.com/login,https://www.ralphlauren.com/login
ramp.com,none,,,https://app.ramp.com/sign-in,https://app.ramp.com/sign-in
rangeme.com,none,,,https://app.rangeme.com/login,https://app.rangeme.com/login
rares.io,none,,,https://rares.io/login,https://rares.io/login
rated.network,none,,,https://console.rated.network/signIn,https://console.rated.network/signIn
raw-labs.com,none,,,https://raw-labs.com/login,https://raw-labs.com/login
rbauction.com,none,,,https://rbauction.com/login,https://www.rbauction.com/login
re-cap.com,none,,,https://auth.re-cap.com/auth/realms/customer/protocol/openid-connect/auth?client_id=customer-app&redirect_uri=https%3A%2F%2Fapp.re-cap.com%2F&response_mode=fragment&response_type=code&scope=openid,https://auth.re-cap.com/auth/realms/customer/protocol/openid-connect/auth?client_id=customer-app&redirect_uri=https%3A%2F%2Fapp.re-cap.com%2F&response_mode=fragment&response_type=code&scope=openid
re-nuble.com,none,,,https://re-nuble.com/customer_authentication/redirect?locale=en&region_country=US,https://shopify.com/authentication/12248296/login?client_id=64300cd2-4a8a-4051-8ada-d9718104d15c&locale=en-US&redirect_uri=%2Fauthentication%2F12248296%2Foauth%2Fauthorize%3Fbuyer_flags%3DeyJhbGciOiJIUzI1NiJ9.eyJpc3MiOiJyZS1udWJsZS5teXNob3BpZnkuY29tIiwiZmxhZ3MiOltdLCJleHAiOjE3ODI1ODIxNjQsIm5iZiI6MTc4MTk3NzM2NH0.WUfqH9lBAnBK8qMOqZE_p5LIy3s4OAQB720m6RvU91Q%26client_id%3D64300cd2-4a8a-4051-8ada-d9718104d15c%26locale%3Den-US%26nonce%3De5258b0c-b099-410a-b27b-0c3a049cc30e%26redirect_uri%3Dhttps%253A%252F%252Fshopify.com%252F12248296%252Faccount%252Fcallback%26region_country%3DUS%26response_type%3Dcode%26scope%3Dopenid%2Bemail%2Bcustomer-account-api%253Afull%26state%3DhWNDZ8HLtlROAeglxN3fsP7h&region_country=US
re-plate.org,none,,,https://re-plate.org/signin,https://re-plate.org/signin
re-tell.ai,code,,response_type=code,https://dashboard.retellai.com/,https://auth.retellai.com/u/login/identifier?state=hKFo2SB0eE9pTmkxOTM1d212Ulhqb3hZaWE3cmJpZl9WaVhvQaFur3VuaXZlcnNhbC1sb2dpbqN0aWTZIFY3YUdzdWp5NkpUdDJyVUtTdXgzc2FjVjJCWS1OOWVVo2NpZNkgTG9paTNYbEZiRXRnOUppazFMYkJaT2VZemEyMHJKYUY
reachmobile.com,none,,,https://reachmobile.com/login,https://reachmobile.com/login
readysetsurgical.com,none,,,https://app.readysetsurgical.com,https://auth.readysetsurgical.com/realms/rss/protocol/openid-connect/auth?client_id=app-rss-coordinate&scope=openid%20email%20profile%20offline_access&response_type=code&redirect_uri=https%3A%2F%2Fapp.readysetsurgical.com%2Fapi%2Fauth%2Fcallback%2Fkeycloak&state=rVESFsIj3VKug_GPZoS7VsDo73ZQRKbrsTuDPSqyqzk&code_challenge=WaraZiKJF1z_nnGVwU3ENQtqCpM8h-BLz9LscaTbJCI&code_challenge_method=S256
realatom.com,none,,ERR:dns,,
realeyesit.com,none,,,https://verifeye-console.realeyes.ai/,https://verifeye-console.realeyes.ai/login
realmadrid.es,code,,response_type=code,https://signin.realmadrid.com/#/?language=es-ES&behalfClientId=157c37f1-cc46-4159-87ed-315989f26335&workflow=register-free&redirectUrl=https%3A%2F%2Fwww.realmadrid.com%2Fes-ES%2F%3Fitm_campaign%3Drm_header_sso-login_es,https://signin.realmadrid.com/#/?language=es-ES&behalfClientId=157c37f1-cc46-4159-87ed-315989f26335&workflow=register-free&redirectUrl=https%3A%2F%2Fwww.realmadrid.com%2Fes-ES%2F%3Fitm_campaign%3Drm_header_sso-login_es
realself.com,none,,,https://realself.com/login,https://www.realself.com/login
rebuyengine.com,none,,,https://rebuyengine.com/admin/login,https://accounts.rebuyengine.com/oauth/auth/select
reclaimai.com,none,,,https://app.reclaim.ai/login,https://app.reclaim.ai/login
recruiterflow.com,code,,response_type=code,https://recruiterflow.com/login,https://recruiterflow.com/login
recruitloop.com,none,,,https://recruitloop.com/login,https://recruitloop.com/login
recyclops.com,none,,,https://recyclops.com/signup/,https://recyclops.com/signup/
redbaycoffee.com,none,,,https://redbaycoffee.com/login,https://www.redbaycoffee.com/login
reddplatform.com,none,,,https://reddplatform.com/login,https://www2.reddplatform.com/wp-login.php
redi.health,none,,,https://app.redi.health/login/,https://app.redi.health/login/
redoxengine.com,none,,,https://dashboard.redoxengine.com/#/dashboard/organizations,https://dashboard.redoxengine.com/#/login
redroute.com,none,,,https://portal.flipcx.com/,https://portal.flipcx.com/login?redirect_url=https%3A%2F%2Fportal.flipcx.com%2F
reduct.video,jwt,yes,response_type=id_token,https://app.reduct.video,https://app.reduct.video/login?dest=%2F
reelgood.com,none,,,https://reelgood.com/login,https://reelgood.com/login
reepay.com,none,,,https://frisbii.com/login/,https://frisbii.com/login/
reevo.ai,code,,response_type=code,http://app.reevo.ai,https://login.reevo.ai/u/login/identifier?state=hKFo2SBlWEY2VHNZZTlmaVZvZW9tLU4xQWtyaEl5MGVmREQ2dKFur3VuaXZlcnNhbC1sb2dpbqN0aWTZIEtMMlZKSHBqakZjUjk4VXI2ZlFmRmxhaVFyYk5UOVNOo2NpZNkgRzRySTlYNUpkRFVyTjIxNERYRXVGMjU5YkpXRmVib1k
reforge.com,none,,,https://reforge.com/login,https://www.reforge.com/login
reg.uk.com,none,,,https://network.reg.uk.com,https://network.reg.uk.com/
reibus.com,none,,,https://reibus.com/login,https://app.reibus.com/login/
rejectshop.com.au,none,,,https://rejectshop.com.au/login,https://rejectshop.com.au/login
relaypayments.com,none,,,https://app.relaypayments.com/login,https://app.relaypayments.com/login
relio.ch,none,,,https://app.relio.ch/,https://app.relio.ch/
reloadly.com,none,,,https://reloadly.com/login,https://reloadly.com/404
remarcable.com,none,,,https://app.remarcable.com,https://app.remarcable.com/
remato.ee,none,,,https://login.remato.ee/?register=true&lang=et&launch=true&utm_source=%28direct%29&utm_medium=%28none%29&utm_content=et,https://login.remato.ee/registration/company?launch=true
remitly.com,none,,,https://remitly.com/login,https://www.remitly.com/us/en/login
remotepass.com,jwt,yes,response_type=id_token,https://app.remotepass.com/login,https://app.remotepass.com/login
rendity.com,none,,,https://rendity.com/login,https://rendity.com/en/login
rentalbeast.com,none,,,https://rentalbeast.com/login,https://rentalbeast.com/login
rentpanda.ca,none,,,https://rentpanda.ca/login,https://rentpanda.ca/wp-login.php
rentspree.com,google_unknown,,gsi_only,https://www.rentspree.com/account/login?continue=https%3A%2F%2Fwww.rentspree.com%2Fdashboard%2Fv2,https://www.rentspree.com/account/login?continue=https%3A%2F%2Fwww.rentspree.com%2Fdashboard%2Fv2
renttherunway.com,google_unknown,,gsi_only,https://renttherunway.com/login,https://www.renttherunway.com/login
replicated.com,code,,response_type=code,https://vendor.replicated.com/login,https://vendor.replicated.com/login
replika.ai,none,,,https://my.replika.com/login,https://my.replika.com/login
replika.com,none,,,https://my.replika.com/login,https://my.replika.com/login
repool.com,none,,,https://app.repool.com,https://app.repool.com/login
repositive.io,none,,,https://repositive.io/login,https://repositive.io/login
resemble.ai,none,,,https://app.resemble.ai/users/sign_in,https://app.resemble.ai/users/sign_in
resend.com,none,,,https://resend.com/login,https://resend.com/login
resmed.com,none,,,https://resmed.com/login,https://www.resmed.com/login
resourcify.de,none,,,https://resourcify.de/login,https://www.resourcify.com/login
respondent.io,none,,,https://respondent.io/login,https://www.respondent.io/login
responsible.us,none,,,https://responsible.us/login,https://responsible.us/login
retool.com,none,,,https://login.retool.com/auth/login?source=navbarcta,https://login.retool.com/auth/login?source=navbarcta
retrium.com,jwt,yes,gis_credential,https://app.retrium.com/,https://app.retrium.com/
returnmates.com,none,,,https://returnmates.com/login,https://www.shipsway.com/
revelo.com,code,,response_type=code,https://sso.revelo.com/auth/realms/companies/protocol/openid-connect/auth?client_id=international-companies&redirect_uri=https%3A%2F%2Fapp.companies.revelo.com%2F%23%2Fdashboard&state=8fd20525-ba7c-4467-9a7c-eb944f3d54c0&response_mode=fragment&response_type=code&scope=openid&nonce=8d6b41bd-bd20-4c8a-a4ea-9c111cef8e23&code_challenge=HXxE1bAwfs2ITREFUFpm7vT4pJCpbk05oVC9EsDdwOc&code_challenge_method=S256,https://sso.revelo.com/auth/realms/companies/protocol/openid-connect/auth?client_id=international-companies&redirect_uri=https%3A%2F%2Fapp.companies.revelo.com%2F%23%2Fdashboard&state=8fd20525-ba7c-4467-9a7c-eb944f3d54c0&response_mode=fragment&response_type=code&scope=openid&nonce=8d6b41bd-bd20-4c8a-a4ea-9c111cef8e23&code_challenge=HXxE1bAwfs2ITREFUFpm7vT4pJCpbk05oVC9EsDdwOc&code_challenge_method=S256
revenew.co,none,,,https://revenew.co/login,https://revenew.co/login
reverbnation.com,code,,response_type=code,https://reverbnation.com/login,https://www.reverbnation.com/login
reverscore.com,none,,,https://reverscore.com/login,https://reverscore.com/login
reverseads.com,none,,,https://reverseads.com/login,https://reverseads.com/login
revology.co.nz,none,,ERR:dns,,
revolut.com,none,,,https://app.revolut.com/start,https://app.revolut.com/home
revops.io,google_unknown,,gsi_only,https://app.revops.io/,https://app.revops.io/login
revos.in,none,,,,
rheem.com,none,,,https://rheem.com/login,https://www.rheem.com/wp-login.php
rillavoice.com,none,,,https://login.rillavoice.com/u/login/identifier?state=hKFo2SBaOEFrbUZBd2dhUmxGOFI3eEU1XzZ6NHVCQU5xZmw3LaFur3VuaXZlcnNhbC1sb2dpbqN0aWTZIHJJbVRzZ2RzQ0xBaWtyUko3NDBsRXdrRmppREo0LWNao2NpZNkgZlpLdkY1NGRQU2R2RlpreE9ZT05uUXhKcnM2MTFHVWg,https://login.rillavoice.com/u/login/identifier?state=hKFo2SA4THFtdkR4Y0VTMnBrWUt5eWtnTjBFTWlSNkh6TDNRTqFur3VuaXZlcnNhbC1sb2dpbqN0aWTZIHRHdFYxckpybm92eDFYRmtmNlB6aWo4clBzVW9faGZ2o2NpZNkgZlpLdkY1NGRQU2R2RlpreE9ZT05uUXhKcnM2MTFHVWg
rimuut.com,code,,response_type=code,https://app.ruul.io/login,https://app.ruul.io/login
ripplematch.com,jwt,yes,response_type=id_token,https://cta-service-cms2.hubspot.com/web-interactives/public/v1/track/click?encryptedPayload=AVxigLJNdN85QethSURRsjQoYenOvO6fvUGt2Fr%2FjTNUHXKgs3yj5dGl30HE2Be6VSXt9HENJqXQZr2nEDP7M2e5JhFQNdUCcvxjfvVTezr8YNDO1M3nfmqkMIWv9cEbaTyV%2FfkS0SGM%2FtgAkpq%2BoGO03pcYV6gFX0Bwi3OMi9rzyJlPntDQB7YfpQ%3D%3D&portalId=8139278&webInteractiveContentId=173356460662&webInteractiveId=347924593446&containerType=EMBEDDED&pageUrl=https%3A%2F%2Fripplematch.com%2F&pageTitle=RippleMatch+-+Your+AI+Job+Matchmaker&referrer=&userAgent=Mozilla%2F5.0+%28Windows+NT+10.0%3B+Win64%3B+x64%29+AppleWebKit%2F537.36+%28KHTML%2C+like+Gecko%29+Chrome%2F124.0.0.0+Safari%2F537.36&hutk=669fd769220545fbd00ab2f0d9dc1e8b&hssc=169316514.1.1781980981966&hstc=169316514.669fd769220545fbd00ab2f0d9dc1e8b.1781980981965.1781980981965.1781980981965.1&pageId=171126487572&analyticsPageId=171126487572&hsfp=754f769d5c6cb91903196b3d8be0efce&canonicalUrl=https%3A%2F%2Fripplematch.com&contentType=standard-page,https://app.ripplematch.com/v2/login?hsCtaAttrib=173356460662
ripplestreet.com,none,,,https://ripplestreet.com/login,https://www.ripplestreet.com/sign-in
risebrewingco.com,none,,,https://risebrewingco.com/login,https://risebrewingco.com/login
riseworks.io,none,,,https://riseworks.io/login,https://riseworks.io/login
risingwave-labs.com,none,,,https://cloud.risingwave.com/,https://cloud.risingwave.com/auth/signin
rive.app,none,,,https://rive.app/login,https://rive.app/login
river.com,none,,,https://river.com/login,https://river.com/login
riverside.fm,code,,response_type=code,https://riverside.com/dashboard,https://riverside.com/dashboard
roadflex.com,none,,,https://www.roadflex.com/signin,https://www.roadflex.com/signin
roadie.com,none,,,https://send.roadie.com/sign-in/,https://send.roadie.com/sign-in/
roadsync.com,none,,,https://roadsync.com/login,https://roadsync.com/wp-login.php
roame.travel,none,,,https://roame.travel/login,https://roame.travel/login
roamly.com,none,,,https://roamly.com/login,https://www.roamly.com/login
robinai.co.uk,none,,,https://robinai.co.uk/login,https://robinai.co.uk/login
rockar.com,none,,,https://rockar.com/login,https://rockar.com/login
rocketfuelblockchain.com,none,,,https://rocketfuel.inc/login/,https://rocketfuel.inc/login/
rocketsofawesome.com,none,,,https://rocketsofawesome.com/login,https://shopify.com/authentication/65695908084/login?client_id=75c319e6-bedc-44e7-a508-ee7be316f918&locale=en-US&redirect_uri=%2Fauthentication%2F65695908084%2Foauth%2Fauthorize%3Fbuyer_flags%3DeyJhbGciOiJIUzI1NiJ9.eyJpc3MiOiJyb2NrZXRzb2Zhd2Vzb21lLm15c2hvcGlmeS5jb20iLCJmbGFncyI6W10sImV4cCI6MTc4MjU4ODQ4NCwibmJmIjoxNzgxOTgzNjg0fQ.u28XPPNp6tBDt4KF3h8qjWqOCXTL46NbcLhSIyevYfU%26client_id%3D75c319e6-bedc-44e7-a508-ee7be316f918%26locale%3Den-US%26nonce%3Dfd618ace-6b3a-4918-957b-52a6df25de6f%26redirect_uri%3Dhttps%253A%252F%252Fshopify.com%252F65695908084%252Faccount%252Fcallback%26region_country%3DUS%26response_type%3Dcode%26scope%3Dopenid%2Bemail%2Bcustomer-account-api%253Afull%26state%3DhWNDZIwtqZKs71asekTwdMQL&region_country=US
rocketvisor.com,none,,,https://app.visor.us/,https://app.visor.us/login?afterLogin=%2Fsheets
rocksalt.ai,none,,,https://app.rocksalt.ai/login,https://app.rocksalt.ai/login
rocksbox.com,none,,,https://shopify.com/1338998839/account/orders,https://shopify.com/authentication/1338998839/login?client_id=feed1fca-33de-4626-ada7-cebf034b6cc0&locale=en-US&redirect_uri=%2Fauthentication%2F1338998839%2Foauth%2Fauthorize%3Fclient_id%3Dfeed1fca-33de-4626-ada7-cebf034b6cc0%26locale%3Den-US%26nonce%3D6646d2f3-7931-488a-8e38-0d99f2bfb96a%26redirect_uri%3Dhttps%253A%252F%252Fshopify.com%252F1338998839%252Faccount%252Fcallback%26response_type%3Dcode%26scope%3Dopenid%2Bemail%2Bcustomer-account-api%253Afull%26state%3DhWNDZ8HvMCJ0G1mNNfbQKGRN
roger.ai,none,,,https://app.corpayone.com/login,https://identity.corpayone.com/Login?ReturnUrl=%2Fconnect%2Fauthorize%2Fcallback%3Fclient_id%3Droger.web%26scope%3Dopenid%2520profile%2520email%2520role%2520roger.api.all%2520offline_access%2520IdentityServerApi%26response_type%3Dcode%26redirect_uri%3Dhttps%253A%252F%252Fapp.corpayone.com%252Fauth%252Fcallback%26code_challenge%3DzwJdyZ81XGt0HQSMkHy8D7Zl05Xs0OnMPph6emRlzeo%26code_challenge_method%3DS256
roiquant.com,none,,,https://app.roiquant.com/login,https://app.roiquant.com/login
rollbar.com,none,,,https://app.rollbar.com/signup,https://app.rollbar.com/signup
rollout.io,none,,,https://rollout.io/login,https://www.cloudbees.com/capabilities/feature-management
roomertravel.com,google_unknown,,gsi_only,https://roomertravel.com/login,https://www.roomertravel.com/
roomie.com,none,,,https://roomie.com/login,https://www.roomie.com/login
roompricegenie.com,none,,,https://app.roompricegenie.com/login/,https://app.roompricegenie.com/login/
rosebud.app,code,,response_type=code,https://my.rosebud.app/signin,https://my.rosebud.app/signin
rosedalelivery.com,none,,,https://rosedalelivery.com/login,https://rosedalelivery.com/login
rossvideo.com,none,,,https://rossvideo.com/login,https://www.rossvideo.com/wp-login.php
roundme.com,none,,,https://roundme.com/login,https://roundme.com/login
roverpass.com,none,,,https://roverpass.com/login,https://roverpass.com/login
roxi.tv,none,,,https://roxi.tv/login,https://roxi.tv/us/sign-in?next=%2Faccount%2Fconnect%2F&utm_source=roxi&utm_medium=tvapp&utm_campaign=signin&utm_content=qrcode
rpost.com,none,,,https://rpost.com/login,https://rpost.com/login
rudderlabs.com,none,,,https://app.rudderstack.com/login,https://app.rudderstack.com/login
runnable.com,none,,,https://runnable.com/login,https://runnable.com/login
runsignup.com,none,,,https://runsignup.com/login,https://runsignup.com/login?sso_verified=T
runwayml.com,jwt,yes,response_type=id_token,https://app.runwayml.com/login,https://app.runwayml.com/login
rvezy.com,none,,,https://rvezy.com/login,https://www.rvezy.com/login
ryanair.com,none,,,https://ryanair.com/login,https://www.ryanair.com/us/en
sa-nu.com,none,,,https://sa-nu.com/login,https://auth.sa-nu.com/u/login?state=hKFo2SBZQUx3MkszS2NrcUItOWd0NFB4RzQ2RTlTRXIzVVJtdaFur3VuaXZlcnNhbC1sb2dpbqN0aWTZIEZOaFRjUlJzeGVnUmVYYm9SRWZMelh5alpRaXhuMkNzo2NpZNkgTlBFTlNrSWFYN0xEdFJyd2FKeTZnWDJKWTNkSlA5bjg
sabsesastadukaan.com,none,,,https://sabsesastadukaan.com/login,https://expireddomains.com/domain/sabsesastadukaan.com?utm_source=redi
safara.com,none,,,https://safara.com/login,https://safara.com/login
safara.travel,none,,,https://safara.travel/login,https://safara.travel/login
safetywing.com,jwt,yes,gis_credential,https://safetywing.com/login,https://safetywing.com/login
safexpay.com,none,,,https://safexpay.com/login,https://safexpay.com/login
safnutrition.co,none,,,https://safnutrition.co/login,https://safnutrition.co/login
sagetap.io,none,,,https://www.sagetap.io/login,https://www.sagetap.io/login
sailogy.com,none,,,https://sailogy.com/login,https://www.sailogy.com/en/login/
sajari.com,none,,,https://sajari.com/login,https://sajari.com/login
sakaralife.com,none,,,https://sakaralife.com/login,https://www.sakara.com/
salauno.com.mx,code,,response_type=code,https://salauno.com.mx/login,https://salauno.com.mx/login/
salescabal.com,none,,,,
saleslayer.com,code,,response_type=code,https://cloud.saleslayer.com/,https://cloud.saleslayer.com/
saluspro1.com,none,,,https://portal.salussafety.io/,https://guardian.salussafety.io/login/?response_type=code&client_id=3a5d2313fc617f75&redirect_uri=https%3A%2F%2Fportal.salussafety.io%2Foauth%2Fcallback&code_challenge=kEQK6KsDrBK4-bnfakaF0q_VATnLT1Jr9UK3WXiX-V4&code_challenge_method=S256&request_scope=undefined&scope=idtoken%20email%20sls%3Aidn&state=49336959cd4dcd76182ab8d743e1cfdd&salus_identity=true&stage=userIdentifier
sanctuaryworld.co,none,,,https://sanctuaryworld.co/login,https://sanctuaryworld.co/login
sandboxx.us,none,,,https://app.sandboxx.us?utm_source=website&utm_medium=nav-bar,https://app.sandboxx.us/?utm_source=website&utm_medium=nav-bar
sanity.io,none,,,https://sanity.io/login,https://www.sanity.io/login?origin=https%3A%2F%2Fwww.sanity.io%2Fentry
santosorganics.com.au,none,,,https://santosorganics.com.au/login,https://santosorganics.com.au/
sas.upenn.edu,none,,,https://sas.upenn.edu/signin,https://sas.upenn.edu/signin
satoshienergy.com,none,,,https://bitcurrent.satoshienergy.com,https://satoshienergy.us.auth0.com/u/login/identifier?state=hKFo2SBKYjZUQmdiQWRqTTFiQXlmQ1VkNGNXX3czc2prbHI3MqFur3VuaXZlcnNhbC1sb2dpbqN0aWTZIHBEZHhYR3pvSkw4Z1oyVzRieTJobTNvUmU5RFI3eURpo2NpZNkgMFh6RzZxd0tKUjNjbnlOWWF0Rms1WVp4QWNrTU9GMTY
saucepricing.com,code,,response_type=code,https://dashboard.saucepricing.com/login,https://vdctech.us.auth0.com/u/login?state=hKFo2SBnNkdiS1NwRVdpU01TM0VJeW1jSVpaaHMyZTJoRWt3c6Fur3VuaXZlcnNhbC1sb2dpbqN0aWTZIFNEM3dnYktqbjdaaFNOWDZEdkxNVjNOZlFyd0x2R0Zjo2NpZNkgUFEzcWR3NEpyWGpCV3JQRmRjT2twakdGTUZvaXZ5OXc
savantlabs.io,none,,,https://savantlabs.io/login,https://savantlabs.io/login
savvyfi.co,none,,,https://app.savvyfi.co/login,https://app.savvyfi.co/login
saysh.com,none,,,https://saysh.com/login,https://saysh.com/login
sayweee.com,jwt,yes,response_type=id_token,https://sayweee.com/login,https://www.sayweee.com/en/account/login
scalapay.it,none,,,https://portal.scalapay.com/login?amp_device_id=flNkNbNNPJ64XCvALRjNaZ,https://login.scalapay.com/?returnTo=%2Flogin
scaleops.com,code,,response_type=code,https://try.scaleops.com/login,https://auth.scaleops.com/u/login/identifier?state=hKFo2SA0ZmxnWG1jOXlzMTFYaEdWVVJUM01SQUx3SHhrRHJVWKFur3VuaXZlcnNhbC1sb2dpbqN0aWTZIFgzT3pVWUhSTldkblpMRDUtLXBrS010VS1yZ0EyU19ko2NpZNkgUFh5MEw0S1hrM3FvSVFUMWE0WERZWW1KS1BxRnZHQks
scaleops.sh,none,,,https://scaleops.sh/login,https://scaleops.sh/login
scalex.africa,none,,,https://scalex.africa/login,https://scalex.africa/login
scenario.com,none,,,https://app.scenario.com/login,https://app.scenario.com/login
scheduleonce.com,code,,response_type=code,https://account.oncehub.com/signin,https://account.oncehub.com/signin?login_challenge=BEnge773V4yz1JzGvLZJPYSndLDnFqZBc3t64hiHkSDMatjlSCutuI6WXk_eJ030Nr2ucxE8HqFH340_qyBpKmGsBaJtu5i3Yb5x_b7U0LyJ2EopAs69JKcD95W6r7ADgc_GL5iOG23-VLs4tU91BOT5CxtyGBgmXRTP1qbkt8Vv0I_dytSER0jr5eATh7y92jLYQGaZ_iLwUSpJVCMFPQZ-9V3PCyNn0zP9B0ka0A4utMbtFp8ezBenmZoXQTInRrBaDgzPGsoVXevVerrvuHYEj5OAp7He4dXw8Hh2M-y8MYoVbe8Z-zol-Iy3MieXOUKU_jvxyEMl1fbHP0YsRQhiBEptsnAc9AxxfN1l0kjZvAshThDGkdwCRKfQfADANWhAfYdv3C9L1mkk-zHnqixF3x48S-K_LBKFRlgZe5Vgatiz0nbpwgZGY31oF9m9qE9yd7uYyTyIA9l0hhPWplGqrre7axKFdkeav5Qo7ELgku7jTpTEelV-ij-NyOB__V-4ALlsU7NMvIXPOuO69oyvy8w_QVF0giOMFZUf4bujqtiSzZwOBt0mePNq0wBbrCvjnopO05TB_mkMNQ9kWKkMgf4Aa-5bsddnzJR5QRw9ptXBh_AJwAcZMkDOrlWc6LNM5IK-FRwj2cwaFBMX8mgsZ82MtPaFXcg8x-XQHh5D4Md3WkdL3yDmIizr_rhQvEDCF-WvqJszL7P-3Tr0e9KAULcxB013dECDpFKpkeD-hWXgrnaIZqEj5bhVt8_xuY2M1BrCduM7fs22EnruIXPYo-0rDtbSn8qnAeE6zl1eSbsTi_RkXXrtRUsNJGRf6fDSMiHXvB7GMe8JzuRycxk_Fj6TSsDTHOLgqPVFrIM96Tsm_P4NtYo-Yry0ZdKpmUaWR7E4N3yNouEVdHWS9f3djjHz94PLCW06MQI9br3OZviizzgaj8xwjXwSvaPUKWZXkdEE11EZlDVsYrZV02CqbS-ID0fRFEkqnt5YKzdoTaendC9EZpeFqZ9x3bGwAxdcdNrwK1r0qm-JlrtNKb2lgo9wWWd0i-o6FPa1_FAz67k4_fHC1Q%3D%3D
scholarme.co,none,,,https://cutt.ly/ntP7NvO1,https://amanahmari.com/?ref=marketingab
schoolable.co,none,,,https://schoolable.co/login,https://schoolable.co/login
schooltube.com,none,,,https://schooltube.com/login,https://www.schooltube.com/login
scite.ai,google_unknown,,gsi_only,https://scite.ai/login,https://scite.ai/login
scoop-analytics.com,none,,,https://scoop-analytics.com/signin,https://scoop-analytics.com/signin
scope3.com,none,,,https://sustainability.scope3.com/?authType=sign-in,https://sustainability.scope3.com/?authType=sign-in
scoro.com,none,,,https://scoro.com/login,https://scoro.cloudflareaccess.com/cdn-cgi/access/login/www.scoro.com?kid=0553b6863b5ee2e47437b7ba7c8eda81f296e3b5cbdcabf4edff9bc15b867602&meta=eyJ0eXAiOiJKV1QiLCJhbGciOiJSUzI1NiIsImtpZCI6Ijc1NGM2M2Q4MzFmZjg4NGI2MTdiNzMxZjkzY2ExYWRiN2IxMzA4YTk3MDQwNzNhNzkxMzRhZDk5NmViMmMzNDEifQ.eyJ0eXBlIjoibWV0YSIsImF1ZCI6IjA1NTNiNjg2M2I1ZWUyZTQ3NDM3YjdiYTdjOGVkYTgxZjI5NmUzYjVjYmRjYWJmNGVkZmY5YmMxNWI4Njc2MDIiLCJob3N0bmFtZSI6Ind3dy5zY29yby5jb20iLCJyZWRpcmVjdF91cmwiOiIvd3AtbG9naW4ucGhwIiwic2VydmljZV90b2tlbl9zdGF0dXMiOmZhbHNlLCJpc193YXJwIjpmYWxzZSwiaXNfZ2F0ZXdheSI6ZmFsc2UsImV4cCI6MTc4MTk3NzI5OCwibmJmIjoxNzgxOTc2OTk4LCJpYXQiOjE3ODE5NzY5OTgsImF1dGhfc3RhdHVzIjoiTk9ORSIsIm10bHNfYXV0aCI6eyJjZXJ0X2lzc3Vlcl9kbiI6IiIsImNlcnRfc2VyaWFsIjoiIiwiY2VydF9pc3N1ZXJfc2tpIjoiIiwiY2VydF9wcmVzZW50ZWQiOmZhbHNlLCJjb21tb25fbmFtZSI6IiIsImF1dGhfc3RhdHVzIjoiTk9ORSJ9LCJyZWFsX2NvdW50cnkiOiJVUyIsImFwcF9zZXNzaW9uX2hhc2giOiJiZTNlN2Q3M2YzMzg4MTg4ZGY3YWJjNGRiZTEwZWVjNDQ0Yzg2ZGUwMWExMDNiYWU4ZmU2MjY5ODliZmIyMzg0In0.LVPbnwO0u0zTrvR6JOE7DhgvrVsM6cKF1uLTCMyJFRZieAxaKNdARaisyOVoU1OKlCbejDbB3D9zSlFLrCBab-yQBrRgin9nU-TcF5ssRHcRgLlRZreCwnZv764-dRrfSHZyOcYS1Tqk2QOaUUdGOsWeOOkvh_iXDmjYW46ShM0pN82bZ0x2NteEZ8DYAIHaobH_f6xg5c00pnzsqXjssKM8_B8Wp-tXCPIQf0D-fhxydmglThKyTtvVu9GG_SRAh-Nfmd6sPaN29jCPT6Oe7Zr3nf8DbhAKNTgBwEu5FNPIduV4Fk99a2212ZSha_afmmo-i-xplCvNMZYtzOGN1g&redirect_url=%2Fwp-login.php
scotchporter.com,none,,,https://www.scotchporter.com/customer_authentication/redirect?locale=en&region_country=US,https://shopify.com/authentication/5520205/login?client_id=5bdf109b-7ac5-4c64-bb29-374d90d9d2d6&locale=en-US&redirect_uri=%2Fauthentication%2F5520205%2Foauth%2Fauthorize%3Fbuyer_flags%3DeyJhbGciOiJIUzI1NiJ9.eyJpc3MiOiJudWRlYnljZW50ZXJzdGFnZWN1dHMubXlzaG9waWZ5LmNvbSIsImZsYWdzIjpbXSwiZXhwIjoxNzgyNTgzOTU5LCJuYmYiOjE3ODE5NzkxNTl9.9eg3GRWtOH1vgGiHi8UswjqHIZQE4noPmdt5CELamd8%26client_id%3D5bdf109b-7ac5-4c64-bb29-374d90d9d2d6%26locale%3Den-US%26nonce%3D4dc28eaf-b876-497f-b088-2149eef3bfa7%26redirect_uri%3Dhttps%253A%252F%252Fshopify.com%252F5520205%252Faccount%252Fcallback%26region_country%3DUS%26response_type%3Dcode%26scope%3Dopenid%2Bemail%2Bcustomer-account-api%253Afull%26state%3DhWNDZBJ7xBrQGknRUmtKHdli&region_country=US
scottscheapflights.com,code,,response_type=code,https://scottscheapflights.com/login,https://auth.going.com/u/login?state=hKFo2SB3NlRHcG9HNnY2RkhEM1BfaVI1bkRkRTVFeFJ1TkhmaqFur3VuaXZlcnNhbC1sb2dpbqN0aWTZIDRjaHItREVoeHNEOUVBZWZxZE1tY1h6QkxhSDhwUnpwo2NpZNkgSUhUTEE4VjkycFpScHdJWnliSnRBbWdpQng3ZUVkc1Q
scoutible.com,none,,,https://scoutible.com/login,https://www.scoutible.com/login
screencrib.com,none,,,https://screencrib.com/login,https://www.screencrib.com/login
scribie.com,google_unknown,,gsi_only,https://scribie.com/login,https://scribie.com/login
scripbox.com,google_unknown,,gsi_only,https://scripbox.com/login,https://scripbox.com/login
scriptr.io,none,,,https://www.scriptr.io/login,https://www.scriptr.io/login
sdax.co,none,,,https://www.sdax.co/login,https://www.sdax.co/login
seasy.at,none,,,https://seasy.at/login,https://www.seasy.com/login
sec3.dev,none,,,https://sec3.dev/login,https://sec3.dev/login
secoda.co,code,,response_type=code,https://app.secoda.co/auth,https://app.secoda.co/auth
secretsales.com,none,,,https://secretsales.com/login,https://www.secretsales.com/login/
securelabs.ai,none,,,https://app.securelabs.ai/,https://app.securelabs.ai/auth/login
secureprivacy.ai,code,,response_type=code,https://cmp.secureprivacy.ai/login,https://cmp.secureprivacy.ai/login
securicy.com,none,,,https://app.carbidesecure.com,https://app.carbidesecure.com/users/sign_in
securitize.io,none,,,https://securitize.io/login,https://securitize.io/login
securr.tech,none,,ERR:dns,,
seedblink.com,none,,,https://seedblink.com/login,https://seedblink.com/login
seedstars.com,none,,,https://seedstars.com/login,https://seedstars.com/login/
seekingalpha.com,google_unknown,,gsi_only,https://seekingalpha.com/login,https://seekingalpha.com/login
seerealm.com,none,,,https://seerealm.com/login,https://seerealm.com/login
seidat.com,code,,response_type=code,https://app.seidat.com/login,https://app.seidat.com/login
seismic.com,none,,,https://seismic.com/login,https://www.seismic.com/login/
seldon.io,none,,,https://seldon.io/login,https://seldon.io/login
sellx.com,none,,ERR:dns,,
semfia.com,none,,,https://semfia.com/login,https://semfia.com/login
sendajob.com,none,,,https://sendajob.com/login,https://workiz.com/.well-known/sgcaptcha/?r=%2Flogin&y=ipc:146.148.68.33:1781982099.083
sendhub.com,jwt,yes,response_type=permission id_token,https://app.sendhub.com/login,https://app.sendhub.com/login
sendinblue.com,none,,,https://sendinblue.com/login,https://www.brevo.com/login/
senditoo.com,none,,,https://senditoo.com/log-in/,https://senditoo.com/log-in/
sendlane.com,none,,,https://auth.sendlane.com/login,https://auth.sendlane.com/login
sendowl.com,code,,response_type=code,https://dashboard.sendowl.com/signup,https://dashboard.sendowl.com/signup/latest
sentricmusic.com,none,,,https://sentricmusic.com/login,https://sentric.publishingdashboard.com/login?redirect=%2F
sephora.com,none,,,https://sephora.com/login,https://www.sephora.com/login
seqera.io,code,,response_type=code,https://cloud.seqera.io/login,https://seqera.eu.auth0.com/login?state=hKFo2SBjcnZudnFHUnU3QkROQk5PTVVwenNhcVpOSEotbkxzaqFupWxvZ2luo3RpZNkgeWhwbldybUlHNFhrWW4tcC1vWkt0d2RpVklzUlZla2ejY2lk2SBjd2J5TloxbjRGR1J2MlBGY2I1d3B6a0t5dEdMRmRsZg&client=cwbyNZ1n4FGRv2PFcb5wpzkKytGLFdlf&protocol=oauth2&scope=openid%20profile%20email%20offline_access&response_type=code&redirect_uri=https%3A%2F%2Fcloud.seqera.io%2Foauth%2Fcallback%2Fauth0&code_challenge_method=S256&nonce=ba3468f1-6612-4447-bb85-897412b69d95&code_challenge=y0rNlslElg63UB1WBQa7kBJ4phQdjgDc0pjoUENr9w0
sequencing.com,google_unknown,,gsi_only,https://sequencing.com/login,https://sequencing.com/sign-up/new-account
servicetitan.com,none,,,https://go.servicetitan.com/auth/externallogin,https://login.servicetitan.com/signin?identityTrace=0620e0a6ccc54ff690dafaf4d4832406&state=CfDJ8C65i_bt6RVGtwgnC5zVVPNnZzN8mBWk0mZd-LWtnM8gxLg7Vj9q4u4CqNoYKWfX7yH5-9PM258gmD_mPHPrO6Ucfwbn9OMowXvJf30lVFtymiMfiNWLJdOosVH7mnH-IBUJ6oudfBshHnIpTE5Zip4-hS7H5far7wlROT_6WTrGPZ4xtU15aKxFiagGatwiU6riPidpvymD78y3uXOF-TtbZODO4M_pJbLxGZUTbP0apPJxpvpZhRTXdWAA1c13EQprumbGUC9LNEJsQ7GCZek3nEYigVxa-yHqb1rlvkwj8AG44bWveoeu9q4zZHLBQq2LvHCkwEJe_W9gyLKPFwevd8avaKOJJlJcElFRug19NsZ7otCZvnxvlwuitVMc_mMdAnwjRYm1DtaYn6bIOCcIODrdEtI7HF_62FXdSm_lKTL3-Qt6f29nBogtLSlEDUGiebEiWiFZcYvJVc71i9ig3s6gvQC11LiVHtrgGUM42ynIzYo5ib-1UtYvNnK5jpS50tQQ604yfDCaF4T33-yJz2kDF9PHXGh0CE9Ju5oityIe4aC3F3O6m0QVqT5xNOyHL_h8IyyUbEqR7fKWC-RO11okplDJ1lBxErjC1z0-gnLO49IyCilEa4v_G0KWiRrWvmu80h_fjrxnHD0vYa7iwY9e_HwN3RQdKyr9vYBY_syBMGkL1wPJOGU7dhEqZOtZc_YSZrcCpJLfiSn7m04O8NzpNpxFnha_9ievmP__tTMpPzsAtU8Hp3TcONew-_9xqgU6JMiIBFmecVwIR40-xYVUQb0bIViAcXmQpA9rDah7vbPNflcozxOA0BgCT_tMTSBGvHwaevlzBoL6tCz-NfwoELifeJPqEY4E6lHeO4BznmIiUX8EV_s3Yi2ozo9av4cdP-goZThIZBapQWxI9XFnZTZDyw5tgfLGEbmM7yMC57JtoSZxiNTRXF-HQdSfDhHdCf2Hng5sQsK7eiyVb35xwGvS7ua7xwMPzK2KWPcj7NfFwY1kZgJHrF0rKB2kIyNu_QMkagBRGLP8HrMo6rqCopl8QeFwu9W9jhgqgPfr0JDz6K76N-beDVRAo0jml6uI2RNTZbF_OkW1BRxB3f9r6_ojrosfGvEj_wEIPXCcqEV9Qwj2T_VeYZd-Y-VOEQfww50EEx1RAAYQ3z3A2y9g1h_x4kAELO0oYNSPnA-G8jiLxkW5lCcW__-1iwV4PsIG5u6i74PUQnv7O5bMKUblK94wkhrHkmTb-EUgk_mG2RrqxAPXI5VYiL7Cna8bxawKV97Rhhi_jXetS-eomuwwL8Ps9r1cw4_W6db4EDec3RXMavJVnnVcYTI2z7az3_fuCMdGen3A1aT7Y_hVXWi_J_eh34Eef0vc3o8AwQ8Uu2CZytLSo4XrovBsew
sesamecare.com,google_unknown,,gsi_only,https://sesamecare.com/login,https://iam.sesamecare.com/login?redirect_to=https%3A%2F%2Fsesamecare.com%2F
sesameorder.com,none,,,https://sesameorder.com/login,https://collgroup.co.com/login
settlemint.com,none,,,https://settlemint.com/login,https://www.settlemint.com/login
shapediver.com,none,,,https://www.shapediver.com/app/login,https://www.shapediver.com/app/login
shapshap.com,none,,,https://shapshap.com/login,https://shapshap.com/wp-login.php
shareaholic.com,none,,,https://www.shareaholic.com/signup,https://www.shareaholic.com/signup
sharedine.me,none,,,https://sharedine.me/users/sign_up,https://sharedine.me/users/sign_up
sharespost.com,none,,,https://auth.forgeglobal.com,https://auth.forgeglobal.com/oauth2/default/v1/authorize
shearshare.com,none,,,https://thatgirlarlene.com/wp-login.php,https://thatgirlarlene.com/wp-login.php
shekel.africa,none,,ERR:dns,,
shelflife.us,none,,,https://shelflife.us/login,http://ww1.shelflife.us/
shipandco.com,none,,,https://app.shipandco.com/login,https://app.shipandco.com/login
shippo.com,none,,,https://apps.goshippo.com/login,https://apps.goshippo.com/login
shojin.co.uk,none,,,https://portal.shojin.co.uk/user/login,https://portal.shojin.co.uk/user/login
shopbox.com,none,,,https://my.shopbox.com/,https://my.shopbox.com/#/login
shoppable.com,none,,,https://app.shoppable.com/signin,https://app.shoppable.com/signin
shoptimize.in,none,,,https://shoptimize.in/login,https://shoptimize.in/login
shortcut.com,none,,,https://shortcut.com/login,https://www.shortcut.com/login
shotcall.gg,none,,,https://shotcall.gg/author/madelinekilback/,https://shotcall.gg/author/madelinekilback/
shovels.ai,code,,response_type=code,https://app.shovels.ai,https://app.shovels.ai/login/?_source=/
show4me.com,none,,,https://show4me.com/login,https://show4me.com/login
showdigs.com,none,,,https://app.showdigs.com/sign-in,https://app.showdigs.com/sign-in
shrapnel.com,none,,,https://www.shrapnel.com/api/auth/signin/accelbyte,https://www.shrapnel.com/signin?callbackUrl=https%3A%2F%2Fwww.shrapnel.com&error=accelbyte
shufflup.org,none,,,https://shufflup.org/login,https://electricalvoice.com/difference-between-iir-and-fir-filters/
shufti.jp,code,,response_type=code,https://shufti.jp/login,https://app.shufti.jp/login
shuttlerock.com,code,,response_type=code,https://cloud.shuttlerock.com/,https://id.shuttlerock.com/u/login/identifier?state=hKFo2SBtTzR3SVlIVWZjNGhoMWY3M1JzX3JSLUxFX1A0dW1NMqFur3VuaXZlcnNhbC1sb2dpbqN0aWTZIGdIQ2F2RTNzS0xqY25uTHEtckxabklHajZ1RXpybU5xo2NpZNkgaU9DenhlUTVQRnUyNVR5R3N0OGxJWkF2UVhvM0NoM2I
shyftpower.com,none,,,https://shyftpower.com/login,https://shyftpower.com/login
sidechef.com,none,,,https://sidechef.com/login,https://sidechef.com/login
sievedata.com,none,,,https://sievedata.com/login,https://sieve.ai/
sifi.sa,none,,,https://sifi.sa/login,https://www.sifi.app/login
sigfig.com,none,,,https://sigfig.com/login,https://sigfig.com/login
signaturit.com,none,,,https://signaturit.com/login,https://signaturit.com/login
signicat.com,none,,,https://signicat.com/login,https://www.signicat.com/login
siit.io,google_unknown,,gsi_only,https://app.siit.io/login,https://app.siit.io/login
silabs.com,none,,,https://silabs.com/login,https://www.silabs.com/login
silamoney.com,none,,,https://silamoney.com/login,https://www.silamoney.com/login
silversheet.com,none,,,https://silversheet.com/login,https://silversheet.com/login
simpleclosure.com,none,,,https://app.simpleclosure.com/,https://app.simpleclosure.com/
simplilearn.com,code,,response_type=code,https://lms.simplilearn.com,https://accountsv2.simplilearn.com/auth/login
simplycast.com,none,,,https://simplycast.com/login,https://www.simplycast.com/login
simplyhired.com,none,,,https://simplyhired.com/login,https://simplyhired.com/login
simplyk.io,code,,response_type=code,https://zeffy.com/login?,https://www.zeffy.com/en-US/login
simplywise.com,none,,,https://simplywise.com/login,https://www.simplywise.com/login
simpu.co,none,,,https://texts.simpu.co/login,https://texts.simpu.co/login
sirved.com,none,,,https://sirved.com/login,https://sirved.com/login
sittercity.com,code,,response_type=code,https://sittercity.com/login,https://auth.sittercity.com/authenticate/openid?openid.assoc_handle=b49559d7-1444-42f5-9439-76e1be47967d&openid.assoc_type=HMAC-SHA256&openid.ax.mode=fetch_request&openid.ax.required=guid%2Cemail&openid.ax.type.email=http%3A%2F%2Fopenid.net%2Fschema%2Fcontact%2Finternet%2Femail&openid.ax.type.guid=http%3A%2F%2Fopenid.net%2Fschema%2Fperson%2Fguid&openid.claimed_id=http%3A%2F%2Fspecs.openid.net%2Fauth%2F2.0%2Fidentifier_select&openid.identity=http%3A%2F%2Fspecs.openid.net%2Fauth%2F2.0%2Fidentifier_select&openid.mode=checkid_setup&openid.ns=http%3A%2F%2Fspecs.openid.net%2Fauth%2F2.0&openid.ns.ax=http%3A%2F%2Fopenid.net%2Fsrv%2Fax%2F1.0&openid.ns.ui=http%3A%2F%2Fspecs.openid.net%2Fextensions%2Fui%2F1.0&openid.realm=https%3A%2F%2F%2A.sittercity.com&openid.return_to=https%3A%2F%2Fwww.sittercity.com%2Fcomplete_check_id&openid.ui.icon=true&openid.ui.mode=popup
skf.com,none,,,https://skf.com/login,https://www.skf.com/login
skillit.com,none,,,https://app.skillit.com/beta/sign-in,https://app.skillit.com/beta/sign-in
skims.com,none,,,https://skims.com/login,https://skims.com/login
skinlaundry.com,none,,,https://book.skinlaundry.com/login,https://book.skinlaundry.com/login
skiplino.com,none,,,https://portal.skiplino.com/login,https://portal.skiplino.com/login
skipperi.com,none,,,https://skipperi.com/login,https://www.skipperi.com/login
skyselect.com,none,,,https://app.skyselect.com/db/,https://app.skyselect.com/db/
skysystemz.com,google_unknown,,gsi_only,https://os.skysystemz.com/login,https://os.skysystemz.com/login
skyworker.io,none,,,https://skyworker.io/login,https://skyworker.io/login
slacker.com,jwt,yes,response_type=id_token,https://account.liveone.com/login,https://account.liveone.com/login
slateteams.com,none,,,https://app.slateteams.com/auth/login,https://app.slateteams.com/auth/login
sleek.com,none,,,https://sg-app.sleek.com/customer/,https://sg-app.sleek.com/auth
sleeknote.com,none,,,https://app.sleeknote.com/dashboard/?continue=overview&page=signin,https://app.sleeknote.com/dashboard/?continue=overview&page=signin
sleepycat.in,none,,,https://sleepycat.in/login,https://sleepycat.in/account/login
slope.so,none,,,https://slope.so/signin,https://slope.so/signin
sloyd.ai,none,,,https://app.sloyd.ai,https://app.sloyd.ai/labs/text-to-3d
smartcrowd.ae,none,,,https://smartcrowd.ae/login,https://smartcrowd.ae/.well-known/sgcaptcha/?r=%2Flogin&y=ipc:146.148.42.91:1781979688.264
smartology.net,none,,,https://my.smartology.co/login,https://my.smartology.co/login
smartsweets.com,none,,,https://smartsweets.com/login,https://smartsweets.com/login
smartvalor.com,none,,,https://app.smartvalor.com/en/auth/signin,https://app.smartvalor.com/en/auth/signin
smilerapp.com,none,,,https://smilerapp.com/login,https://smilerapp.com/login
smith.ai,none,,,https://smith.ai/login,https://smith.ai/login
smithhotels.com,none,,,https://smithhotels.com/login,https://www.mrandmrssmith.com/login
smoothmealprep.com,none,,,https://smoothmealprep.com/login,https://smoothmealprep.com/login
snagaslip.com,none,,,https://snagaslip.com/login,https://www.snagaslip.com/users/sign_in
snailzapp.com,none,,ERR:dns,,
snapattack.com,none,,,https://snapattack.com/login,https://snapattack.com/login
snapfish.com,none,,,https://snapfish.com/login,https://www.snapfish.com/home
snipfeed.co,none,,,https://app.snipfeed.co/signup,https://store.planoly.com/signup
snovio.awsapps.com,none,,,https://snovio.awsapps.com/login,https://snovio.awsapps.com/login/
snovio.com,none,,,https://app.snov.io/register?lang=en&signup_source=landing&signup_page=snov.io%2Findex&cta_type=sign_up&snovTrackingId=dNGzUKkJhBMrARimo8W7irupohHSJPFpnY9jtUIqs1wVl7TboGxatToSb7lte4TF,https://app.snov.io/register?lang=en&signup_source=landing&signup_page=snov.io%2Findex&cta_type=sign_up&snovTrackingId=dNGzUKkJhBMrARimo8W7irupohHSJPFpnY9jtUIqs1wVl7TboGxatToSb7lte4TF
snowflake.com,none,,,https://app.snowflake.com/,https://app.snowflake.com/
socialnative.com,none,,,https://my.socialnative.com/,https://my.socialnative.com/
socket.dev,none,,,https://socket.dev/login,https://socket.dev/login
socprime.com,code,,response_type=code,https://tdm.socprime.com/login/,https://tdm.socprime.com/login/
socure.com,none,,,https://socure.com/login,https://www.socure.com/login
sofy.ai,none,,,https://portal.sofy.ai/auth/login?_ga=2.144519351.369859630.1684764678-448052812.1683841030,https://portal.sofy.ai/auth/login?_ga=2.144519351.369859630.1684764678-448052812.1683841030
soilcapital.com,none,,,https://app.soilcapital.com/,https://app.soilcapital.com/login
solesavy.com,none,,,https://my.solesavy.com,https://my.solesavy.com/
solsten.io,none,,,https://app.solsten.io/sign-in,https://elaris.new/sign-in
somosnudos.com,none,,,https://somosnudos.com/login,https://somosnudos.com/login
sonarverse.com,none,,,https://console.sonarx.com,https://sonarverse.us.auth0.com/u/login?state=hKFo2SBia2lfTENTUEpPQTJyQjM1OC1iejlwUVNQTW13bW1VaqFur3VuaXZlcnNhbC1sb2dpbqN0aWTZIGtiWk1aRWVfY3JteEdfNVNNelhHMUJNLTg1T3BidGpno2NpZNkgdDBBd05VOXV0bDVKN2dYTFU3aXNCWGU3NDRobm15NW8
sonarworks.com,none,,,https://sonarworks.com/login,https://www.sonarworks.com/login
songfinch.com,none,,,https://songfinch.com/login,https://www.songfinch.com/
songpush.com,none,,,https://app.songpush.com/login,https://app.songpush.com/login
songtradr.com,none,,,https://songtradr.com/login,https://www.songtradr.com/
soom.la,none,,,https://soom.la/login,https://unity.com/grow
soomgo.com,none,,,https://soomgo.com/login,https://soomgo.com/login
sopsy.com,none,,,https://sopsy.com/login,https://sopsy.com/login
soreal.ch,none,,,https://soreal.ch/signin,https://soreal.ch/signin
soterixmedical.com,none,,,https://soterixmedical.com/login,https://soterixmedical.com/login
sounder.fm,none,,,https://sounder.fm/login,https://sounder.fm/login
soundtracktor.com,none,,,https://soundtracktor.com/login,https://soundtracktor.com/login
sourcedcraftcocktails.com,none,,,https://sourcedcraftcocktails.com/login,https://sourcedcraftcocktails.com/login
sourcetable.com,jwt,yes,response_type=id_token,https://app.sourcetable.com/signup,https://app.sourcetable.com/signup
sovaassessment.com,none,,,https://portal.sovaonline.com/login,https://portal.sovaonline.com/login
spacejoy.com,none,,,https://spacejoy.com/login,https://www.spacejoy.com/
spce.com,none,,,https://www.spce.com/account-based-marketing-abm/,https://www.spce.com/account-based-marketing-abm/
speak.com,none,,,https://speak.com/login,https://www.speak.com/
speakeasy.com,none,,,https://speakeasy.com/login,https://www.speakeasy.com/login
spectrocloud.com,code,,response_type=code,https://console.spectrocloud.com/,https://console.spectrocloud.com/auth?returnTo=%2F&inactive=false
speed.at,none,,,https://speed.at/login,https://speed.at/login
spiceology.com,none,,,https://spiceology.com/login,https://account.spiceology.com/authentication/login?client_id=bc59b043-0272-4c38-a9c7-c51ccb092f9b&locale=en-US&redirect_uri=%2Fauthentication%2Foauth%2Fauthorize%3Fclient_id%3Dbc59b043-0272-4c38-a9c7-c51ccb092f9b%26locale%3Den-US%26nonce%3D19a4422b-b6a9-4cb8-86c1-c2a54c185d23%26redirect_uri%3Dhttps%253A%252F%252Faccount.spiceology.com%252Fcallback%26response_type%3Dcode%26scope%3Dopenid%2Bemail%2Bcustomer-account-api%253Afull%26state%3DhWNDZIEn2qCDOajA4jZw6hKj
spiking.com,jwt,yes,response_type=id_token,https://spiking.com/login,https://spiking.com/login
spinn.com,jwt,yes,gis_credential,https://spinn.com/login,https://www.spinn.com/404
spinndle.com,none,,,https://spinndle.com/login,https://spinndle.com/login
spintly.com,none,,,https://dashboard.optispaces.ai/login,https://dashboard.optispaces.ai/login
spitch.ch,none,,,https://spitch.ch/login,https://spitch.ch/login
splashlearn.com,google_unknown,,gsi_only,https://splashlearn.com/login,https://www.splashlearn.com/login
splashthat.com,none,,,https://splashthat.com/login,https://splashthat.com/login
splashtop.com,none,,,https://redirect.splashtop.com/my/login?web_source=disabled&web_medium=disabled&current_url=disabled&entry_url=disabled&referral_url=disabled&page=disabled&platform=web,https://my.splashtop.com/login?web_source=disabled&web_medium=disabled&current_url=disabled&entry_url=disabled&referral_url=disabled&page=disabled&platform=web
splunk.com,none,,,https://www.splunk.com/api/bin/sso/logout?module=sso_logout,https://www.splunk.com/
splx.ai,none,,,https://probe.splx.ai/,https://auth.splx.ai/realms/platform/protocol/openid-connect/auth?client_id=probe-ui&redirect_uri=https%3A%2F%2Fprobe.splx.ai%2Fauth%2Fredirect&response_type=code&scope=openid+profile+email&state=9a2a2f5d1eeb4b24a8df33000862bc4c&code_challenge=JQZ_f8Q6B5p_kpAse0YdDm18uFLST2ug1ECp8itSXuY&code_challenge_method=S256
spoko.app,none,,,https://spoko.app/login,https://spoko.app/en/login
sporahealth.com,none,,,https://gboskysporahealth.netlify.app/,https://gboskysporahealth.netlify.app/
sportid.ee,none,,,https://sportid.ee/login,https://sportid.ee/login
sportsbox.ai,none,,,https://3dgolf.sportsbox.ai/sign-up,https://3dgolf.sportsbox.ai/sign-up
sportsedtv.com,none,,,https://sportsedtv.com/login,https://sportsedtv.com/login
spot.com,none,,,https://spot.com/login,https://spot.com/login
spot2nite.com,none,,,https://spot2nite.com/signin,https://www.spot2nite.com/signin
spreadsheet.com,none,,ERR:dns,,
springcopenhagen.com,none,,,https://account.springcopenhagen.com/profile?locale=da&region_country=DK&buyer_flags=eyJhbGciOiJIUzI1NiJ9.eyJpc3MiOiJzcHJpbmdjb3BlbmhhZ2VuLm15c2hvcGlmeS5jb20iLCJmbGFncyI6W10sImV4cCI6MTc4MjU4MTU4OCwibmJmIjoxNzgxOTc2Nzg4fQ.4FvcVxqWAQsjNxkaDmOWT2SuGOk1wWZeygCc0zBQLrk,https://account.springcopenhagen.com/authentication/login?client_id=781842e1-7ed1-4e23-be4d-56e5e115a25a&locale=da-DK&redirect_uri=%2Fauthentication%2Foauth%2Fauthorize%3Fbuyer_flags%3DeyJhbGciOiJIUzI1NiJ9.eyJpc3MiOiJzcHJpbmdjb3BlbmhhZ2VuLm15c2hvcGlmeS5jb20iLCJmbGFncyI6W10sImV4cCI6MTc4MjU4MTU4OCwibmJmIjoxNzgxOTc2Nzg4fQ.4FvcVxqWAQsjNxkaDmOWT2SuGOk1wWZeygCc0zBQLrk%26client_id%3D781842e1-7ed1-4e23-be4d-56e5e115a25a%26locale%3Dda-DK%26nonce%3D3c9a8f8d-dbaf-4134-a52a-f0f7f76a44f0%26redirect_uri%3Dhttps%253A%252F%252Faccount.springcopenhagen.com%252Fcallback%26region_country%3DDK%26response_type%3Dcode%26scope%3Dopenid%2Bemail%2Bcustomer-account-api%253Afull%26state%3DhWNDZ7JiqsuJ7d9Zyat2YQct&region_country=DK
springhealth.com,none,,,https://care.springhealth.com/sign_in,https://care.springhealth.com/sign_in
spudsy.com,none,,,https://spudsy.com/login,https://www.spudsy.com/login
sqldbm.com,code,,response_type=code,https://dashboard.sqldbm.com/Project/Dashboard/,https://idp.sqldbm.com/sign-in?returnUrl=%2Fapi%2Fpublic%2Foauth%2Fauthorize%3Fclient_id%3Dweb-client-id%26redirect_uri%3Dhttps%253A%252F%252Fdashboard.sqldbm.com%252Fcallback%252Foidc%26response_type%3Dcode%26scope%3Dopenid%26code_challenge%3DlK7oCaZyLf6CjhEB21f3lzrIEkOCnB4DIU8sJzTViTs%26code_challenge_method%3DS256%26response_mode%3Dform_post%26nonce%3D639175757588692619.ODgzZGIyY2QtY2UzZi00MWM3LThmZTQtYWYwNDg1ZmUyNTE3NmQ2MjFjYjgtNjRjOS00ZTVhLWJkMTQtZTRkNWM5ZDEzNjZk%26state%3DCfDJ8Hto0ZRwiFlEhn8Iu31uKnnvldD4HLVj1eew5Kudm6rBGmXnGOl9qMcW6en7PoR7v0MHWw4C5fazhJR6ZV0mgWA5ErVGgWMB7om1jvYNdrDTKBfFXGxh6YtSI6eU_5IETKP-oRUUR9zhklFQ4jq45eoBA9_YP8E8ddDFLBbJoM0Sm5Vz6HxYYHkFL6dMlmDBsNe7om9sLW-qvuCzMEbaOEQUY_BGIaI-bqsbd1zTFM0t-6mctjwy0k8HuF_xYjVi1k6F1WWevQw5Z8EErr_JBbc85LeaP6S-SAvs_9QKGMHLaibd2OCgYKTp83CiAHGzxnBmlh_1Kx3vENnjDorK7wchy-7rGwDPMdk_y7H_tSB1hOw1srBJHllQGmpWFU44PLujjsZ3gZI73gEqOYHP8Kc%26x-client-SKU%3DID_NET10_0%26x-client-ver%3D8.0.1.0
squint.ai,none,,,https://app.squint.ai/login,https://app.squint.ai/login
ssbugs.com,none,,,https://ssbugs.com/login,https://proteqon.com/
ssense.com,none,,,https://ssense.com/login,https://www.ssense.com/login
stackblitz.com,none,,,https://stackblitz.com/login,https://stackblitz.com/login
stadtsalat.de,none,,,https://stadtsalat.de/login,https://stadtsalat.de/hamburg
star-cooperation.com,none,,,https://star-cooperation.com/login,https://www.star-cooperation.com/de/
starshiphsa.com,none,,,https://starshiphsa.com/login,https://starshiphsa.com/login
starstable.com,jwt,yes,gis_credential,https://starstable.com/login,https://www.starstable.com/en/login
startree.ai,code,,response_type=code,https://startree.cloud/login,https://startree.us.auth0.com/login?state=hKFo2SAzNHRWWFRlQlQ5SGZjdXZ3ZklXRXlseDlkU0NKb211VKFupWxvZ2luo3RpZNkgOTdBSzNpeXh1NmJwMDdaLXBnYnBBMFRHUlh1RHRvN2qjY2lk2SBvUDM0eThOQ3k2QnY1V2t6TEY1MEgzQlBaVmlVdXBONw&client=oP34y8NCy6Bv5WkzLF50H3BPZViUupN7&protocol=oauth2&scope=openid%20profile%20email&redirect_uri=https%3A%2F%2Fstartree.cloud&audience=https%3A%2F%2Fstartree.us.auth0.com%2Fapi%2Fv2%2F&response_type=code&response_mode=query&nonce=VFg4YjRlSGFXNUJFNkV5b2swSloyUWtyQ0dSSlpzSzF5Y3NpSn54N3JNcA%3D%3D&code_challenge=AAI-cjF784lPCpQPZ9OYMqMlG_UsbRUtyQKpzhkxynI&code_challenge_method=S256&auth0Client=eyJuYW1lIjoiYXV0aDAtcmVhY3QiLCJ2ZXJzaW9uIjoiMi4yLjAifQ%3D%3D
statsbot.co,none,,,https://cubecloud.dev/auth,https://cubecloud.dev/auth
steelseries.com,none,,,https://steelseries.com/login,https://steelseries.com/login
stenn.com,none,,,https://rbf.stenn.com/auth/login?_gl=1*abg0gl*_gcl_au*MTE5NDc4NzIxNi4xNzE3NDA4MTU4,https://rbf.stenn.com/auth/login?_gl=1*abg0gl*_gcl_au*MTE5NDc4NzIxNi4xNzE3NDA4MTU4
stepfunction.ai,none,,,,
sterblue.com,none,,,https://sterblue.com/login,https://www.sterblue.com/login
steriline.it,none,,,https://steriline.it/login,https://www.steriline.it/login
stevepodeszwa.com,none,,,https://stevepodeszwa.com/login,https://stevepodeszwa.com/login
stix.golf,none,,,https://stix.golf/login,https://stix.golf/login
stockal.com,none,,,https://borderless.pe/login,https://borderless.pe/login
stockspot.com.au,none,,,https://www.stockspot.com.au:443/signin/,https://www.stockspot.com.au/signin/
stocktargetadvisor.com,none,,,https://www.stocktargetadvisor.com/account/google_signup/?type=client,https://www.stocktargetadvisor.com/account/google_signup/?type=client
stonycreekcolors.com,none,,,https://stonycreekcolors.com/login,https://www.stonycreekcolors.com/login
storyblocks.com,jwt,yes,response_type=id_token,https://storyblocks.com/login,https://www.storyblocks.com/login
storyblok.com,none,,,https://app.storyblok.com/#/signup,https://app.storyblok.com/#/signup
storypod.com,none,,,https://storypod.com/login,https://www.storypod.com/login
strada.tech,none,,,https://strada.tech/login,https://strada.tech/login
straighterline.com,none,,,https://straighterline.com/login,https://www.straighterline.com/login.php
strathberry.com,none,,,https://strathberry.com/login,https://www.strathberry.com/login
stratifi.com,google_unknown,,gsi_only,https://advisors.stratifi.com/signin,https://advisors.stratifi.com/signin
strava.com,none,,,https://www.strava.com/register/free?cta=sign-up&element=mobile-nav&source=website_show,https://www.strava.com/register/free?cta=sign-up&element=mobile-nav&source=website_show
streamkap.com,code,,response_type=code,https://app.streamkap.com/account/login,https://app.streamkap.com/account/login
streamlabs.com,none,,,https://streamlabs.com/login,https://streamlabs.com/slid/login
streamnative.io,none,,,https://console.streamnative.cloud/signup?from=banner_lakestream-launch,https://console.streamnative.cloud/signup?from=banner_lakestream-launch
streetlib.com,none,,,https://dashboard.streetlib.com,https://dashboard.streetlib.com/login
striim.com,none,,,https://signup-developer.striim.com,https://developer.striim.com/signup
strikegraph.com,code,,response_type=code,https://grc.strikegraph.com/,https://login.grc.strikegraph.com/u/login/identifier?state=hKFo2SA5V0RoeVEzeUNKOTJqcmlqeUt5YzFCT1Mzd1FQZHVHVaFur3VuaXZlcnNhbC1sb2dpbqN0aWTZIGdGWnBuNkw3anMtbGVWUVhRZTVlSzVTZlM1a1g3R1hho2NpZNkgbHhkWEZSNkNrZ3BpU0trMHkybTViMzZDVGxNQnpTYUg
strikingly.com,none,,,https://strikingly.com/login,https://strikingly.com/login
strollme.de,code,,response_type=code,https://portal.strollme.com,https://portal.strollme.com/auth
structify.ai,none,,,https://app.structify.ai/login,https://app.structify.ai/login
structionsite.com,jwt,yes,response_type=id_token,https://www.dronedeploy.com/app2/auth/signin,https://www.dronedeploy.com/app2/auth/signin
stuart.com,none,,,https://dashboard.stuart.com/log-in,https://dashboard.stuart.com/log-in
student.com,google_unknown,,gsi_only,https://student.com/login,https://www.student.com/login
students.pl,none,,,https://students.pl/login,https://students.pl/login/
studint.co,none,,,https://studint.co/login,https://studint.co/login
studs.com,none,,,https://studs.com/login,https://studs.com/login
sturish.com,none,,,https://sturish.com/login,https://forsale.godaddy.com/forsale/sturish.com?utm_source=TDFS_BINNS2&utm_medium=parkedpages&utm_campaign=x_corp_tdfs-binns2_base&traffic_type=TDFS_BINNS2&traffic_id=binns2&
stylesaint.com,none,,,https://stylesaint.com/login,https://www.stylesaint.com/login
styleseat.com,none,,,https://styleseat.com/login,https://www.styleseat.com/m/login
styr.com,none,,,https://styr.com/login,https://www.afternic.com/forsale/styr.com?utm_source=TDFS_DASLNC&utm_medium=parkedpages&utm_campaign=x_corp_tdfs-daslnc_base&traffic_type=TDFS_DASLNC&traffic_id=daslnc&
subbly.co,none,,,https://subbly.co/login,https://www.subbly.co/login
subhub.com,none,,ERR:dns,,
submix.io,none,,,https://submix.io/login,https://www.submix.io/login
substack.com,none,,,https://substack.com/login,https://substack.com/login
success.ai,jwt,yes,gis_credential,https://app.success.ai/login,https://app.success.ai/login
suger.io,none,,,https://console.suger.io/login,https://console.suger.io/login
suiteness.com,none,,,https://suiteness.com/login,https://www.suiteness.com/login
sumsub.com,google_unknown,,gsi_only,https://cockpit.sumsub.com/checkus/login,https://cockpit.sumsub.com/checkus/login
sundeck.io,none,,,https://sundeck.io/login,https://sundeck.io/login
sunsave.energy,none,,,https://sunsave.energy/login,https://www.sunsave.energy/login
sunstonecredit.com,none,,,https://app.sunstonecredit.com/authentication/login,https://app.sunstonecredit.com/authentication/login
sunwing.ca,none,,,https://sunwing.ca/login,https://www.sunwing.ca/login
supergoop.com,jwt,yes,gis_credential,https://supergoop.com/login,https://supergoop.com/login
supergut.com,none,,,https://supergut.com/a/account/build-a-box/dynamic/7507282919522,https://supergut.com/a/account/build-a-box/dynamic/7507282919522
superquery.io,none,,ERR:dns,,
superscale.ai,none,,,https://superscale.ai/login,https://superscale.ai/auth/sign-in?redirect_url=https%3A%2F%2Fsuperscale.ai%2Flogin
supertalent.io,code,,response_type=code,https://app.talentpilot.com/login,https://app.talentpilot.com/login
supervise.ly,code,,response_type=code,https://app.supervisely.com,https://app.supervisely.com/init
supliful.com,code,,response_type=code,https://supliful.com/login,https://supliful.com/auth
supplycompass.com,none,,,https://supplycompass.com/login,https://supplycompass.com/login
support.wise.com,none,,ERR:dns,,
supportfinity.com,jwt,yes,response_type=id_token,"https://x.com/i/flow/login?redirect_after_login=%2Fi%2Fgrok%3Ftext%3DExplain%20how%20SupportFinity%20can%20help%20me%20find,%20source%20and%20hire%20faster.",https://x.com/i/jf/onboarding/web?redirect_after_login=%2Fi%2Fgrok%3Ftext%3DExplain%20how%20SupportFinity%20can%20help%20me%20find%2C%20source%20and%20hire%20faster.&mode=login
surfline.com,none,,,https://www.surfline.com/sign-in,https://www.surfline.com/sign-in
surreal.la,jwt,yes,response_type=id_token,https://auth.heygen.com,https://auth.heygen.com/
surveymonkey.com,code,,response_type=code,https://surveymonkey.com/login,https://auth-us.surveymonkey.com/login?state=hKFo2SBMTzdNTlE1bzV1aDFOcTItQWVNQmJOb1hEdmYzQ1ZjUaFupWxvZ2luo3RpZNkgYkNXc3BWZjN5UTBIMk4zU1h6WUFIVVpqZVdpeHdvU2GjY2lk2SBzQTM0RFVtUUE0RUlySkM3cTlRdVBDZjFUNzc4QmZMdg&client=sA34DUmQA4EIrJC7q9QuPCf1T778BfLv&protocol=oauth2&prompt=login&scope=openid%20profile%20email&redirect_uri=https%3A%2F%2Fwww.surveymonkey.com%2Flogin%2Fcallback&ui_locales=en&sm.amp_did=c7313f5a-52b3-4de9-98f9-8a8727eeea4a&sm.amp_sid=1781980125464&sm.locale=en&sm.country=US&sm.subdomain=www&sm.social_popup=false&response_type=code&response_mode=query&nonce=Ymt3c2hiS0FCaFBMM0lOMDZmUklzekxXSDBDZDM3SVZaSlJUV1A5Q3ZQYg%3D%3D&code_challenge=YKROyxn9aE4fgSWc6-4QIz0BvRwTlwGIyDSc8KhcsHw&code_challenge_method=S256&auth0Client=eyJuYW1lIjoiYXV0aDAtc3BhLWpzIiwidmVyc2lvbiI6IjIuMC4xIn0%3D
survicate.com,google_unknown,,gsi_only,https://panel.survicate.com/,https://panel.survicate.com/signin
susgrainable.ca,none,,,https://susgrainable.com/customer_authentication/redirect?locale=en&region_country=CA,https://shopify.com/authentication/28685074491/oauth/authorize?buyer_flags=eyJhbGciOiJIUzI1NiJ9.eyJpc3MiOiJzdXNncmFpbmFibGUtaGVhbHRoLWZvb2RzLm15c2hvcGlmeS5jb20iLCJmbGFncyI6W10sImV4cCI6MTc4MjU4Njc5OSwibmJmIjoxNzgxOTgxOTk5fQ.HUn5a2zzgRWLFy3Id19xa760ZTHWBc3XgRJHnx0-YzQ&client_id=fc26e180-be6f-40f0-8ba6-9d194990b27f&locale=en-CA&nonce=824a2740-6a69-4323-bf13-eb821a72f52b&redirect_uri=https%3A%2F%2Fshopify.com%2F28685074491%2Faccount%2Fcallback&region_country=CA&response_type=code&scope=openid+email+customer-account-api%3Afull&state=hWNDZG6T30BTrwYrXvOWUeu1
sustainment.tech,none,,,https://portal.sustainment.tech/login,https://portal.sustainment.tech/login
svenn.com,none,,,https://svenn.com/no/sign-up,https://svenn.com/no/sign-up
swarm.market,none,,,https://swarm.market/login,https://polyswarm.io/
sweetearthfoods.com,none,,,https://sweetearthfoods.com/login,https://www.goodnes.com/login
sweeten.com,none,,,https://app.sweeten.com/login/renovator/,https://app.sweeten.com/login/renovator
sweetescape.com,none,,,https://sweetescape.com/login,https://www.sweetescape.com/en/login
swipe.ng,none,,,https://swipe.ng/login,https://swipe.ng/
swirepay.com,none,,,https://dashboard.swirepay.com,https://dashboard.swirepay.com/
swishanalytics.com,none,,,https://swishanalytics.com/login,https://www.swishanalytics.com/login
swisscom.com,none,,,https://myai.swisscom.ch/login?caller-id=myswisscom&caller-os=ios&caller-type=app-switcher,https://myai.swisscom.ch/login?caller-id=myswisscom&caller-os=ios&caller-type=app-switcher
swissotel.com,none,,,https://swissotel.com/signin,https://www.swissotel.com/signin/
switcho.it,none,,,https://switcho.it/login,https://www.switcho.it/pagina-non-trovata
swivel.ai,none,,,https://swivel.ai/login,https://swivel.ai/login
swoopfunding.com,none,,,https://app.swoopfunding.com/login/,https://app.swoopfunding.com/login/
sybill.ai,code,,response_type=code,https://app.sybill.ai/login?tab=ym,https://app.sybill.ai/login?tab=ym
syfe.com,jwt,yes,response_type=id_token,https://syfe.com/login,https://www.syfe.com/login
syllable.ai,none,,,https://syllable.cloud/,https://syllable.cloud/sign-in
syncplicity.com,none,,,https://syncplicity.com/login,https://www.syncplicity.com/
syndica.io,none,,,https://syndica.io/login,https://syndica.io/login
synthego.com,none,,,https://orders.synthego.com/identity/o/authorize?response_type=code&scope=openid+profile+email&client_id=25dedfdaad3c41c880490ab456eba11c&state=79b4dfd4422660b6f3230d30813a1042&redirect_uri=https%3A%2F%2Fwww.synthego.com%2Fwp-admin%2Fadmin-ajax.php%3Faction%3Dopenid-connect-authorize&redirect_to=https%3A%2F%2Fwww.synthego.com%2F,https://orders.synthego.com/accounts/login/?next=/identity/o/authorize%3Fresponse_type%3Dcode%26scope%3Dopenid%2Bprofile%2Bemail%26client_id%3D25dedfdaad3c41c880490ab456eba11c%26state%3D79b4dfd4422660b6f3230d30813a1042%26redirect_uri%3Dhttps%253A%252F%252Fwww.synthego.com%252Fwp-admin%252Fadmin-ajax.php%253Faction%253Dopenid-connect-authorize%26redirect_to%3Dhttps%253A%252F%252Fwww.synthego.com%252F
synthesis.is,none,,,https://tutor.synthesis.com/login,https://tutor.synthesis.com/login
syntheticus.ai,none,,,https://syntheticus.ai/login,https://syntheticus.ai/login
synup.com,code,,response_type=code,https://local.synup.com/users/find_workspace,https://local.synup.com/users/find_workspace
tachyon.studio,none,,,https://tachyon.studio/login,https://tachyon.studio/wp-login.php
taclia.com,none,,,https://taclia.com/login,https://taclia.com/login
tailscale.com,code,,response_type=code,https://login.tailscale.com/welcome,https://login.tailscale.com/login?next_url=%2Fwelcome
tailwindapp.com,none,,,https://tailwindapp.com/login,https://www.tailwindapp.com/login
takelessons.com,none,,ERR:dns,,
talabat.com,none,,,https://talabat.com/login,https://www.talabat.com/login
talent-alpha.com,none,,,https://app.talent-alpha.com/,https://app.talent-alpha.com/
talenthouse.com,none,,,https://talenthouse.com/login,https://talenthouse.com/login
talentmarketplace.ca,none,,,https://talentmarketplace.ca/login,https://talentmarketplace.ca/login
talentpair.com,none,,,https://talentpair.com/login,https://talentpair.com/login
talentuno.com,none,,,https://talentuno.com/login,https://talentuno.com/.well-known/sgcaptcha/?r=%2Flogin&y=ipc:146.148.98.137:1781982722.449
talkshop.live,code,,response_type=code,https://talkshop.live/login,https://talkshop.live/login
talmix.com,none,,,https://talmix.com/login,https://talmix.com/login
taloo.cl,none,,,https://taloo.cl/login,https://taloo.cl/login
tami.co.uk,none,,,https://auth.tami.ai/,https://auth.tami.ai/Account/Login?ReturnUrl=%2Fconnect%2Fauthorize%2Fcallback%3Fclient_id%3Dwebapp%26redirect_uri%3Dhttps%253A%252F%252Fapp.tami.ai%252FAccount%252FSigninOidc%26response_type%3Dcode%26scope%3Dopenid%2520email%2520roles%2520offline_access%2520ContactEndpoints%2520mcp%2520lookalike_api_search_scope%26code_challenge%3DYi7MgHTPv29gVgdW7ImBGReq7HnQrwDbisB557YLfcA%26code_challenge_method%3DS256%26response_mode%3Dform_post%26nonce%3D639175777143671027.YWUzMzk5NGEtYTdkOC00ZmExLWI1MWUtZGJjY2QzODBhMWE3NGY4YzRmNjYtYjA5Mi00ZjBiLThkMzYtY2NlMWY2MjRjZWRm%26state%3DCfDJ8BRXqpltZNRKkWRH9TGMmGtHKsxWh-KNp9uuO_FjvHbHvTCUrRfUqzvXpAk9pc4-KKiwRXzDC2pmSJm8QZuMJr81G0ENI0jPECMVALHwgWl8AqV1lfDf7SoOsY878-x1SkXZwSEWUF1IS9fTUl5NuwNvADdj0zwnzVl9mg--3k-arFEHTTHtBLP2p0T5Vn0KWXjt0V6C_6GluXhUFaiWZZBzY-LMlEifKgI_zdAK8BRYUE0p-qz9JMb5ZI4dlRnCtscAuWRhtvmEKS_JPgH6Km-nDztcMV37kBFjkqSG8XJkraq4ej-ncCfx0jK-Cz2jdCmsJwCrXSGhpvOsjwEaZWeOqa2s_0pF5LDzHWMy97-IRdKqBYj6ohHlA0wepWVmMg%26x-client-SKU%3DID_NET8_0%26x-client-ver%3D8.0.1.0
tandemhealth.ai,none,,,https://app.tandemhealth.ai/login,https://app.tandemhealth.ai/login
tangramvision.com,none,,,https://hub.tangramvision.com/,https://hub.tangramvision.com/
tanvas.co,none,,,,
tapasmedia.co,none,,,https://tapasmedia.co/login,https://tapasmedia.co/login
tapjoy.com,none,,,https://dashboard.tapjoy.com,https://dashboard.tapjoy.com/s/l#session/login?
tapline.io,none,,,https://tapline.io/login,https://tapline.io/.well-known/sgcaptcha/?r=%2Flogin&y=ipc:146.148.42.91:1781984381.918
tapstitch.com,google_unknown,,gsi_only,https://tapstitch.com/login,https://www.tapstitch.com/login
tapstudio.co.uk,none,,ERR:dns,,
taptapnetworks.com,none,,,https://taptapnetworks.com/login,https://taptapnetworks.com/login
taskade.com,none,,,https://taskade.com/login,https://www.taskade.com/login
taskhuman.com,none,,,https://taskhuman.com/login,https://taskhuman.com/login
tataprojects.com,none,,,https://www.instagram.com/accounts/login/?next=/officialtataprojects/,https://www.instagram.com/accounts/login/?next=%2Fofficialtataprojects%2F
tatcha.com,none,,,https://tatcha.com/login,https://tatcha.com/login
tattoodo.com,none,,,https://tattoodo.com/login,https://www.tattoodo.com/login
tatum.io,none,,,https://dashboard.tatum.io/signup,https://dashboard.tatum.io/signup
taxfyle.com,none,,,https://app.taxfyle.com/login,https://app.taxfyle.com/login
taxly.ch,none,,,https://taxly.ch/login,https://taxly.ch/login
taylorandhart.com,jwt,yes,gis_credential,https://taylorandhart.com/login,https://taylorandhart.com/login
teachforamerica.org,none,,,https://teachforamerica.org/login,https://teachforamerica.org/login
team.captivoice.com,none,,ERR:dns,,
teamatical.com,none,,,https://teamatical.com/login,https://www.teamatical.com/login
teamecho.at,none,,,https://app.teamecho.com,https://app.teamecho.com/login
teamflowhq.com,none,,,https://app.teamflowhq.com/login?_ga=2.34221859.308909694.1662751027-1816996295.1661399197&_gac=1.28291406.1662493561.Cj0KCQjw39uYBhCLARIsAD_SzMTo5MFDhX7uSPXqLlx3jwsoXDUEfNZCHIWo8fGxa0zpb0uuMSPQj3UaArwgEALw_wcB,https://app.teamflowhq.com/login?_ga=2.34221859.308909694.1662751027-1816996295.1661399197&_gac=1.28291406.1662493561.Cj0KCQjw39uYBhCLARIsAD_SzMTo5MFDhX7uSPXqLlx3jwsoXDUEfNZCHIWo8fGxa0zpb0uuMSPQj3UaArwgEALw_wcB
teamleader.eu,code,,response_type=code,https://auth.focus.teamleader.eu/,https://auth.focus.teamleader.eu/
techspan.ca,none,,,https://techspan.ca/customer/account/login/referer/aHR0cHM6Ly90ZWNoc3Bhbi5jYS9jdXN0b21lci9hY2NvdW50Lw%3D%3D/,https://techspan.ca/customer/account/login/referer/aHR0cHM6Ly90ZWNoc3Bhbi5jYS9jdXN0b21lci9hY2NvdW50Lw%3D%3D/
techspert.com,none,,,https://expert-profile.techspert.com/,https://expert-profile.techspert.com/
tecovas.com,none,,,https://tecovas.com/login,https://www.tecovas.com/login
teejlab.com,code,,response_type=code,https://apidiscovery.teejlab.com/accounts/login/,https://apidiscovery.teejlab.com/accounts/login/
teespring.com,none,,,https://teespring.com/login,https://teespring.com/login
tegus.co,none,,,https://app.tegus.co/users/sign_in,https://app.tegus.co/users/sign_in
telespine.com,none,,,https://msk.orbittelehealth.com/v3/signup,https://msk.orbittelehealth.com/v3/signup
teller.io,none,,,https://teller.io/login,https://teller.io/login
telli.com,none,,,https://app.telli.com/,https://app.telli.com/user-login
telli.so,none,,,https://app.telli.com/,https://app.telli.com/user-login
telmai.ai,none,,,https://telmai.ai/login,https://telmai.ai/login
tembomoney.com,none,,,https://appui.tembomoney.com/login,https://appui.tembomoney.com/login
temporal.io,none,,,https://cloud.temporal.io/,https://cloud.temporal.io/
tenantcloud.com,token,yes,response_type=token,https://app.tenantcloud.com/login,https://app.tenantcloud.com/login
tenchisecurity.com,none,,,https://tenchisecurity.com/login,https://www.tenchisecurity.com/br/login
tenderly.co,none,,,https://dashboard.tenderly.co/login,https://dashboard.tenderly.co/login
tenet.com,none,,,https://tenet.com/sign-in/,https://tenet.com/sign-in
tenlittle.com,none,,,https://tenlittle.com/login,https://tenlittle.com/login
tennis-point.de,none,,,https://tennis-point.de/login,https://www.tennis-point.de/login
teramind.co,none,,,https://www.teramind.co/login,https://www.teramind.co/login
termii.com,none,,,https://app.termii.com/login,https://app.termii.com/login?redirect=/login
terminusdb.com,none,,,,
tern.travel,none,,,https://app.tern.travel/session/new,https://app.tern.travel/session/new
ternary.app,none,,,https://ternary.app/login,https://ternary.app/login/
terra.do,none,,,https://terra.do/login,https://www.terra.do/login/
terracycle.com,none,,,https://terracycle.com/login,https://www.terracycle.com/en-US/login
tesco.com,none,,,https://tesco.com/login,https://tesco.com/login
tessell.com,none,,,https://app.tessell.com/sign-up,https://app.tessell.com/sign-up
tesseral.com,none,,,https://tesseral.com/login,https://tesseral.com/login
tessin.com,none,,,https://tessin.com/login,https://tessin.com/login
testingtime.com,code,,response_type=code,https://app.testingtime.com/login,https://app.testingtime.com/login
testparty.co,none,,,https://testparty.co/login,https://testparty.co/login
testsigma.com,none,,,https://testsigma.com/login,https://testsigma.com/login
tfoco.com,none,,,https://tfoco.com/login,https://tfoco.com/login
thalamos.co.uk,none,,,https://emha.thalamos.co.uk/login,https://emha.thalamos.co.uk/login
thanksagain.com,code,,response_type=code,https://sso.thanksagain.com/realms/thanksagain/protocol/openid-connect/auth?client_id=thanksagain-front-end&redirect_uri=https%3A%2F%2Fthanksagain.com%2F&state=d868f180-a137-4989-87d7-2c8170084c78&response_mode=fragment&response_type=code&scope=openid&nonce=b70321ae-dae9-49bc-ae09-0f56846f7a8f,https://sso.thanksagain.com/realms/thanksagain/protocol/openid-connect/auth?client_id=thanksagain-front-end&redirect_uri=https%3A%2F%2Fthanksagain.com%2F&state=d868f180-a137-4989-87d7-2c8170084c78&response_mode=fragment&response_type=code&scope=openid&nonce=b70321ae-dae9-49bc-ae09-0f56846f7a8f
thatchhealth.com,code,,response_type=code,https://app.thatch.com/login,https://app.thatch.com/login
thawrih.com,none,,,https://accounts.shopify.com/recovery/stores?utm_source=gurucopy&utm_medium=link&utm_campaign=Gurus,https://accounts.shopify.com/recovery/stores?utm_source=gurucopy&utm_medium=link&utm_campaign=Gurus
the-many.com,none,,ERR:dns,,
theater.xyz,none,,,https://theater.xyz/login,https://theater.xyz/login
thebikeclub.co,none,,,https://thebikeclub.co/login,https://bikeclub.com/login
thebikeclub.co.uk,none,,,https://thebikeclub.co.uk/login,https://bikeclub.com/login
thecarsons.com,none,,,,
thecheekypanda.co.uk,none,,,https://thecheekypanda.co.uk/login,https://thecheekypanda.co.uk/login
thecn.com,none,,,https://thecn.com/login,https://www.thecn.com/login
thecocoli.com,none,,,https://thecocoli.com/signin,https://thecocoli.com/signin
thecolvinco.com,none,,,https://thecolvinco.com/login,https://www.thecolvinco.com/login
theconvoy.com,none,,,https://theconvoy.com/login,https://www.groupups.com/
thedopple.com,none,,,https://thedopple.com/login,https://thedopple.com/lander
theengineering.company,none,,,https://app.flowengineering.com/sign-in,https://app.flowengineering.com/sign-in
theexpert.com,none,,,https://theexpert.com/login,https://www.theexpert.com/login
thefirstmile.co.uk,none,,,https://thefirstmile.co.uk/login,https://www.thefirstmile.co.uk/login
thefund.vc,none,,ERR:dns,,
thegemba.com,none,,,https://thegemba.com/my-account/,https://thegemba.com/my-account/
thehive.ai,none,,,https://portal.thehive.ai/login?source=home-header,https://portal.thehive.ai/login?source=home-header
thehummingbirds.co,none,,,https://app.hummingbirds.com/,https://app.hummingbirds.com/
theimpactkarma.com,none,,,https://theimpactkarma.com/login,https://theimpactkarma.com/login
thejoyclub.com,none,,,https://dating.restless.co.uk/s/login/,https://dating.restless.co.uk/s/login/
theladders.com,jwt,yes,gis_credential,https://theladders.com/login,https://www.theladders.com/login
thelightzey.com,none,,,https://thelightzey.com/login,https://thelightzey.com/login
themagic5.com,none,,,https://themagic5.com/login,https://themagic5.com/login
themighty.com,google_unknown,,gsi_only,https://themighty.com/login,https://themighty.com/?login
themoneyafrica.com,none,,,https://themoneyafrica.com/login,https://themoneyafrica.com/login
thenativepet.com,none,,,https://thenativepet.com/login,https://nativepet.com/login
thenewbarn.com,none,,,https://thenewbarn.com/login,https://thenewbarn.com/login
theodysseyonline.com,none,,,https://theodysseyonline.com/login,https://www.theodysseyonline.com/login
theorg.com,none,,,https://theorg.com/login,https://theorg.com/login
thepoolit.com,none,,ERR:dns,,
theportapp.com,none,,,https://theportapp.com/login,https://www.theportapp.com/login
therealreal.com,none,,,https://therealreal.com/login,https://www.therealreal.com/login
thermofisher.com,none,,,https://thermofisher.com/signin,https://www.thermofisher.com/order/catalog/en/US/adirect/lt?cmd=partnerMktLogin
therounds.com,none,,,https://app.therounds.com/home/sign-in,https://app.therounds.com/home/sign-in
thesmbx.com,none,,,https://thesmbx.com/login,https://thesmbx.com/login
thestage.ai,none,,,https://thestage.ai/login,https://app.thestage.ai/
thesunexchange.com,none,,,https://thesunexchange.com/login,https://app.thesunexchange.com/auth/login
theswell.com,none,,,https://theswell.com/login,https://theswell.com/login
thetripboutique.co,none,,,https://thetripboutique.co/login,https://www.thetripboutique.ai/
thinkjinx.com,none,,,https://thinkjinx.com/login,https://www.thinkjinx.com/login
thirdchannel.com,code,,response_type=code,https://www2.thirdchannel.com/login,https://login.thirdchannel.com/u/login?state=hKFo2SByTExEWXFKeFZMcDZBSVZwMUdxRF9SRVhDNWkwdzJlVaFur3VuaXZlcnNhbC1sb2dpbqN0aWTZIEVCbXBJZFRfTG1YSWQzLUdSbXFISDRDM1d4UlVNelJLo2NpZNkgNDhzcjNjUmtzVmJXY2hRVEVOdkNZWmNLNUV5UGpRODY
thirteenlune.com,none,,,https://thirteenlune.com/login,https://thirteenlune.com/login
thisandthat.chat,none,,,https://assistant.thisandthat.chat,https://assistant.thisandthat.chat/
thisisbud.com,none,,,https://console-us.thisisbud.com/login,https://console-us.thisisbud.com/login
thisisloom.com,none,,,https://thisisloom.com/login,https://thisisloom.com/login
thisisneeded.com,none,,,https://thisisneeded.com/login,https://thisisneeded.com/login
threatlocker.com,none,,,https://threatlocker.com/login,https://www.threatlocker.com/login
threekit.com,none,,,https://threekit.com/login,https://www.threekit.com/
threespiritdrinks.com,none,,,https://threespiritdrinks.com/login,https://threespiritdrinks.com/login
thrivefantasy.com,none,,,https://thrivefantasy.com/login,https://www.thrivefantasy.com/
thrivefarmers.com,none,,,https://thrivefarmers.com/login,https://thrivefarmers.com/login
thrivemarket.com,jwt,yes,response_type=id_token,https://thrivemarket.com/login,https://thrivemarket.com/login
thumb.is,none,,,https://thumb.is/login,https://thumb.is/login
thunkable.com,jwt,yes,gis_credential,https://ai.thunkable.com/login,https://ai.thunkable.com/login
tibber.com,none,,,https://tibber.com/login,https://tibber.com/login
ticketwallet.co,none,,,https://ticketwallet.co/login,https://ticketwallet.com/login
ticketwallet.com,none,,,https://ticketwallet.com/login,https://ticketwallet.com/login
tidal.com,none,,,https://tidal.com/login,https://tidal.com/login
tigerhall.com,code,,response_type=code,https://app.tigerhall.com/home,https://app.tigerhall.com/home
tillit.ai,none,,,https://portal.two.inc/auth/merchant/signup,https://portal.two.inc/signup
tiltify.com,none,,,https://app.tiltify.com/account/register,https://app.tiltify.com/login?redirect_url=https%3A%2F%2Fapp.tiltify.com%2Faccount%2Fregister
tines.io,code,,response_type=code,https://login.tines.com,https://login.tines.com/saml_idp/login?SAMLRequest=jZJLa8MwEIT%2Fim86%2Be04RtgGk1AIpKUkbQ%2B9BCGvG4Eerlbu499Xdii0h5RepflmRtqtkSk50m5yZ32A1wnQBR0iWCeM3hiNkwJ7BPsmODwe9g05OzcijWNpXoSOnNCAETcqnjyD8ewWM29Ggq23EprNPtepWX8S%2FXi5IMFu25BTOaRp3%2BdZCEWyDouhKMOK5zxM8zJjVV6thnXipYgT7DQ6pl1DsiQrw6QMs%2BQhXdNVQovqmQRPvtOSn0We%2BFBSI50jGzJZTQ1DgVQzBUgdp8fudk%2B9kLLv9%2F9Exr%2BZ0RpnuJGkrWc1XdrZ9h%2B%2FpcCxnjlWxz%2FB%2BjKXOx%2B0294bKfhn0Elp3jcWmIOGODsBCW6MVcxdr5ZG6XIi%2BnBYpBQUE7LrewuIJG4vqb8XoP0C&RelayState=eyJyZWRpcmVjdF91cmwiOiIlMkZzYW1sX2lkcCUyRnJlY2VudF90ZW5hbnQi%0ALCJyZWRpcmVjdCI6dHJ1ZSwic3RhdGVfY3NyZl90b2tlbiI6IjFkMmQ4MmY1%0AODg3YzU2ZDY2ZGY5MGQ2YWRjYTIyNTM0In0%3D%0A
tinyhealth.com,none,,,https://account.tinyhealth.com/,https://account.tinyhealth.com/
tiplink.io,none,,,https://tiplink.io/login,https://tiplink.io/login
tivichealth.com,none,,,https://tivichealth.com/login,https://tivichealth.com/login
tocaboca.com,none,,,https://tocaboca.com/login,https://www.tocaboca.com/login
together.xyz,none,,,https://api.together.ai/,https://api.together.ai/signin?redirectUrl=%2F
toggl.com,jwt,yes,response_type=id_token,https://accounts.toggl.com/track/login/,https://accounts.toggl.com/track/login/
toinfinity.ai,none,,,https://toinfinity.ai/login,https://infinity.ai/
tokenizemalaysia.com,none,,ERR:dns,,
tolet.com.ng,none,,,https://tolet.com.ng/login,https://propertypro.ng/login
toma.com,none,,,https://app.toma.com,https://app.toma.com/auth/signin
tomato.ai,none,,,https://tomato.ai/login,https://tomato.ai/login
tomboyx.com,none,,,https://tomboyx.com/login,https://tomboyx.com/login
tomplay.com,none,,,https://tomplay.com/login,https://tomplay.com/login
tonetag.com,none,,,https://tonetag.com/login,https://www.tonetag.com/wp-login.php
tongjo.com,none,,,https://tongjo.com/signin,https://tongjo.com/signin
tooljet.com,jwt,yes,response_type=id_token,https://tooljet.com/login,https://tooljet.com/login
toolstation.com,none,,,https://toolstation.com/login,https://auth.toolstation.com/auth/realms/toolstation/protocol/openid-connect/auth?client_id=toolstation-web&redirect_uri=https%3A%2F%2Fwww.toolstation.com%2Fauth%2Fhandler&response_type=code&scope=openid+profile+email&state=d0e8a9a33fb94ac2ba4887dd47b240b6&code_challenge=2n84kaGM2VNg23_XTXm6v6m62PMoFgqJ2QoVsHhc_cE&code_challenge_method=S256
topohq.com,none,,,https://www.gartner.com/account/signin,https://www.gartner.com/account/signin
topsort.com,none,,,https://app.topsort.com/,https://app.topsort.com/auth/signin
torii.properties,none,,ERR:dns,,
tortus.ai,none,,,https://app.tortus.ai/login,https://app.tortus.ai/login
totalmed.com,none,,,https://totalmed.my.site.com/mycommunity/s/login/,https://totalmed.my.site.com/mycommunity/s/login/
totango.com,none,,,https://totango.com/login,https://www.totango.com/login
tothemarket.com,none,,,https://tothemarket.com/login,https://tothemarket.com/login
toucan.events,none,,ERR:dns,,
touchnote.com,none,,,https://touchnote.com/login,https://touchnote.com/us/login
tourparavel.com,none,,,https://tourparavel.com/login,https://tourparavel.com/lander
tovala.com,none,,,https://my.tovala.com/account/my-orders?utm_explore=true,https://my.tovala.com/login?redirect=/account/my-orders
traba.work,none,,,https://jobs.traba.work,https://jobs.traba.work/
tracksmith.com,none,,,https://tracksmith.com/login,https://www.tracksmith.com/login
tract.app,none,,,https://tract.app/login,https://tract.app/
tractorzoom.com,none,,,https://tractorzoom.com/login,https://tractorzoom.com/login
tradewindow.io,none,,,https://app.tradewindow.io/login,https://app.tradewindow.io/login
tradier.com,none,,,https://auth.tradier.com,https://auth.tradier.com/login
trading212.com,none,,,https://trading212.com/login,https://www.trading212.com/login
tradove.com,none,,,https://tradove.com/login,https://finchainpay.com/login
trainual.com,none,,,https://app.trainual.com/accounts/universal_login?_ga=2.192229033.2000804176.1709240528-202702017.1709240528&_gl=1*1u9rkli*_ga*MjAyNzAyMDE3LjE3MDkyNDA1Mjg.*_ga_X7VS3R98S1*MTcwOTIzOTg0OC4yMS4xLjE3MDkyNDEwNTUuMjkuMC4w&ajs_aid=ad2d119d-0f92-4c42-b9be-696407d68f21,https://app.trainual.com/accounts/universal_login?_ga=2.192229033.2000804176.1709240528-202702017.1709240528&_gl=1*1u9rkli*_ga*MjAyNzAyMDE3LjE3MDkyNDA1Mjg.*_ga_X7VS3R98S1*MTcwOTIzOTg0OC4yMS4xLjE3MDkyNDEwNTUuMjkuMC4w&ajs_aid=ad2d119d-0f92-4c42-b9be-696407d68f21
trajektsports.com,none,,,https://trajektsports.com/login,https://www.trajektsports.com/login
transak.com,none,,,https://dashboard.transak.com/login,https://dashboard.transak.com/login
transcendinfra.com,none,,,https://dg.transcendh2o.com/login,https://auth.transcendh2o.com/login?state=hKFo2SByNHVjcEVLOXQ1NDBCS1AxZDZKSnJmd3g4Zk9DTnE0b6FupWxvZ2luo3RpZNkgaWp6WXVvTmpTRmVNeGk3LUxJYkliaDlBZXZGSjJqODajY2lk2SBDVzVOVGl0TlBKQ2VkZjVvNUZ2dngxWm9ZekdSUHJBYg&client=CW5NTitNPJCedf5o5Fvvx1ZoYzGRPrAb&protocol=oauth2&scope=openid%20profile%20email&response_type=code&redirect_uri=https%3A%2F%2Fdg.transcendh2o.com%2Fapi%2Fcallback&audience=http%3A%2F%2Fcompanyadmin-backend-prod.transcendh2o.com%3A8088%2F&nonce=FZVUrvqPIoK-AwdSAaTIlb46y5RK_noaIR5kG-e9Cvo&code_challenge=v7meqmnk11QS1CFureObhAgg_hyhpd35k5F64hHSwXM&code_challenge_method=S256
transfergalaxy.com,none,,,https://transfergalaxy.com/login,https://transfergalaxy.com/login
transfergo.com,jwt,yes,response_type=id_token,https://app.transfergo.com/en/login,https://app.transfergo.com/en/login
translated.com,none,,,https://translated.com/login,https://translated.com/login
translator.company,none,,,,
trapview.com,none,,,https://newapp.trapview.com,https://newapp.trapview.com/
trashwarrior.com,none,,,https://trashwarrior.com/login,https://trashwarrior.getdimension.com/login
travelbank.com,none,,,https://app.travelbank.com/,https://app.travelbank.com/user/login
treblle.com,none,,,https://app.treblle.com,https://app.treblle.com/login
treering.com,code,,response_type=code,https://auth.treering.com/login,https://auth.treering.com/login
treeswaterpeople.org,none,,,https://treeswaterpeople.org/login,https://treeswaterpeople.org/login
trellis.law,none,,,https://trellis.law/login,https://trellis.law/login
trellix.com,none,,,https://trellix.com/login,https://www.trellix.com/login
trello.com,google_unknown,,gsi_only,https://id.atlassian.com/login?application=trello--direct-signup&continue=https%3A%2F%2Ftrello.com%2Fauth%2Fatlassian%2Fcallback,https://id.atlassian.com/login?application=trello--direct-signup&continue=https%3A%2F%2Ftrello.com%2Fauth%2Fatlassian%2Fcallback
trendyol.com,token,yes,response_type=token,https://trendyol.com/login,https://www.trendyol.com/login
tresorit.com,none,,,https://web.tresorit.com?from-website,https://web.tresorit.com/?from-website
tributize.com,none,,,https://tributize.com/login,https://tributize.com/en/login
triller.co,none,,,https://triller.co/login,https://www.triller.co/
trine.com,none,,,https://trine.com/login,https://trine.com/login
tring.co.in,none,,,https://tring.co.in/login,https://www.tring.co.in/login
trinitybiotech.com,none,,,https://trinitybiotech.com/login/,https://trinitybiotech.com/login/
trip.com,jwt,yes,gis_credential,https://trip.com/login,https://www.trip.com/login
tripcreator.com,none,,,https://account.tripcreator.io/login/?err=6,https://account.tripcreator.io/login?application=consumer
tripit.com,none,,,https://www.tripit.com/account/login,https://www.tripit.com/account/login
triplay-inc.com,none,,,https://triplay-inc.com/login,https://triplay-inc.com/login
triplebyte.com,none,,,https://triplebyte.com/login,https://triplebyte.com/login
tripoto.com,none,,,https://tripoto.com/login,https://www.tripoto.com/login
tripscout.co,none,,,https://tripscout.co/login,https://tripscout.co/login
tripsst.com,none,,,https://tripsst.com/login,https://tripsst.com/login
troveapp.co,none,,,https://troveapp.co/login,https://troveapp.co/login
truecar.com,none,,,https://truecar.com/login,https://truecar.com/login
truecircle.ai,none,,,https://truecircle.ai/login,https://truecircle.ai/login
truecoach.co,none,,,https://app.truecoach.co/login/,https://app.truecoach.co/login/
truelayer.com,code,,response_type=code,https://console.truelayer.com/,https://signin.truelayer.com/u/login/identifier?state=hKFo2SBKd05EQU9MTFdPMUphWVlHRUZISEVVMERhZFU3RXB3WKFur3VuaXZlcnNhbC1sb2dpbqN0aWTZIDFpSmJOMDVmMFhEYTB5RWdVRDNWTzVUbE50QmVQTjcyo2NpZNkgMlVOMjd2YjJPRzhqekFEWEVoRmR4TlVHY3Y3V2tMelE
truemed.com,none,,,https://truemed.com/login,https://www.truemed.com/login
trunk.tools,none,,,https://trunktext.com/login,https://trunktext.com/account/login
trunkclub.com,none,,ERR:dns,,
trustap.com,none,,,https://trustap.com/login,https://www.trustap.com/login
trustarts.org,none,,,https://trustarts.org/login,https://trustarts.org/login
trustedhealth.com,google_unknown,,gsi_only,https://app.trustedhealth.com/login,https://app.trustedhealth.com/login
trustedhousesitters.com,jwt,yes,response_type=id_token,https://trustedhousesitters.com/login,https://www.trustedhousesitters.com/login/
trustpilot.com,none,,,https://trustpilot.com/login,https://www.trustpilot.com/login
trustradius.com,none,,,https://trustradius.com/login,https://www.trustradius.com/login
trustworthy.com,code,,response_type=code,https://secure.trustworthy.com/login,https://signin.trustworthy.com/u/login/identifier?state=hKFo2SBaNk5XRXBveS1STmVTaXhLdlg4dk56eXhKel9TSS1CYqFur3VuaXZlcnNhbC1sb2dpbqN0aWTZIFdXeVpyR2JSVHZVUDRzdGtIUlZIZ0pNZkpHdlNYcnhIo2NpZNkgdUNQa1hwT3pOQUpzblI3TWVWeHBmejNHS3h5OGFCVGk
trybeam.com,jwt,yes,response_type=id_token,https://app.trybeam.com/login,https://app.trybeam.com/login
trycourier.com,none,,,https://app.courier.com/login,https://app.courier.com/login
tryeraser.com,code,,response_type=code,https://app.eraser.io/auth/sign-in?ref=website,https://app.eraser.io/auth/sign-in
tryhealium.com,none,,,https://dashboard.tryhealium.com,https://dashboard.tryhealium.com/login
tryparcel.com,none,,,https://tryparcel.com/login,https://tryparcel.com/#
trypencil.com,google_unknown,,gsi_only,https://app.trypencil.com/signup?plan_id=basic-monthly-14&_gl=1*trtawq*_up*MQ..*_ga*MTQ4MzQ0MzY3Ni4xNzUwMDAwMzcz*_ga_E580DTEBCD*czE3NTAwMDAzNzEkbzEkZzEkdDE3NTAwMDAzNzkkajUyJGwwJGgw,https://app.trypencil.com/signup?plan_id=basic-monthly-14&_gl=1*trtawq*_up*MQ..*_ga*MTQ4MzQ0MzY3Ni4xNzUwMDAwMzcz*_ga_E580DTEBCD*czE3NTAwMDAzNzEkbzEkZzEkdDE3NTAwMDAzNzkkajUyJGwwJGgw
tryprofound.com,none,,,https://platform.tryprofound.com/welcome,https://platform.tryprofound.com/welcome
trypura.com,none,,,https://trypura.com/login,https://pura.com/login
tryquinn.com,none,,,https://tryquinn.com/login,https://www.tryquinn.com/login
tryriot.com,none,,,https://cta-service-cms2.hubspot.com/web-interactives/public/v1/track/redirect?encryptedPayload=AVxigLKI%2F5G%2BTdHh%2F5Mp3HB3XrzzXxo4Zl6xH9YNr30jdd1d5uJTG%2F3nxtFRx7vmGc1ftvIDjYizJG%2BPT5FdhmgLZbES3%2BGfxZqSXS3L3uLGDC3WEXFZmq3R6jVayOb5PIPOxPtPwnbsPDDGVh%2FPi1zgzEu2LlwmbJ2GhtVdxEzrGFzI&webInteractiveContentId=180147302724&portalId=6784255,https://hub.tryriot.com/login?hsCtaAttrib=180147302724
tryrobin.co,none,,,https://tryrobin.co/login,https://tryrobin.co/login
trytoolbox.com,none,,,https://trytoolbox.com/login,https://www.afternic.com/forsale/trytoolbox.com?utm_source=TDFS_DASLNC&utm_medium=parkedpages&utm_campaign=x_corp_tdfs-daslnc_base&traffic_type=TDFS_DASLNC&traffic_id=daslnc&
tuchuzy.com,none,,,https://tuchuzy.com/customer_authentication/redirect?locale=en&region_country=AU,https://shopify.com/authentication/95176982848/login?client_id=56f04765-580b-4264-9f10-1f9d52df5865&locale=en-AU&redirect_uri=%2Fauthentication%2F95176982848%2Foauth%2Fauthorize%3Fbuyer_flags%3DeyJhbGciOiJIUzI1NiJ9.eyJpc3MiOiJ0dWNodXp5LXJlbGF1bmNoLm15c2hvcGlmeS5jb20iLCJmbGFncyI6W10sImV4cCI6MTc4MjU4Njg5MCwibmJmIjoxNzgxOTgyMDkwfQ.jyxSpe0zS8JNxsPTD3mLozSp9CTX5ArFPxh2VaxN60o%26client_id%3D56f04765-580b-4264-9f10-1f9d52df5865%26locale%3Den-AU%26nonce%3D4c5e3f94-ef66-4113-a766-d54f08119a6c%26redirect_uri%3Dhttps%253A%252F%252Fshopify.com%252F95176982848%252Faccount%252Fcallback%26region_country%3DAU%26response_type%3Dcode%26scope%3Dopenid%2Bemail%2Bcustomer-account-api%253Afull%26state%3DhWNDZGFy86l17fpNOnaBe4BN&region_country=AU
tuktoro.com,none,,,https://shopify.com/73151676761/account?locale=de&buyer_flags=eyJhbGciOiJIUzI1NiJ9.eyJpc3MiOiJhMnplYnJhLTcyODkubXlzaG9waWZ5LmNvbSIsImZsYWdzIjpbXSwiZXhwIjoxNzgyNTg2NzcwLCJuYmYiOjE3ODE5ODE5NzB9.zfih1hLIvIjqIwIlk7h_UQ9PCHj1FO0TlT1yYJJvhXQ,https://shopify.com/authentication/73151676761/login?client_id=30a88d6d-1847-4d5d-aa36-6476b7a4e72d&locale=de-DE&redirect_uri=%2Fauthentication%2F73151676761%2Foauth%2Fauthorize%3Fbuyer_flags%3DeyJhbGciOiJIUzI1NiJ9.eyJpc3MiOiJhMnplYnJhLTcyODkubXlzaG9waWZ5LmNvbSIsImZsYWdzIjpbXSwiZXhwIjoxNzgyNTg2NzcwLCJuYmYiOjE3ODE5ODE5NzB9.zfih1hLIvIjqIwIlk7h_UQ9PCHj1FO0TlT1yYJJvhXQ%26client_id%3D30a88d6d-1847-4d5d-aa36-6476b7a4e72d%26locale%3Dde-DE%26nonce%3D44c06afe-9c68-49f9-9d8f-1049c67a6f19%26redirect_uri%3Dhttps%253A%252F%252Fshopify.com%252F73151676761%252Faccount%252Fcallback%26response_type%3Dcode%26scope%3Dopenid%2Bemail%2Bcustomer-account-api%253Afull%26state%3DhWNDZG48WB0rHCbFajTw9s98
tulaforlife.com,none,,,https://tulaforlife.com/login,https://tulaforlife.com/login
tungsten-network.com,none,,,https://authentication.tungsten-network.com/login,https://authentication.tungsten-network.com/login
tuono.com,none,,ERR:dns,,
tutor.id,none,,,https://tutor.id/login,https://tutor.id/login/
tutorful.co.uk,jwt,yes,response_type=permission id_token,https://tutorful.co.uk/login,https://tutorful.co.uk/login
tutumluanne.com,none,,,https://tutumluanne.com/login,https://oidelivers.org/
tuvalum.com,none,,,https://tuvalum.com/login,https://tuvalum.com/
tvori.co,none,,,https://tvori.co/login,https://tvori.co/login
twentify.com,none,,,http://live.twentify.com/login,https://live.twentify.com/login
twigsee.com,none,,,https://twigsee.com/login,https://www.twigsee.com/wp-login.php
twine.fm,code,,response_type=code,https://www.twine.net/signin,https://www.twine.net/signin
two.inc,none,,,https://portal.two.inc/auth/merchant/signup,https://portal.two.inc/signup
tyms.africa,none,,,https://app.tyms.io/auth/login,https://app.tyms.io/auth/login
typingdna.com,none,,,https://typingdna.com/login,https://www.typingdna.com/login
tytnetwork.com,none,,,https://tytnetwork.com/login,https://tyt.com/
tzero.com,none,,,https://secondary.tzero.com/investors/login,https://secondary.tzero.com/investors/login
ubiops.atlassian.net,google_unknown,,gsi_only,https://ubiops.atlassian.net/login,https://id.atlassian.com/login?continue=https%3A%2F%2Fid.atlassian.com%2Fjoin%2Fuser-access%3Fresource%3Dari%253Acloud%253Ajira%253A%253Asite%252Fc3bd8089-169e-418d-b40f-2f785fc24a08%26continue%3Dhttps%253A%252F%252Fubiops.atlassian.net&application=jira&orgId=ed1da707-a1b6-4095-af92-4a3d48cc1f22
ucloud.cn,none,,,https://passport.ucloud.cn/#login,https://passport.ucloud.cn/#login
uhhospitals.org,none,,,https://uhhospitals.org/login,https://www.uhhospitals.org/login
uiflow.com,none,,,https://uiflow.com/signin,https://uiflow.com/signin
ultipa.com,none,,,https://ultipa.com/login,https://www.ultipa.com/login
ulule.com,none,,,https://www.ulule.com/signin/,https://www.ulule.com/signin/
unagiscooters.com,none,,,https://unagiscooters.com/login,https://unagiscooters.com/login
unbiased.co.uk,none,,,https://www.unbiased.co.uk/advisers/accountant,https://www.unbiased.co.uk/advisers/accountant?searchId=43623195
unbounce.com,code,,response_type=code,https://app.unbounce.com/users/sign_in,https://app.unbounce.com/users/sign_in
unchainedrobotics.de,none,,,https://unchainedrobotics.de/login,https://unchainedrobotics.de/login
unduwearables.com,none,,,https://unduwearables.com/customer_authentication/redirect?locale=en&region_country=CA,https://shopify.com/authentication/50547228857/login?client_id=5a0bce02-6722-436c-b130-0d60208e13c4&locale=en-CA&redirect_uri=%2Fauthentication%2F50547228857%2Foauth%2Fauthorize%3Fbuyer_flags%3DeyJhbGciOiJIUzI1NiJ9.eyJpc3MiOiJ1bmR1LXdlYXJhYmxlcy1zaG9wLm15c2hvcGlmeS5jb20iLCJmbGFncyI6W10sImV4cCI6MTc4MjU4NjIzMiwibmJmIjoxNzgxOTgxNDMyfQ.fHvRQFsehwS8yIeJawFNlCxxJZMVqIHdeIMPVTsYqtE%26client_id%3D5a0bce02-6722-436c-b130-0d60208e13c4%26locale%3Den-CA%26nonce%3D2b5411fb-bde9-406c-a560-de1e9ee6272d%26redirect_uri%3Dhttps%253A%252F%252Fshopify.com%252F50547228857%252Faccount%252Fcallback%26region_country%3DCA%26response_type%3Dcode%26scope%3Dopenid%2Bemail%2Bcustomer-account-api%253Afull%26state%3DhWNDZF9DxLZOP1J4fnVXRcQ5&region_country=CA
unidub.co,none,,,https://unidub.co/login,https://unidub.co/login
unifiedpost.com,none,,,https://unifiedpost.com/login,https://www.unifiedpostgroup.com/
uniglobetravel.com,none,,,https://uniglobetravel.com/login,https://uniglobetravel.com/login
uniksystem.com,none,,,https://uniksystem.com/login,https://www.uniksystem.com/wp-login.php
unilodgers.com,none,,,https://unilodgers.com/login,https://houseofstudent.com/login
unisuper.com.au,none,,,https://unisuper.com.au/login,https://memberonline.unisuper.com.au/
unito.io,code,,response_type=code,https://app.unito.io/#/login,https://login.unito.io/u/login/identifier?state=hKFo2SBXQ2NzUzVsQ21rVm5yVkNtVWRIM0xEM1U0MUl0RkVNU6Fur3VuaXZlcnNhbC1sb2dpbqN0aWTZIHo0emtOYWMwOUZqSGVSTDF6X1RRSUd4VHpyTkFZRkVRo2NpZNkgeEpvaEdScXBBcFQ5eFptWjJUSVd5Qm9neXpRZ1NtT0o
uniuni.com,none,,,https://uniuni.com/login,https://www.uniuni.com/login
unleashedsoftware.com,none,,,https://go.unleashedsoftware.com/v2/Account/LogOn,https://go.unleashedsoftware.com/v2/Account/LogOn
unobravo.com,none,,,https://app.unobravo.com/signup/start,https://app.unobravo.com/signup/start
untapped.io,none,,,https://untapped.io/login,https://www.untapped.io/login
unxd.com,none,,,https://unxd.com/login,https://unxd.com/home
up.codes,none,,,https://up.codes/login,https://up.codes/login
upacjenta.pl,none,,,https://upacjenta.pl/login,https://upacjenta.pl/login
upcall.com,code,,response_type=code,https://app.upcall.com/account,https://app.upcall.com/users/sign_in
update.ai,none,,,https://update.ai/login,https://www.gainsight.com/?gsfrom=updateai
upkey.com,none,,,https://upkey.com/login,https://upkey.com/
uplearn.co.uk,none,,,https://uplearn.co.uk/#signup,https://uplearn.co.uk/#signup
upsmith.com,none,,,https://ai.app.upsmith.com/,https://app.upsmith.com/
uptime.app,jwt,yes,response_type=id_token,https://web.uptime.app/login/standalone,https://web.uptime.app/
uptowork.com,none,,,https://uptowork.com/login,https://uptowork.com/login
upvest.cz,code,,response_type=code,https://app.upvest.cz/signup,https://app.upvest.cz/signup/1
upword.ai,none,,,https://upword.ai/login,https://upword.ai/lander
urbanairship.com,none,,,https://go.airship.com/accounts/login,https://go.airship.com/accounts/login/
urbanimmersive.com,none,,,https://app.urbanimmersive.com/portal,https://app.tourbuzz.com/portal
uscreen.tv,none,,,https://app.uscreen.tv/admin/users/sign_in,https://app.uscreen.tv/manage/login
usebeam.co,jwt,yes,response_type=id_token,https://app.trybeam.com/login,https://app.trybeam.com/login
usejournal.com,none,,,https://www.selfemployed.com/wp-login.php?action=lostpassword,https://www.selfemployed.com/wp-login.php?action=lostpassword
usenourish.com,none,,,https://app.nourish.com/#no_universal_links,https://app.nourish.com/#no_universal_links
useplato.com,none,,ERR:dns,,
userpilot.co,code,,response_type=code,https://run.userpilot.io/login,https://run.userpilot.io/login
userpilot.io,code,,response_type=code,https://run.userpilot.io/login,https://run.userpilot.io/login
usertesting.com,none,,,https://app.enjoyhq.com/users/sign_in,https://app.enjoyhq.com/users/sign_in
usestir.com,none,,,https://usestir.com/login,https://usestir.com/login
usplworld.com,none,,,https://usplworld.com/login,https://wrogn.com/login
utilizecore.com,none,,,https://reactwork.utilizecore.com/login,https://reactwork.utilizecore.com/login
v-comply.com,none,,,https://app.v-comply.com/#/signin,https://app.v-comply.com/signin
valkyriegrp.com,none,,,https://valkyriegrp.com/login,https://valkyriegrp.com/login
valr.com,none,,,https://valr.com/login,https://www.valr.com/login
valur.io,none,,,https://app.valur.com/login,https://app.valur.com/login
valvespace.com,none,,,https://agent.valvespace.com,https://agent.valvespace.com/
vantage.sh,none,,,https://console.vantage.sh/login,https://console.vantage.sh/login
vanti-analytics.com,none,,,https://vanti-analytics.com/login,https://kriegerflyfishing.com/wp-login.php
varsapp.com,none,,,https://varsapp.com/login,https://www.varsapp.com/login
vartana.co,code,,response_type=code,https://vendor.vartana.com/login,https://vendor.vartana.com/login
vartana.com,code,,response_type=code,https://vendor.vartana.com/login,https://vendor.vartana.com/login
vaultcomics.com,none,,,https://vaultcomics.com/login,https://vaultcomics.com/login
veestro.com,jwt,yes,response_type=id_token,https://meals.veestro.com/login,https://meals.veestro.com/login
veezoo.com,none,,,https://app.veezoo.com/login,https://app.veezoo.com/login
vegdog.de,none,,,https://vegdog.de/login,https://www.vegdog.de/collections/alle-produkte
vela.games,none,,,https://vela.games/login,https://vela.games/login
vellum.ai,none,,,https://vellum.ai/login,https://www.vellum.ai/account/login
vendelux.com,none,,,https://vendelux.com/app/events/search,https://vendelux.com/app/events/search
vendy.money,none,,,https://dashboard.myvendy.com,https://dashboard.myvendy.com/login
veniceswap.com,none,,,https://veniceswap.com/login,https://veniceswap.com/login
venturelab.ch,none,,,https://venturelab.ch/login,https://www.venturelab.swiss/
venuereport.com,none,,,https://venuereport.com/login,https://venuereport.com/login
veracityselfcare.com,none,,,https://veracityselfcare.com/login,https://veracityselfcare.com/login
verdoso.com,none,,,https://verdoso.com/login,https://www.verdoso.com/login
veremark.com,none,,,https://app.veremark.com/login?_gl=1*1s8bdqp*_gcl_au*MTQ0ODk2NDA1OC4xNzEwOTM2Njkz,https://app.veremark.com/login?_gl=1*1s8bdqp*_gcl_au*MTQ0ODk2NDA1OC4xNzEwOTM2Njkz
veriff.com,none,,,https://station.veriff.com/login,https://station.veriff.com/login
verifyme.ng,none,,,https://app.verifyme.ng/auth/login,https://app.verifyme.ng/auth/login
verifyvasp.com,none,,,https://verifyvasp.com/login,https://www.verifyvasp.com/
verkada.com,none,,,https://command.verkada.com/,https://command.verkada.com/
verlingo.de,none,,,https://recruiting.verlingo.de/login,https://recruiting.verlingo.de/auth/login
versium.com,none,,,https://versium.com/login,https://versium.com/login
vert.run,none,,,https://vert.run/login,https://vert.run/wp-login.php
verta.ai,none,,,https://verta.ai/login,https://www.cloudera.com/products/machine-learning.html
verve-capital.com,none,,,https://verve-capital.com/login,https://verve-capital.com/login
vesicash.com,none,,,https://vesicash.com/login,https://vesicash.com/
vested.co,none,,,https://vested.co/login,https://vested.co/login
vevox.com,none,,,https://vevox.com/login,https://www.vevox.com/login
vezgo.com,none,,,https://portal.vezgo.com/sign-in,https://portal.vezgo.com/sign-in
viberate.com,jwt,yes,response_type=permission id_token,https://app.viberate.com/login/,https://app.viberate.com/login/
vida.io,none,,,https://www.vida.io/app,https://vida.io/app/login
vijesti.me,none,,,https://vijesti.me/login,https://vijesti.me/login
vinnauto.com,none,,,https://vinnauto.com/login,https://vinnauto.com/login
vintato.com,none,,,https://vintato.com/login,https://vintato.com/lander
violet.io,none,,,https://channel.violet.io/login,https://channel.violet.io/login
viravira.co,jwt,yes,gis_credential,https://viravira.co/login,https://www.viravira.co/login
virbela.com,code,,response_type=code,https://app.virbela.com/,https://app.virbela.com/login
virpp.com,jwt,yes,response_type=id_token,https://virpp.com/login,https://virpp.com/login
virti.com,none,,,https://app.virti.com,https://app.virti.com/login
virtuelabs.com,none,,,https://www.virtuelabs.com/customer/account/login/,https://www.virtuelabs.com/customer/account/login/
visenze.com,none,,,https://console.visenze.com/,http://console.visenze.com/en/
visotrust.com,none,,,https://visotrust.com/login,https://visotrust.com/login
vistaprint.com,google_unknown,,gsi_only,https://vistaprint.com/login,https://www.vistaprint.com/login
vitabowl.com,none,,,https://vitabowl.com/login,https://vitabowl.com/login
vitalconnect.com,none,,,https://vitalconnect.com/wp-login.php?action=lostpassword,https://vitalconnect.com/wp-login.php?action=lostpassword
vitalxchange.com,none,,,https://app.vitalxchange.com,https://app.vitalxchange.com/login
viveka.world,none,,,https://viveka.world/login,https://viveka.world/login
vividseats.com,none,,,https://vividseats.com/login,https://www.vividseats.com/login
vivoo.io,none,,,https://vivoo.io/login,https://www.vivoo.io/login
vizcab.io,none,,,https://app.vizcab.io/signup,https://app.vizcab.io/signup
vnx.io,none,,,https://vnx.io/login,https://vnx.io/login/
voicemod.net,none,,,https://account.voicemod.net/#/?action=account,https://account.voicemod.net/#/?action=account
voila.love,none,,,https://voila.love/login,https://voila.love/login
vole.io,none,,,https://vole.io/login,https://vole.io/login
voltus.co,google_unknown,,gsi_only,https://voltapp.voltus.co/auth/login/,https://voltapp.voltus.co/auth/login/
volumez.com,none,,,https://volumez.com/login,https://volumez.com/login
voomisupply.com,none,,,https://voomisupply.com/customer_authentication/redirect?locale=en&region_country=US,https://account.voomisupply.com/authentication/login?client_id=0a1e0121-bac3-422a-8a41-b13ba376537e&locale=en-US&redirect_uri=%2Fauthentication%2Foauth%2Fauthorize%3Fbuyer_flags%3DeyJhbGciOiJIUzI1NiJ9.eyJpc3MiOiJ2b29taS1haXIubXlzaG9waWZ5LmNvbSIsImZsYWdzIjpbXSwiZXhwIjoxNzgyNTg2MzA5LCJuYmYiOjE3ODE5ODE1MDl9.TNP3-oti1eNH-sa9Jl7KSxzN_O-7OvIXP13ZIkPjcxY%26client_id%3D0a1e0121-bac3-422a-8a41-b13ba376537e%26locale%3Den-US%26nonce%3D0daac40d-c7b5-4e05-90e3-c3d6954f8337%26redirect_uri%3Dhttps%253A%252F%252Faccount.voomisupply.com%252Fcallback%26region_country%3DUS%26response_type%3Dcode%26scope%3Dopenid%2Bemail%2Bcustomer-account-api%253Afull%26state%3DhWNDZFHBZkAosua0DwIccdd4&region_country=US
vortex-io.fr,none,,,https://app.vortex-io.fr/login,https://app.vortex-io.fr/login
vosker.com,none,,,https://vosker.com/login,https://vosker.com/.well-known/sgcaptcha/?r=%2Flogin&y=ipc:146.148.98.137:1781977974.799
vrallart.com,none,,,https://vrallart.com/login,https://vrallart.com/login/
vsee.com,none,,,https://login.vsee.me/members/login,https://login.vsee.me/members/login
vulcanforged.com,code,,response_type=code,https://auth.vulcanforged.com/,https://auth.vulcanforged.com/
vulncheck.com,none,,,https://vulncheck.com/login,https://www.vulncheck.com/login
vurvey.co,code,,response_type=code,https://vurvey.app/,https://vurvey.app/
wagepoint.com,none,,,https://wagepoint.com/login,https://www.wagepoint.com/login/
wakacoffee.com,none,,,https://wakacoffee.com/login,https://wakacoffee.com/login
waldo.com,none,,,https://waldo.com/login,https://waldo.com/login
wallarm.com,none,,,https://wallarm.com/login,https://www.wallarm.com/login
wanderandivy.com,none,,,https://wanderandivy.com/login,https://wanderandivy.com/login
wanderingbearcoffee.com,none,,,https://wanderingbearcoffee.com/login,https://wanderingbearcoffee.com/login
wanderu.com,none,,,https://wanderu.com/login,https://www.wanderu.com/
wappalyzer.com,none,,,https://wappalyzer.com/login,https://www.wappalyzer.com/login
warmmusic.net,code,,response_type=code,https://dashboard.warmmusic.net/signup,https://dashboard.warmmusic.net/en-US/signup
watchfinder.co.uk,none,,,https://www.watchfinder.co.uk/customer/account/index,https://www.watchfinder.co.uk/customer/account/login/referer/aHR0cHM6Ly93d3cud2F0Y2hmaW5kZXIuY28udWsvY3VzdG9tZXIvYWNjb3VudC9pbmRleA~~
watchtower.ai,none,,ERR:dns,,
wathefa.com,none,,,https://wathefa.com/login,https://www.afternic.com/forsale/wathefa.com?utm_source=TDFS_DASLNC&utm_medium=parkedpages&utm_campaign=x_corp_tdfs-daslnc_base&traffic_type=TDFS_DASLNC&traffic_id=daslnc&
wati.io,none,,,https://live.wati.io/,https://live.wati.io/
waverider.io,none,,,https://waverider.io/login,https://www.waverider.io/login
waystocap.com,none,,,https://waystocap.com/login,https://waystocap.com/login
wdc.com,none,,,https://wdc.com/login,https://www.westerndigital.com/login
wearecabinet.com,none,,,https://wearecabinet.com/login,https://wearecabinet.com/login
wearecentred.com,none,,,https://portal.subi.co/login/,https://portal.subi.co/login/
wearedevelopers.com,none,,,https://wearedevelopers.com/login,https://www.wearedevelopers.com/en/login
wearefreemarket.com,none,,,https://identity.wearefreemarket.com/Account/Login/?_gl=1*rhcepc*_gcl_au*MTQ1OTc3ODExMy4xNzYyMzY4MDM5,https://identity.wearefreemarket.com/Account/Login/?_gl=1*rhcepc*_gcl_au*MTQ1OTc3ODExMy4xNzYyMzY4MDM5
weareocta.com,none,,,https://core.weareocta.com/?utm_source=weareocta.com&utm_medium=navbar&utm_campaign=login,https://core.weareocta.com/?utm_source=weareocta.com&utm_medium=navbar&utm_campaign=login
wearetala.com,none,,,https://wearetala.com/login,https://www.wearetala.com/login
wearewild.com,none,,,https://wearewild.com/#/account/manage-subscriptions,https://wearewild.com/#/account/manage-subscriptions
wearewildfang.com,none,,,https://wearewildfang.com/signin,https://wearewildfang.com/signin
wearlilu.com,none,,,https://wearlilu.com/login,https://www.wearlilu.com/login
wearpact.com,none,,,https://wearpact.com/login,https://wearpact.com/login
webflow.com,google_unknown,,gsi_only,https://webflow.com/signup,https://webflow.com/signup
webmd.com,none,,,https://member.webmd.com/signin?appid=1&returl=https://www.webmd.com/default.htm,https://member.webmd.com/signin
webmd.net,none,,,https://member.webmd.com/signin?appid=1&returl=https://www.webmd.com/default.htm,https://member.webmd.com/signin
webteb.com,none,,,https://webteb.com/login,https://www.webteb.com/login
wechalet.com,none,,,https://wechalet.com/login,https://wechalet.com/fr/
wecontrol.io,none,,,https://wecontrol.io/login,https://wecontrol.io/login
wectory.com,none,,,https://wectory.com/login,https://www.wectory.com/login
wedding-spot.com,none,,,https://wedding-spot.com/login,https://www.wedding-spot.com/login/
wedio.com,none,,,https://wedio.com/login,https://www.wedio.com/members/login
weekdone.com,code,,response_type=code,https://weekdone.com/login,https://weekdone.com/login
weexpert.io,none,,,https://app.weexpert.io/,https://app.weexpert.io/
wegotrip.com,none,,,https://wegotrip.com/login,https://wegotrip.com/login/
well.ca,none,,,https://well.ca/login,https://well.ca/login
welleryou.com,none,,,https://www.welleryou.com/my-account/,https://www.welleryou.com/my-account/
wetaca.com,none,,,https://wetaca.com/login,https://wetaca.com/login
wethos.co,code,,response_type=code,https://teams.wethos.co/signin,https://wethos-production.us.auth0.com/u/login?state=hKFo2SBoZ3FjYkJKd01XTUtHMGpGbmpuT0tGZ2x1UXMwTGZjSqFur3VuaXZlcnNhbC1sb2dpbqN0aWTZIEJvTEhjeHpZcEhpa1dweWVHTjhIeDZtY1VBT0FEZzlCo2NpZNkgTXUybHNCeU40aTY5S3pXVjdZaTVJNzdVS1hUQ3Zidkk
wetsuitoutlet.co.uk,none,,,https://www.wetsuitoutlet.co.uk/login.php,https://www.wetsuitoutlet.co.uk/login.php
wevorce.com,none,,,https://wevorce.com/login,https://wevorce.com/login
whatagraph.com,code,,response_type=code,https://live.whatagraph.com/auth/login,https://live.whatagraph.com/auth/login
whatchado.com,none,,,https://whatchado.com/login,https://www.whatchado.com/login
whatnot.com,jwt,yes,gis_credential,https://whatnot.com/login,https://www.whatnot.com/login
whenthen.com,none,,,https://hub.mangopay.com/auth-log-in,https://login.mangopay.com/u/login/identifier?state=hKFo2SBIX1NWRm4zWXNRSXdRRGlFWS1COVE4UW1LYUloZUM2Z6Fur3VuaXZlcnNhbC1sb2dpbqN0aWTZIE1XQmRDT09nQmpteUZ1NW5ibjVJMVUwZWVNX1F2NUNYo2NpZNkgMmFiU3N3NGhHVzlhSGk3aFRWRHNyN25RY0dtUENid1g
wherobots.com,none,,,https://wherobots.com/login,https://wherobots.com/login
whop.com,none,,,https://whop.com/login,https://whop.com/login/
whyq.sg,none,,,https://whyq.sg/login,https://www.whyq.sg/login
wicrypt.com,none,,,https://wicrypt.com/login,https://wicrypt.com/login
wierzejski.co,none,,,https://wierzejski.co/login,https://wierzejski.co/login
wikifactory.com,none,,,https://wikifactory.com/sign-in?next=%2F,https://wikifactory.com/sign-in?next=%2F
wildnutrition.com,none,,,https://wildnutrition.com/login,https://www.wildnutrition.com/login
willed.com.au,none,,,https://app.willed.com.au,https://app.willed.com.au/login
windfalldata.com,none,,,https://login.windfalldata.com/login?__hstc=126010706.a5a2353940bbfc1833840f30a35fbb8d.1781979214305.1781979214305.1781979214305.1&__hssc=126010706.1.1781979214305&__hsfp=754f769d5c6cb91903196b3d8be0efce,https://login.windfalldata.com/login?__hstc=126010706.a5a2353940bbfc1833840f30a35fbb8d.1781979214305.1781979214305.1781979214305.1&__hssc=126010706.1.1781979214305&__hsfp=754f769d5c6cb91903196b3d8be0efce
winfooz.com,none,,,https://www.HugeDomains.com/payment-plan-login.cfm,https://www.hugedomains.com/payment-plan-login.cfm
wingly.io,none,,,https://wingly.io/login,https://www.wingly.io/en/login
wingspan.app,none,,,https://wingspan.app/login,https://www.wingspan.app/login
wingtra.com,none,,,https://my.wingtra.com/login,https://my.wingtra.com/login
winnie.com,none,,,https://winnie.com/login,https://winnie.com/login
winuall.com,none,,,https://winuall.com/login,https://winuall.com/login
wirestock.io,none,,,https://wirestock.io/login,https://wirestock.io/login
wisecut.video,none,,,https://app.wisecut.ai/login,https://app.wisecut.ai/login
wish.com,none,,,https://wish.com/login,https://www.wish.com/
withampersand.com,none,,,https://dashboard.withampersand.com/sign-in?trk=header,https://dashboard.withampersand.com/sign-in?trk=header
withcadence.io,none,,,https://portal.percent.com/investor-api/login,https://portal.percent.com/investor-api/login
withflex.com,none,,,https://withflex.com/login,https://www.withflex.com/login
withjoy.com,none,,,https://withjoy.com/login,https://withjoy.auth0.com/login?state=hKFo2SBBdGJFeDQwZHhPZVdaRG5MVVhpYnZsUjFPZ3ZBd0gtRKFupWxvZ2luo3RpZNkgYklFZUh4b0w5MEsyUkpUdS0yUnNoV1RyWWlxQXJOcV-jY2lk2SAwaE9kOUhaZ1B5SGlvYWRuekVjNDQ1N2RiQ05NMFltVQ&client=0hOd9HZgPyHioadnzEc4457dbCNM0YmU&protocol=oauth2&scope=openid%20offline_access&response_type=token&redirect_uri=https%3A%2F%2Fwithjoy.com%3A443%2Fauth&ui_locales=en&auth0Client=eyJuYW1lIjoiYXV0aDAuanMiLCJ2ZXJzaW9uIjoiOS4xNC4wIn0%3D
withjuno.com,none,,,https://withjuno.com/login,https://www.withjuno.com/login
withkoji.com,none,,,https://withkoji.com/login,https://withkoji.com/login
withmartian.com,none,,,https://withmartian.com/login,https://withmartian.com/login
withpoly.com,none,,,https://withpoly.com/login,https://poly.app/login
withwayfinder.com,jwt,yes,response_type=id_token,https://app.withwayfinder.com/login,https://app.withwayfinder.com/login
wixpool.com,none,,,https://wixpool.com/login,https://wixpool.com/login
wizedemy.com,google_unknown,,gsi_only,https://wizedemy.com/login,https://www.wizeprep.com/login
wizehire.com,jwt,yes,gis_credential,https://wizehire.com/login,https://wizehire.com/login
wizemonkey.com,none,,,https://wizemonkey.com/login,https://wizemonkey.com/login
wolfandbadger.com,none,,,https://wolfandbadger.com/login,https://www.wolfandbadger.com/us/login/
womba.com,none,,,https://womba.com/login,https://womba.com/.well-known/sgcaptcha/?r=%2Flogin&sol=MjE6MTc4MTk4MjUzNDo2Zjk2Zjc1OTo3MTQ1ZWZjYjY1Mjg4YTJlZWE4YjcyODE4MGY4MmM4ZjgwNGU2N2FmYTcwMzhkYWYyNDkwYTQ5ZDg2NTI1MjExOgFdldk%3D&s=605:3861
wombo.ai,none,,,https://wombo.ai/login,https://dream.ai/login
wondercv.com,none,,,https://wondercv.com/login,https://www.wondercv.com/login
woodenstreet.com,none,,,https://woodenstreet.com/login,https://www.woodenstreet.com/login
woomio.com,none,,,https://woomio.com/login,https://woomio.com/login
wooshair.com,none,,,https://wooshair.com/login,https://wooshair.com/login
wordsmith.ai,code,,response_type=code,https://app.wordsmith.ai/,https://auth.wordsmith.ai/u/login/identifier?state=hKFo2SBLM184T0U2c0NWOHhkM0tJOWpiU0NHR1d5Q3ZkT1M1caFur3VuaXZlcnNhbC1sb2dpbqN0aWTZIHhmZXlPbTNGbGE3c2g3MGN3NTZ1N3N5TlFWRVhjTE94o2NpZNkgdlNNWnBkV0VpRUdqWndQRnJ3M043ZHBhY2gwbXpDMWo
workadvantage.in,none,,,https://app.advantageclub.ai/login,https://app.advantageclub.ai/login
workera.ai,none,,,https://skills.workera.ai/app/login/,https://skills.workera.ai/app/login/
workflow86.com,none,,,https://workflow86.com/login,https://www.workflow86.com/login
workhy.com,none,,,https://app.workhy.com/login,https://app.workhy.com/login/
workithealth.com,none,,,https://app.workithealth.com/signin,https://app.workithealth.com/signin
workpatterns.com,code,,response_type=code,https://app.predictiveindex.com,https://login.predictiveindex.com/u/login/identifier?state=hKFo2SBxWlBCcTdmcUE1ZnJUMUZUU3J4enhfMlFfdkJQMVBzZaFur3VuaXZlcnNhbC1sb2dpbqN0aWTZIEtsblg1NW13Zi1KMkFVaGlpNzJCUjFCd2p6OWdEMFVro2NpZNkgZHVETjVwZ3loTksxMWtUNjlTaEl2SUtxVllWanhUWW0
worksome.com,none,,,https://auth.worksome.com/login,https://use.worksome.com/login
workstream.run,none,,ERR:dns,,
worldee.com,none,,,https://worldee.com/login,https://www.worldee.com/us/login
worthy.com,none,,,https://www.worthy.com/buyers/registration#buyerLogin,https://www.worthy.com/buyers/registration#buyerLogin
wovemade.com,none,,,https://wovemade.com/login,https://wovemade.com/login
writereader.com,none,,,https://app.writereader.com/login,https://app.writereader.com/login
wuka.co.uk,none,,,https://wuka.co.uk/login,https://wuka.co.uk/login
wyl.co,none,,,https://wyl.co/login,https://www.wyl.co/login
wyscout.com,none,,,https://wyscout.com/login,https://www.hudl.com/products/wyscout
wyzant.com,jwt,yes,gis_credential,https://www.wyzant.com/login,https://www.wyzant.com/login
xanadu.ai,none,,,https://xanadu.ai/login,https://xanadu.ai/
xara.com,none,,,https://cloud.xara.com/?view=sign-in,https://cloud.xara.com/?view=sign-in
xcelenergy.com,none,,,https://my.xcelenergy.com/MyAccount,https://my.xcelenergy.com/MyAccount/XE_Login?template=XE_MA_Template&gig_client_id=JnU2RjC15thihnMDrOyzKzvH
xen.net,none,,,https://xen.net/login,https://xen.net/login
xendoo.com,none,,,https://client.xendoo.com/login?_gl=1*1gtt32l*_gcl_au*OTQ2MTE2NTgyLjE3NDQ4MjQ5ODc.*_ga*MjExMDIyNjM0MC4xNzQ0OTA2NDI3*_ga_EK18E3NEB2*czE3NDk4MjYyNTMkbzE2NCRnMSR0MTc0OTgzMDcyMCRqNjAkbDAkaDA.,https://client.xendoo.com/login?_gl=1*1gtt32l*_gcl_au*OTQ2MTE2NTgyLjE3NDQ4MjQ5ODc.*_ga*MjExMDIyNjM0MC4xNzQ0OTA2NDI3*_ga_EK18E3NEB2*czE3NDk4MjYyNTMkbzE2NCRnMSR0MTc0OTgzMDcyMCRqNjAkbDAkaDA.
xfarm.ag,none,,,https://app.xfarm.ag/#/signUp,https://app.xfarm.ag/#/signUp
xfers.io,none,,,https://xfers.io/login,https://xfers.io/login
xilo.io,none,,,https://dashboard.xilo.io/,https://dashboard.xilo.io/auth/login
xmos.com,none,,,https://www.xmos.com/account-login?redirect_to=https%3A%2F%2Fwww.xmos.com%2F,https://www.xmos.com/login-register?destination=
xopero.com,code,,response_type=code,https://xopero.com/login,https://xopero.com/login/
xref.com,none,,,https://login.xref.com/,https://login.xref.com/
xset.com,none,,,https://xset.com/login,https://xset.com/login
yac.com,none,,,https://app.yac.com/manage,https://app.yac.com/manage
yaga.ee,none,,,https://yaga.ee/login,https://www.yaga.ee/login
yallafelsekka.com,none,,,https://portal.yfsdelivery.com/auth/login,https://portal.yfsdelivery.com/auth/login
yellowpop.com,none,,,https://yellowpop.com/login,https://www.yellowpop.com/login
yelp.com,none,,,https://yelp.com/login,https://www.yelp.com/login
yesware.com,none,,,https://yesware.com/login,https://www.yesware.com/user/sign-in
yieldify.com,none,,,https://convert.yieldify.com/,https://convert.yieldify.com/auth/login?redirect=%2F
yodel.co.uk,code,,response_type=code,https://yodel.co.uk/login,https://www.yodel.co.uk/login
yolda.com,none,,,https://yolda.com/login,https://muratlojistik.com.tr/login
yoo.rs,code,,response_type=code,https://yoo.rs/login,https://yoo.rs/login/
yoodli.ai,none,,,https://app.yoodli.ai/signin,https://app.yoodli.ai/signin
yoti.com,none,,,https://identity.yoti.com/iam/login,https://identity.yoti.com/iam/login
yotpo.com,none,,,https://login.yotpo.com/#/login?signup_utm_source=yotpo_website,https://login.yotpo.com/#/login?signup_utm_source=yotpo_website
yourmechanic.com,none,,,https://yourmechanic.com/login,https://www.yourmechanic.com/login#email
yourparkingspace.co.uk,none,,,https://yourparkingspace.co.uk/login,https://www.yourparkingspace.co.uk/login
yourpay.dk,none,,ERR:dns,,
yousician.com,jwt,yes,gis_credential,https://account.yousician.com,https://account.yousician.com/login?continue=%2F
youvit.co.id,none,,,https://youvit.co.id/login,https://youvit.co.id/login
yummly.com,none,,,https://yummly.com/login,https://www.kitchenaid.com/recipes
zabo.com,none,,,https://zabo.com/signin,https://zabo.com/signin
zagg.com,none,,,https://www.zagg.com/login.php,https://www.zagg.com/login.php
zakeke.com,jwt,yes,response_type=id_token,http://admin.zakeke.com/en-US/Admin/Login,https://admin.zakeke.com/en-US/Admin/Login
zapier.com,none,,,https://zapier.com/login,https://zapier.com/app/login
zappos.com,none,,,https://www.zappos.com/account,https://www.zappos.com/account
zayzoon.com,none,,,https://app.zayzoon.com/customers/sign_up,https://app.zayzoon.com/customers/sign_up
zbiotics.com,google_unknown,,gsi_only,https://zbiotics.com/a/account/login,https://zbiotics.com/a/account/login
zea.live,none,,,https://zea.live/login,https://www.zeaengine.com/wp-login.php
zebrium.com,none,,,https://zebrium.com/login,https://sciencelogic.com/platform/skylar-advisor
zeconomy.com,none,,,https://zeconomy.com/login,https://www.zeconomy.com/login
zeel.com,none,,,https://zeel.com/login,https://www.zeel.com/login
zeet.co,jwt,yes,response_type=id_token,https://zeet.co/signup?yeet=%2Fsignup,https://app.zeet.co/signup
zencastr.com,none,,,https://zencastr.com/login,https://zencastr.com/login
zenfinancial.net,none,,,https://zenfinancial.net/login,https://zenfinancial.net/login
zenfulfillment.com,none,,,https://app.zenfulfillment.com/signup,https://app.zenfulfillment.com/signup
zenlayer.com,none,,,https://console.zenlayer.com/,https://console.zenlayer.com/
zenprospect.com,code,,response_type=code,https://app.apollo.io/#/login?locale=en,https://app.apollo.io/#/login?locale=en
zenwtr.com,none,,,https://zenwtr.com/customer_authentication/redirect?locale=en&region_country=US,https://shopify.com/authentication/33212366981/login?client_id=b739f884-c15b-47fe-a59c-e0e915c2a363&locale=en-US&redirect_uri=%2Fauthentication%2F33212366981%2Foauth%2Fauthorize%3Fbuyer_flags%3DeyJhbGciOiJIUzI1NiJ9.eyJpc3MiOiJ6ZW53dHIubXlzaG9waWZ5LmNvbSIsImZsYWdzIjpbXSwiZXhwIjoxNzgyNTg2NDA2LCJuYmYiOjE3ODE5ODE2MDZ9.fyMhvnjV4wAK-uQK7OGPmqX9eQ80ZIpHP7EuQDmJOGo%26client_id%3Db739f884-c15b-47fe-a59c-e0e915c2a363%26locale%3Den-US%26nonce%3D609c3174-d570-47eb-a969-17097ea4e3de%26redirect_uri%3Dhttps%253A%252F%252Fshopify.com%252F33212366981%252Faccount%252Fcallback%26region_country%3DUS%26response_type%3Dcode%26scope%3Dopenid%2Bemail%2Bcustomer-account-api%253Afull%26state%3DhWNDZFRN1wrMmpcSSjo2Uk4X&region_country=US
zeuslabs.com,none,,,https://zeuslabs.com/login,https://zeuslabs.com/login
zevtechnologies.com,none,,,https://zevtechnologies.com/login,https://www.zevtechnologies.com/wp-login.php
ziflow.com,none,,,https://www.ziflow.io/#/login,https://www.ziflow.io/#/login
zignaly.com,none,,,https://app.zignaly.com/login,https://app.zignaly.com/login
zigram.tech,none,,,https://sso.zigram.org/realms/ZIGRAM/protocol/openid-connect/auth?client_id=RISKAPP&response_type=code,https://sso.zigram.org/realms/ZIGRAM/protocol/openid-connect/auth?client_id=RISKAPP&response_type=code
ziik.io,none,,,https://ziik.io/login,https://www.ziik.io/login
zimplistic.com,none,,,https://zimplistic.com/signin,https://zimplistic.com/signin
zinc.work,none,,,https://app.zincwork.com/,https://app.zincwork.com/sign-in
zipcar.com,none,,,https://my.zipcar.com/login,https://my.zipcar.com/login
zira.ai,none,,,https://zira.ai/login,https://zira.ai/login
zitti.com,none,,,https://zitti.com/login,https://zitti.com/login
zokugun.org,none,,ERR:dns,,
zomato.com,none,,,https://zomato.com/login,https://www.zomato.com/login
zone.net.sa,none,,,https://zone.net.sa/login,https://zone.net.sa/wp-login.php
zucca.ai,none,,,https://app.zucca.ai/,https://app.zucca.ai/sign-in?redirect_url=https%3A%2F%2Fapp.zucca.ai%2F
zvook.co,none,,ERR:dns,,
zype.com,none,,,https://admin.zype.com/users/sign_in,https://admin.zype.com/users/sign_in
zzdriggs.com,none,,,https://zzdriggs.com/login,https://zzdriggs.com/login
