domain,category,confirmed,evidence,login_url,final_url
10percenthappier.com,none,,,https://10percenthappier.com/login,https://www.meditatehappier.com/login
23andme.com,none,,,https://you.23andme.com/,https://auth.23andme.com/login/?next=https%3A//auth.23andme.com/authorize/%3Fredirect_uri%3Dhttps%253A%252F%252Fyou.23andme.com%252Fauth_callback%252F%26response_type%3Dcode%26client_id%3Dyou%26scope%3Dopenid%2Bancestry%2Bbasic%2Bhaplogroups%2Bnames%2Bphenotypes%253Aread%253Aall%2Bprofile_id%253Aall%2Buse_authdot_token%26state%3D%257B%2522origin_uri%2522%253A%2B%2522%252F%2522%257D
3ds.com,none,,,https://eu1.iam.3dexperience.3ds.com/login?service=https%3A%2F%2Fwww.3ds.com%2F,https://eu1.iam.3dexperience.3ds.com/login?service=https%3A%2F%2Fwww.3ds.com%2F
8fit.com,none,,,https://8fit.com/login,https://8fit.com/login/
ably.com,none,,,https://ably.com/login,https://ably.com/login
acceptto.com,none,,,https://connect.secureauth.com/,https://connect.secureauth.com/
acronis.com,none,,,https://account.acronis.com/,https://account.acronis.com/#/auth/login
adquesto.com,none,,,,
adwallet.com,none,,,https://adwallet.com/login,https://forsale.godaddy.com/forsale/adwallet.com?utm_source=TDFS_BINNS2&utm_medium=parkedpages&utm_campaign=x_corp_tdfs-binns2_base&traffic_type=TDFS_BINNS2&traffic_id=binns2&
aethergames.io,none,,,https://aethergames.io/login,https://aethergames.io/login
aiand.com,none,,,,
01caijing.com,none,,,https://01caijing.com/login,https://01caijing.com/login
20degs.com,none,,,https://20degs.com/login,https://20degs.com/wp-login.php
3commas.io,none,,,https://3commas.io/login,https://app.3commas.io/auth/login
7signal.com,none,,,https://7signal.com/login,https://7signal.com/login
abhibus.com,none,,,https://abhibus.com/login,https://www.abhibus.com/login
acast.com,none,,,https://acast.com/login,https://www.acast.com/en/login
acorns.com,none,,,https://app.acorns.com/,https://oak.acorns.com/sign-in
adfin.com,microsoft,,btn:Continue with Microsoft oauth2,https://console.adfin.com,https://console.adfin.com/auth/login?returnTo=%2Foverview
advizeo.io,none,,,https://advizeo.io/login,https://www.advizeo.io/login
aerologix.com,none,,,https://aerologix.com/login,https://aerologix.com/.well-known/sgcaptcha/?r=%2Flogin&y=ipc:146.148.42.91:1781841731.292
agora.io,none,,,https://sso.agora.io/en/signup/,https://sso2.agora.io/en/signup
airalo.com,none,,,,
1v1me.com,none,,,https://1v1me.com/login,https://www.1v1me.com/login
3billion.io,none,,,https://3billion.io/login,https://3billion.io/login
701x.com,none,,,https://login.701x.com/Account/Login?ReturnUrl=https%3A%2F%2Fmobile.701x.com%2F%23%2Fsilentsignin-oidc,https://login.701x.com/Account/Login?ReturnUrl=https%3A%2F%2Fmobile.701x.com%2F%23%2Fsilentsignin-oidc
abatable.com,none,,,https://app.abatable.com/intelligence?utm_campaign=sign_in,https://login.abatable.com/u/login?state=hKFo2SBvNDZyWHVMU2hQWkdKVS13Rlp6OG9iMGdkQ2VQbXVYZaFur3VuaXZlcnNhbC1sb2dpbqN0aWTZIERFT2RRQ2VrN2dDclJhd1pqS3NHNVdJMmJJc1J2ZUhFo2NpZNkgNHRZV1hBOVBuMVdGZEtHQXRTb0tUOWZzVnd5dXB4TW4
acams.org,none,,,https://www.acams.org/en/samllogin/Salesforce?destination=/en,https://account.acams.org/acamsstore/login?AppName=Drupal_SSO&RelayState=%2Fen%2Fapp%3DSalesforce&SAMLRequest=fZJRb5swFIWft19h%2BWFvgIEkpFYgYo2qRerWqNA97KXyzCW1BDbztZvt34%2BQRkulrn6yru%2Fx%2Be6xV%2BvffUeewaIyOqdxyCgBLU2j9D6nD%2FVNsKTrYoWi7wZeevek7%2BGXB3Rk1Gnk00FOvdXcCFTItegBuZO8Kr%2Fe8iRkfLDGGWk6SrabnD6mspm1s2a%2BSJezeSNTyZIMsivI0kzOWwGLNhaJaJYyo%2BT7mSs5cm0RPWw1OqHdWGLJImCLIL6q2YwzxlP2g5Ldi9lnpU8jvEf289SE%2FEtd74LdXVVTUiKCdaPptdHoe7AV2Gcl4eH%2BNqdPzg3Io%2BhwOIRCih5DY%2FfRMQNxllGyGdNRWrgJ%2FKwQUhqv3YVq2qEzFqLO7JVeH6%2FJk0%2FlMHwbSfON9YPoHqvqjp7y59P89iL496f7h1S8yb2KLm4tPn6Y1stLHwm2m53plPxDyq4zh2sLwkFOnfVAyY2xvXD%2F94%2FDeKqoJminVu41DiBVq6ChUXHyfv2jir8%3D&langChange=en-US&saml=2&redirect=false
achievable.me,none,,,https://app.achievable.me/auth/sign-in/,https://app.achievable.me/auth/sign-in
adespresso.com,none,,,https://app.adespresso.com/login,https://app.adespresso.com/login
advicelocal.com,none,,,https://admin.advicelocal.com/login,https://admin.advicelocal.com/login
aerofs.com,none,,,https://aerofs.com/login,https://forsale.godaddy.com/forsale/aerofs.com?utm_source=TDFS_BINNS2&utm_medium=parkedpages&utm_campaign=x_corp_tdfs-binns2_base&traffic_type=TDFS_BINNS2&traffic_id=binns2&
agilityads.com,none,,,https://app.agilityads.com/login,https://app.agilityads.com/login
air.tv,none,,,,
airship.com,none,,,https://go.airship.com/accounts/login,https://go.airship.com/accounts/login/
akriviahealth.com,none,,,,
alice.com,none,,,https://alice.com/login,https://alice.com/login
allovue.com,microsoft,,btn:Sign in with Microsoft,https://allovue.com/login,https://allovue.app/login
alphaflow.com,none,,,https://alphaflow.com/login,https://www.afternic.com/forsale/alphaflow.com?utm_source=TDFS_DASLNC&utm_medium=parkedpages&utm_campaign=x_corp_tdfs-daslnc_base&traffic_type=TDFS_DASLNC&traffic_id=daslnc&
1680.co,none,,,,
2tor.com,none,,,,
50intech.com,none,,,,
a7a.com,none,,,https://a7a.com/login,https://a7a.com/login
abx.com,none,,,https://abx.com/login,https://abx.com/login
accredible.com,none,,,https://accredible.com/login,https://www.accredible.com/login
adalo.com,none,,,https://app.adalo.com,https://app.adalo.com/en/login?redirect=%2F
adventr.io,none,,,https://app.adventr.ai/ai-editor/login,https://app.adventr.ai/login
aellacredit.com,none,,,https://merchant.aellaapp.com/sign-up,https://merchant.aellaapp.com/sign-up
agebold.com,none,,,https://agebold.com/login,https://www.agebold.com/login
1up.ai,microsoft,,btn:Continue with Microsoft,https://app.1up.ai,https://app.1up.ai/login
3bgsupply.com,none,,,https://3bgsupply.com/login,https://www.3bgsupply.com/
7-11.com,none,,,https://7-11.com/login,https://7-11.com/login
abalt.lt,none,,,https://abalt.lt/login,https://abalt.lt/login
acamp.com,none,,,https://acamp.com/login,https://campio.no/login
aceva.com,none,,,https://aceva.com/login,https://aceva.com/login
additionwealth.com,none,,,https://app.additionwealth.com/,https://accounts.additionwealth.com/login?state=hKFo2SA2UFBZQ3BXamtTaEp5RlpZUUEtT0xiZllaWUVhU3A2T6FupWxvZ2luo3RpZNkgcy1GWEZaUUhDLTdDV0g3SDRId3VzSjlBYlFlYUpVc0mjY2lk2SAxSUtYYnoxT2dqUnpZcjhqYU5PS3FVcGtZdmNxZU92Sg&client=1IKXbz1OgjRzYr8jaNOKqUpkYvcqeOvJ&protocol=oauth2&scope=openid%20profile%20email%20offline_access%20read%3Acandidate-offers%20write%3Acandidate-offers%20company%3Asuper-admin%20company%3Aadmin%20addition%3Aadmin&response_type=code&redirect_uri=https%3A%2F%2Fapp.additionwealth.com%2Fapi%2Fauth%2Fcallback&audience=https%3A%2F%2Fapi.additionwealth.com%2F&passwordless_ui=classic&api_url=https%3A%2F%2Fapi.additionwealth.com&returnTo=%2Fapi%2Fauth%2Fcomplete%3FreturnTo%3D%252Fapi%252Fauth%252Fcomplete%253FreturnTo%253D%25252F&partner_brand=aw&app_version=1a45056&nonce=ZO0UuTC62PwOEYC-TOquzt8OhN4x6mK8CZHNExuBRIQ&code_challenge_method=S256&code_challenge=5ODVXDYFAa8-O7wgnV1FJ-uNHLXE9mbt09i52cvFnqM
adviceinteractivegroup.com,none,,,https://admin.advicelocal.com/login,https://admin.advicelocal.com/login
aerobotics.com,none,,,https://app.aerobotics.com/log-in,https://app.aerobotics.com/grower/log-in
agility.com,none,,,,
11sight.com,none,,,https://app.11sight.com/user/sign_in,https://app.11sight.com/user/sign_in
2houses.com,none,,,https://2houses.com/login,https://www.2houses.com/en/404
443id.com,none,,,https://app.verosint.com/,https://auth.verosint.com/u/login/identifier?state=hKFo2SBOcWpvbFg4OEVQdURUdkYzMkhtZS1xMENCQ2xIZmNuRqFur3VuaXZlcnNhbC1sb2dpbqN0aWTZIG5lZUlYQVlDNGcwa1RMdHA5S29LUW5iX1JFUHFvcDRqo2NpZNkgS2xxd2gzY3MxUDNhODcya1ZYTGN2cWJYT1Y4SnVWRDg
99.co,none,,,https://99.co/login,https://www.99.co/login
abonesepeti.com,none,,,https://app.abonesepeti.com/login?redirect=/services/rent-a-car,https://app.abonesepeti.com/login?redirect=/services/rent-a-car
accor.com,none,,,https://accor.com/login,https://group.accor.com/en
activtrak.com,generic_sso,,"txt:sign in with
SSO",https://app.activtrak.com/,https://app.activtrak.com/#/login
adsmurai.com,none,,,https://amp.adsmurai.com/login?,https://amp.adsmurai.com/login?
adwoabeauty.com,none,,,https://adwoabeauty.com/login,https://adwoabeauty.com/lander
afternic.com,none,,,https://sso.afternic.com/account/create?app=www&path=%2F&plid=497036&prog_id=AfterNIC&realm=idp,https://sso.afternic.com/account/create?app=www&path=%2F&plid=497036&prog_id=AfterNIC&realm=idp
aide.app,none,,,https://aide.app/login,https://aide.app/login
aircamera.com,generic_sso,,txt:SAML,https://app.air.inc/login,https://app.air.inc/login
aitme.com,none,,ERR:dns,,
alastin.com,none,,,https://system.na3.netsuite.com/app/login/secure/privatelogin.nl?c=4938564,https://4938564.app.netsuite.com/app/login/secure/privatelogin.nl?c=4938564&whence=
1dropdx.com,none,,,,
36kr.com,none,,,https://36kr.com/login,https://36kr.com/login
5mins.ai,none,,,https://app.5mins.ai/login/,https://app.5mins.ai/login/
aavrani.com,none,,,https://aavrani.com/login,https://aavrani.com/login
acadeum.com,none,,,https://acadeum.com/login,https://acadeum.com/wp-login.php
accusonus.com,none,,,,
adcash.com,none,,,https://adcash.myadcash.com/login,https://auth.myadcash.com/realms/adcash/protocol/openid-connect/auth?nonce=BtxGmNBiBvQAwW5UfHYGhTKCNodxoPMC&state=b72AOKqFGoDAVMva6184h9dcMZ7-JGxD&scope=profile%20email%20openid&response_type=code&approval_prompt=auto&redirect_uri=https%3A%2F%2Fadcash.myadcash.com%2Fauth%2Fweb%2Fsso-login&client_id=dsp
adversus.dk,none,,,https://app.adversus.io/login?1=1&hslang=da_DK,https://app.adversus.io/login?1=1&hslang=da_DK
aerialsphere.com,none,,,https://aerialsphere.com/login,https://aerialsphere.com/login
agentero.com,none,,,https://agentero.com/login,https://agentero.com/login
aiper.com,none,,,https://aiper.com/us/authorized-sales-channels,https://aiper.com/us/authorized-sales-channels
1928diagnostics.com,none,,,https://1928diagnostics.com/login,https://www.1928diagnostics.com/login
31dover.com,none,,,https://31dover.com/login,https://www.31dover.com/login
57hours.com,none,,,https://57hours.com/my-account/,https://57hours.com/my-account/?f=login
aavia.io,none,,,https://aavia.io/login,https://aavia.io/login
academyocean.com,none,,,https://academyocean.com/account/sign/in,https://app.academyocean.com/account/sign/in
accurx.com,generic_sso,,txt:SSO,https://web.accurx.com/login?externalreferrer=web-log-in,https://web.accurx.com/login?externalreferrer=web-log-in
adaptive.live,none,,,https://adaptive.live/login,https://adaptive.live/login
123sonography.com,none,,,https://123sonography.com/login,https://123sonography.com/login
2ndaddress.com,none,,,,
4urspace.com,none,,,https://4urspace.com/login,https://4urspace.com/auth/login
9gag.com,none,,,https://9gag.com/login,https://9gag.com/login
abtrace.co,none,,,https://proactive-monitoring.abtrace-cloud.com/,https://proactive-monitoring.abtrace-cloud.com/
accountablehq.com,microsoft,,btn:Sign in with Microsoft,https://app.accountablehq.com/login,https://app.accountablehq.com/login
ada.support,none,,,https://ada.support/login,https://www.ada.cx/login
adstage.io,none,,,https://adstage.io/login,https://adstage.io/login
adzuna.com,none,,,https://adzuna.com/login,https://adzuna.com/login
aftership.com,none,,,https://www.aftership.com/sso/authorize?continue=login&pd=aftership-one&as_signup=www.aftership.com%2F&as_signup_cta=top-nav-login&page_referrer=www.aftership.com%2F,https://www.aftership.com/sso/authorize?continue=login&pd=aftership-one&as_signup=www.aftership.com%2F&as_signup_cta=top-nav-login&page_referrer=www.aftership.com%2F
aihit.com,none,,,https://aihit.com/login,https://aihit.com/login
airgms.com,none,,,https://airgms.com/login,https://airgms.com/login
aitrillion.com,none,,,https://app.aitrillion.com/,https://app.aitrillion.com/
alchemyfoodtech.com,none,,,https://alchemyfoodtech.com/login,https://www.alchemyfoodtech.com/login
allebt.com,none,,,https://allebt.com/login,https://allebt.com/login
aloeattiva.com,none,,,https://aloeattiva.com/login,https://aloeattiva.com/login
altec.com,none,,,https://altec.com/login,https://altec.com/login
amarchitrakatha.com,none,,,,
amopportunities.org,none,,,https://app.amopportunities.org/login,https://app.amopportunities.org/login
anatomyfinancial.com,none,,,https://anatomyfinancial.com/login,https://anatomyfinancial.com/login
anker.com,none,,,,
10adventures.com,none,,,https://10adventures.com/login,https://www.10adventures.com/login
228labs.com,none,,,https://228labs.com/login,https://228labs.com/login
3dhubs.com,none,,,https://3dhubs.com/login,https://www.hubs.com/login/
8base.com,none,,,https://app.8base.com/,https://app.8base.com/auth/login
abler.io,none,,,https://abler.io/login,https://www.abler.io/sign-on/?return_path=%2Fsign-on-redirect
accelbyte.net,none,,,https://prod.gamingservices.accelbyte.io/auth/register?utm_source=website&utm_medium=website-menu-cta-button,https://prod.gamingservices.accelbyte.io/auth/register?utm_source=website&utm_medium=website-menu-cta-button
acretrader.com,none,,,https://acretrader.com/login,https://acretrader.com/404?url=%2Flogin
adonmo.com,none,,,https://adonmo.com/login,https://adonmo.com/login
advocado.de,none,,,,
12traits.com,none,,,https://app.solsten.io/sign-in,https://elaris.new/sign-in
2ndkitchen.com,none,,,https://2ndkitchen.com/login,https://reeftechnology.com/wp-login.php
500px.com,none,,,https://500px.com/login,https://500px.com/login
a2zebra.de,none,,,https://shopify.com/73151676761/account?locale=de&buyer_flags=eyJhbGciOiJIUzI1NiJ9.eyJpc3MiOiJhMnplYnJhLTcyODkubXlzaG9waWZ5LmNvbSIsImZsYWdzIjpbXSwiZXhwIjoxNzgyNDQ2MTk3LCJuYmYiOjE3ODE4NDEzOTd9.qc2_fNhxAKpj001QRGAxvZyJRTMolkA75nZU0QoU5KM,https://shopify.com/authentication/73151676761/login?client_id=30a88d6d-1847-4d5d-aa36-6476b7a4e72d&locale=de-DE&redirect_uri=%2Fauthentication%2F73151676761%2Foauth%2Fauthorize%3Fbuyer_flags%3DeyJhbGciOiJIUzI1NiJ9.eyJpc3MiOiJhMnplYnJhLTcyODkubXlzaG9waWZ5LmNvbSIsImZsYWdzIjpbXSwiZXhwIjoxNzgyNDQ2MTk3LCJuYmYiOjE3ODE4NDEzOTd9.qc2_fNhxAKpj001QRGAxvZyJRTMolkA75nZU0QoU5KM%26client_id%3D30a88d6d-1847-4d5d-aa36-6476b7a4e72d%26locale%3Dde-DE%26nonce%3D7553d7c2-bc5f-4ea5-9480-0d4e11efcf62%26redirect_uri%3Dhttps%253A%252F%252Fshopify.com%252F73151676761%252Faccount%252Fcallback%26response_type%3Dcode%26scope%3Dopenid%2Bemail%2Bcustomer-account-api%253Afull%26state%3DhWNDVQfNpzho2dde3G9QJ8xq
abwaab.me,none,,,https://abwaab.me/login,https://abwaab.com/login
accounto.ch,none,,,https://accounto.ch/login,https://accounto.ch/wp-login.php
adadapted.com,none,,,https://adadapted.com/login,https://adadapted.com/wp-login.php
adtonos.com,none,,,https://app.adtonos.com/login,https://app.adtonos.com/login
aec-digital.com,none,,,https://aec-digital.com/login,https://aec-digital.com/login
aftershoot.co,none,,,https://account.aftershoot.com/auth?signup=true,https://account.aftershoot.com/auth?signup=true
aikido.dev,generic_sso,,txt:SSO,https://app.aikido.dev/login,https://app.aikido.dev/login
airgraft.com,none,,,https://airgraft.com/login,https://airgraft.com/login
aiven.io,microsoft,,btn:Sign up with Microsoft,https://console.aiven.io/signup,https://console.aiven.io/signup
alchemypay.org,none,,,,
11thestate.com,none,,,https://11thestate.com/login,https://11th.com/login
2local.io,none,,,https://2local.io/login,https://2local.io/wp-login.php
4auth.io,none,,,https://idlayr.com/signup/,https://idlayr.com/signup/
99math.com,none,,,https://99math.com/login,https://www.99math.com/login
absolvent.pl,none,,,https://absolvent.pl/login,https://talentdays.pl/
accordium.com,none,,,https://accordium.com/login,https://www.afternic.com/forsale/accordium.com?utm_source=TDFS_DASLNC&utm_medium=parkedpages&utm_campaign=x_corp_tdfs-daslnc_base&traffic_type=TDFS_DASLNC&traffic_id=daslnc&
acumatica.com,none,,,https://portal.acumatica.com/,https://portal.acumatica.com/Frames/Login.aspx?ReturnUrl=%2f
adsquare.com,none,,,,
17hats.com,none,,,https://17hats.com/login,https://17hats.com/loginredirect
2ulaundry.com,none,,,https://2ulaundry.com/login,https://www.2ulaundry.com/
50skills.com,none,,,https://50skills.com/login,https://www.50skills.com/login
aampe.com,none,,,https://aampe.com/login,https://aampe.com/login
abzu.ai,none,,,https://abzu.ai/login,https://abzu.ai/login
accredify.io,none,,,https://nexus.accredify.io,https://nexus.accredify.io/
adamlippes.com,none,,,https://adamlippes.com/customer_authentication/redirect?locale=en&region_country=US,https://account.adamlippes.com/authentication/login?client_id=d7d01445-a268-4681-bb41-9109683becec&locale=en-US&redirect_uri=%2Fauthentication%2Foauth%2Fauthorize%3Fbuyer_flags%3DeyJhbGciOiJIUzI1NiJ9.eyJpc3MiOiJhZGFtLWxpcHBlcy5teXNob3BpZnkuY29tIiwiZmxhZ3MiOltdLCJleHAiOjE3ODI0NDY0OTIsIm5iZiI6MTc4MTg0MTY5Mn0.k24EkxqolV6DpqQ86t-F8CVznyzJ-LC9fDDi5UvARVc%26client_id%3Dd7d01445-a268-4681-bb41-9109683becec%26locale%3Den-US%26nonce%3D52a85f47-e11b-4ef8-afd8-a6dc6f6ce87e%26redirect_uri%3Dhttps%253A%252F%252Faccount.adamlippes.com%252Fcallback%26region_country%3DUS%26response_type%3Dcode%26scope%3Dopenid%2Bemail%2Bcustomer-account-api%253Afull%26state%3DhWNDVR9F4TqQ1yFHLP2pnDF4&region_country=US
adventr.tv,none,,,https://app.adventr.tv/?login-method=signin,https://app.adventr.tv/?login-method=signin
aerialapplications.com,none,,,https://app.aerialapplications.com/login,https://app.aerialapplications.com/login
agendapro.cl,none,,,https://app.agendapro.com/sign_in,https://app.agendapro.com/sign_in
aimn.com,none,,,,
airhelp.com,none,,,https://airhelp.com/login,https://www.airhelp.com/login/
100ms.live,none,,,https://100ms.live/login,https://www.100ms.live/login
21stcenturyfood.com,none,,,https://21stcenturyfood.com/login,https://www.21stcenturyfood.com/login/
3degreesinc.com,none,,,https://meridian.3degreesinc.com/login,https://meridian.3degreesinc.com/login
83north.com,none,,,https://dynamoeu.netagesolutions.com/Portal/Login/EightyThreeNorth/VC-Investors/,https://dynamoeu.netagesolutions.com/Portal/Login/EightyThreeNorth/VC-Investors/
able.com,none,,,https://able.com/login,https://www.able.com/login
acbc.com,none,,,https://acbc.com/login,https://acbc.com/
acquia.com,none,,,https://profile.acquia.com/identity/,https://profile.acquia.com/
adibilis.co,none,,,https://adibilis.co/login,https://adibilismvp2react.web.app/login
advocado.com,none,,,https://advocado.com/login,https://advocado.com/login
aeropay.com,none,,,https://online.aeropay.com/login,https://pay.aero.inc/hi
agscompany.com,none,,,https://agscompany.com/signin,https://agscompany.com/signin
airbaltic.com,none,,,https://airbaltic.com/signin,https://www.airbaltic.com/signin
10web.io,none,,,https://my.10web.io/login,https://my.10web.io/login
2degrees.nz,none,,,https://2degrees.nz/login,https://www.2degrees.nz/node/9356
3s.money,none,,,https://clientportal.3s.money/signin,https://clientportal.3s.money/signin
93jiang.com,none,,,https://93jiang.com/login,https://93jiang.com/login
ably.io,none,,,https://ably.io/login,https://ably.com/login
accme.org,none,,,https://accme.org/login,https://accme.org/wp-login.php
activeloop.ai,none,,,https://activeloop.ai/login,https://www.activeloop.ai/login/
adscendmedia.com,none,,,https://adscendmedia.com/login,https://adscendmedia.com/login
adwayusa.com,microsoft,,btn:Continue with Microsoft Account windowsl,https://devportal.adwayusa.com/login,https://adway.us.auth0.com/u/login?state=hKFo2SBmMURmUmNrWmlJNmZKbkRjQ2Zwa0V2SFZJTHVIWnBmeaFur3VuaXZlcnNhbC1sb2dpbqN0aWTZIHAzTC1BT3RXamZGYzR5aWVGZ19SSE1nMlN2aWgzTHd3o2NpZNkgS0JRRzZDUDNmMVhYWWp2c0xZcVIzMDFodWEwcnNONEc
afriblocks.com,none,,,https://workstation.afriblocks.com/login,https://workstation.afriblocks.com/login
aidaly.com,none,,,https://app.aidaly.com/users/sign_in,https://app.aidaly.com/users/sign_in
airbyte.io,none,,,https://airbyte.io/login,https://airbyte.com/login
airzai.com,none,,,https://airzai.com/login,https://airzai.com/login
alaskaair.com,microsoft,,cfg:login.microsoftonline,https://alaskaair.com/login,https://www.alaskaair.com/content/page-not-found
1health.io,none,,,https://1health.io/login,https://app.1health.io/init-auth
3bee.com,none,,,https://3bee.com/login,https://www.3bee.com/login/
6sense.com,none,,,https://login.6sense.com/,https://login.6sense.com/
abacus.ai,none,,,https://abacus.ai/login,https://abacus.ai/login
acaioutdoorwear.com,none,,,https://acaioutdoorwear.com/login,https://acaioutdoorwear.com/login
ace.ng,none,,,https://ace.ng/login,https://ace.ng/login
adcel.co,none,,,https://adcel.co/login,https://adcel.co/login
adverty.com,none,,,https://adverty.com/login,https://adverty.com/wp-login.php
aerlingus.com,none,,,https://aerlingus.com/login,https://www.aerlingus.com/login
adventus.io,none,,,https://bit.ly/3rrfIVw,https://app.adventus.io/admin/login#websitetopnav
aignostics.com,none,,,https://portal.aignostics.com/,https://portal.aignostics.com/login/sign-in?returnUrl=%2F
airgram.io,none,,ERR:dns,,
airworks.io,none,,,https://cloud.airworks.io/,https://cloud.airworks.io/
akselos.com,none,,,https://akselos.com/login,https://akselos.com/login
algrano.com,none,,,https://www.algrano.com/en/login,https://www.algrano.com/en/login
alkymi.io,none,,,https://app.alkymi.io,https://auth.alkymi.io/u/login/identifier?state=hKFo2SBpUllFdDB3QUJXczBvTGFrME1sWDE3aHUzVm95ckxlU6Fur3VuaXZlcnNhbC1sb2dpbqN0aWTZIG5YTEpOVkNSUmpLaWZFbl9oeV8tUVQ3ckNXMmFxTzlKo2NpZNkgQ3lpN2xRbk5VdlduV2YzOGdJWUt3OTRiQjA2RzViakY
allocations.com,none,,,https://dashboard.allocations.com/,https://dashboard.allocations.com/
alongside.com,none,,,https://www.careerbeacon.com/en/login,https://www.careerbeacon.com/en/login
alphapaw.com,none,,,https://www.alphapaw.com/customer_authentication/redirect?locale=en&region_country=US,https://account.alphapaw.com/authentication/login?client_id=9ead2de5-f148-49d6-b8ad-c1bbebc42368&locale=en-US&redirect_uri=%2Fauthentication%2Foauth%2Fauthorize%3Fbuyer_flags%3DeyJhbGciOiJIUzI1NiJ9.eyJpc3MiOiJhbHBoYXBhdy1kZXYubXlzaG9waWZ5LmNvbSIsImZsYWdzIjpbXSwiZXhwIjoxNzgyNDQ4MDUwLCJuYmYiOjE3ODE4NDMyNTB9.89GZHLnJv-aahgXKCVzhfUDOk0U79SxPQDWWKkoPLiY%26client_id%3D9ead2de5-f148-49d6-b8ad-c1bbebc42368%26locale%3Den-US%26nonce%3D2379cca1-02a4-468a-bc28-e9338a7af956%26redirect_uri%3Dhttps%253A%252F%252Faccount.alphapaw.com%252Fcallback%26region_country%3DUS%26response_type%3Dcode%26scope%3Dopenid%2Bemail%2Bcustomer-account-api%253Afull%26state%3DhWNDVTmNTYgs94CjPIrBCrdC&region_country=US
altogic.com,none,,ERR:dns,,
alvin.ai,none,,,,
adyoulike.com,none,,,https://adyoulike.com/login,https://adyoulike.com/login
aimchess.com,none,,,https://aimchess.com/login,https://aimchess.com/auth/login
airmap.com,none,,,https://airmap.com/login,https://airmap.com/login
aito.ai,microsoft,,btn:Log in with Microsoft,https://console.aito.ai/,https://console.aito.ai/account/authentication
aku.africa,none,,,https://customer.aku.africa/auth,https://customer.aku.africa/auth
alhabib.om,none,,,https://alhabib.om/login,https://alhabib.om/login
all-turtles.com,none,,,https://all-turtles.com/login,https://www.all-turtles.com/login
allseated.com,none,,,https://allseated.com/login,https://allseated.com/login
alpagga.com,none,,,https://alpagga.com/login,https://alpagga.com/login
alphathena.com,none,,,https://www.app.alphathena.com/signin,https://www.app.alphathena.com/signin
altoira.com,none,,,https://app.altoira.com/login,https://auth.altoira.com/u/login?state=hKFo2SBDb29QS0dxS3FtcVF6NjZWTkN0cm1DcHJMRTgtRnEyZaFur3VuaXZlcnNhbC1sb2dpbqN0aWTZIHBnelpPMkFvY3NZUjk0QWpHc3ZyYWhMcG5uNUVDSFFpo2NpZNkgUW1hUHZUNUgxUTJabDJhY2o5RXFXbGdzRkNDUkVZRWs
alwaysai.co,none,,,https://console.alwaysai.co/auth,https://console.alwaysai.co/auth/signin
amberflo.io,generic_sso,,txt:Continue with SSO,https://ui.amberflo.io/login?__hstc=17958374.4bddf344d072f2baed4a9a3f7a4f08d0.1762188392583.1763126253765.1763136561673.22&__hssc=17958374.3.1763136561673&__hsfp=1603770359,https://ui.amberflo.io/login?__hstc=17958374.4bddf344d072f2baed4a9a3f7a4f08d0.1762188392583.1763126253765.1763136561673.22&__hssc=17958374.3.1763136561673&__hsfp=1603770359
amicole.com,none,,,https://amicole.com/login,https://amicole.com/login
amplifyx.com,none,,,https://amplifyx.com/login,https://amplifyx.com/login
analyticsseo.com,none,,,,
aerialops.io,none,,,https://aerialops.io/login,https://aerialops.io/login
aino.world,none,,,https://aino.world/login,https://www.aino.world/login
airmatrix.ca,none,,,https://airmatrix.ca/login,https://airmatrix.ca/login
aixplain.com,none,,,https://auth.aixplain.com/login?redirect_url=https://studio.aixplain.com,https://auth.aixplain.com/login
akuity.io,none,,,https://akuity.cloud/,https://akuity.cloud/
alibris.com,none,,,https://alibris.com/login,https://www.alibris.com/login
allegion.com,none,,,https://allegion.com/login,https://www.allegion.com/login
allspice.io,none,,,https://allspice.io/login,https://www.allspice.io/login
alpakas.io,none,,ERR:dns,,
alpkit.com,none,,,https://alpkit.com/login,https://alpkit.com/login
altrix.co.uk,none,,,https://altrix.co.uk/login,https://altrix.co.uk/login
am.is,none,,,https://am.is/login,https://www.amis.com/login
amboss.com,none,,,https://www.amboss.com/us/account/login,https://next.amboss.com/us/login
amilia.com,microsoft,,btn:Sign in with Microsoft Microsoft,https://app.amilia.com/en/Login,https://app.amilia.com/en/Login
amplitude.com,none,,,,
aerospike.com,none,,,https://aerospike.com/login,https://aerospike.com/login
air-closet.com,none,,,https://air-closet.com/login,https://www.air-closet.com/login
airops.com,none,,,https://app.airops.com/,https://app.airops.com/users/sign_in
ajar.ae,none,,,https://ajar.ae/login,https://joinajar.com/
akuspike.com,none,,,https://rajapg88.us.com/sorumtractor-contact,https://rajapg88.us.com/sorumtractor-contact/
alignable.com,none,,,https://alignable.com/login,https://www.alignable.com/login
allegro.pl,none,,,https://allegro.pl/login,https://allegro.pl/login
allstacks.com,generic_sso,,txt:single sign-on,https://app.allstacks.com/?hsCtaTracking=7e5851ff-080b-479d-959c-633fcfade236%7C658db484-2953-46c0-aa2f-8ea5acb665be,https://app.allstacks.com/?hsCtaTracking=7e5851ff-080b-479d-959c-633fcfade236%7C658db484-2953-46c0-aa2f-8ea5acb665be
alpha-vector.com,none,,,https://alpha-vector.com/login,https://alpha-vector.com/login
alrawi.com,none,,,https://alrawi.com/login,https://alrawi.com/login
altruist.com,none,,,,
afterschoolhq.com,none,,,https://afterschoolhq.com/login,https://afterschoolhq.com/login
air.inc,generic_sso,,txt:SAML,https://app.air.inc/login,https://app.air.inc/login
airpay.co.in,none,,,https://airpay.co.in/login,https://airpay.co.in/login
akaunting.com,none,,,https://akaunting.com/login,https://akaunting.com/login
alchemy.com,none,,,https://dashboard.alchemy.com/signup?a=,https://dashboard.alchemy.com/signup?a=
alison.com,none,,,https://alison.com/login,https://alison.com/login
allegrolabs.io,none,,,https://www.cloudflare.com/login?utm_source=error_100x,https://dash.cloudflare.com/login?utm_source=error_100x
allstar.gg,none,,,https://allstar.gg/login,https://allstar.gg/login
alphabeta.io,none,,,https://alphabeta.io/login,https://alphabeta.io/login
altaninsights.com,none,,,,
agentdesks.com,none,,,https://agentdesks.com/login,https://app.radiusagent.com/signup
airbud.io,none,,,https://airbud.io/login,https://airbud.io/login
airship.us,none,,,https://app.airship.us,https://app.airship.us/auth/signin?callbackUrl=https%3A%2F%2Fapp.airship.us%2Fcallback%3FreturnUrl%3Dhttps%253A%252F%252Fapp.airship.us%252F
akerbp.com,none,,,https://akerbp.com/login,https://akerbp.com/login
alessi.com,none,,,https://alessi.com/login,https://alessi.com/login
aljomaihbev.com,none,,,https://aljomaihbev.com/login,https://www.aljomaihbev.com/login
alliesofskin.com,none,,,,
aghazinvest.com,none,,,https://app.manzil.us/login?__hstc=209374925.dd9f491a2150cb7e429e4caf5b1cd19e.1781843032181.1781843032181.1781843032181.1&__hssc=209374925.1.1781843032181&__hsfp=754f769d5c6cb91903196b3d8be0efce,https://app.manzil.us/login?__hstc=209374925.dd9f491a2150cb7e429e4caf5b1cd19e.1781843032181.1781843032181.1781843032181.1&__hssc=209374925.1.1781843032181&__hsfp=754f769d5c6cb91903196b3d8be0efce
airbyte.com,none,,,https://airbyte.com/login,https://airbyte.com/login
airslate.com,none,,,https://airslate.com/login,https://my.altaflow.com/login
akinon.com,none,,,https://akinon.com/login,https://akinon.com/login
aleva-neuro.com,none,,,https://aleva-neuro.com/login,https://aleva-neuro.com/login/
aljothen.com,none,,,https://aljothen.com/login,https://aljothen.com/login
allium.so,none,,,https://app.allium.so/,https://app.allium.so/terminal/payments/key-metrics
agworld.com,none,,,https://agworld.com/signin,https://www.agworld.com/us/signin
airfocus.io,none,,,https://app.airfocus.com/login,https://auth.airfocus.com/login
airwallex.com,none,,,https://www.airwallex.com/app/login?region=row,https://www.airwallex.com/app/login?region=row
akk.io,none,,,https://app.akkio.com/,https://app.akkio.com/login
algomerchant.com,none,,,https://algomerchant.com/login,https://algomerchant.com/wp-login.php
alkaline88.com,none,,,https://accounts.shopify.com/recovery/stores?utm_source=gurucopy&utm_medium=link&utm_campaign=Gurus,https://accounts.shopify.com/recovery/stores?utm_source=gurucopy&utm_medium=link&utm_campaign=Gurus
allo.io,microsoft,,btn:Sign in with Microsoft Sign in with Micr,https://allo.io/login,https://allo.io/login
almentor.net,none,,,https://almentor.net/login,https://almentor.net/login
alphaimpact.fi,none,,,https://app.alphaimpact.fi/login,https://app.alphaimpact.fi/login
althea.kr,none,,,,
databricks.com,microsoft,,btn:Continue with Microsoft Continue with Mi,https://login.databricks.com/?dbx_source=www&itm=main-cta-login&l=en-EN,https://login.databricks.com/?dbx_source=www&itm=main-cta-login&l=en-EN&tuuid=85560913-43b1-41c1-8f5a-fc454567c661
anaconda.com,microsoft,,btn:Microsoft,https://auth.anaconda.com/ui/login,https://auth.anaconda.com/ui/login/0bd2b219-67ea-4e01-8ebc-6f346b2d6b4e
zoom.us,microsoft,,btn:Microsoft Sign in with Microsoft,https://zoom.us/signin,https://zoom.us/signin#/login
archilogic.com,microsoft,,btn:Continue with Microsoft,https://app.archilogic.com/login,https://app.archilogic.com/login
clickup.com,generic_sso,,txt:Continue with SSO,https://app.clickup.com/login,https://app.clickup.com/login
figma.com,generic_sso,,txt:single sign-on,https://www.figma.com/login?locale=en-us,https://www.figma.com/login?locale=en-us
contentful.com,generic_sso,,txt:SSO,https://be.contentful.com/login/,https://be.contentful.com/login/
bitwarden.com,generic_sso,,txt:single sign-on,https://vault.bitwarden.com/#/login,https://vault.bitwarden.com/#/login
allthingstalk.com,none,,,https://maker.allthingstalk.com/signup,https://maker.allthingstalk.com/signup
alvarezandmarsal.com,none,,,https://alvarezandmarsal.com/login,https://alvarezandmarsal.com/login
ambrook.com,none,,,https://ambrook.com/login,https://ambrook.com/login
ampacimon.com,none,,,https://ampacimon.com/login,https://www.ampacimon.com/login
analog.com,none,,,https://analog.com/login,https://www.analog.com/en/login.html
andercore.com,none,,,https://buy.andercore.com/en/auth/choose,https://buy.andercore.com/en/auth/choose
animoto.com,none,,,https://animoto.com/log_in,https://animoto.com/log_in
antler.co,none,,,https://hub.antler.co/login,https://hub.antler.co/login
apartmentlove.com,none,,ERR:dns,,
aplazo.mx,none,,,https://aplazo.mx/login,https://aplazo.mx/blog
appcues.com,generic_sso,,txt:SSO,https://auth.appcues.com/login,https://login.appcues.com/u/login/identifier?state=hKFo2SBYT0QwTEM2MmZzeDc1eUhTc3BCSjJDZ0xSOFVodU5DS6Fur3VuaXZlcnNhbC1sb2dpbqN0aWTZIG9nM19vLVh5QTJGSnJBYjdnam5lbWljR2JPc2ZvUVNko2NpZNkgNmRsT2NnRGJRUzFSalVVSHNMSWlISlRDSUlCV0VwZ0M
appjobs.com,none,,,https://appjobs.com/login,https://www.appjobs.com/login
approveit.today,generic_sso,,"txt:continue with

SSO",https://app.approveit.today/login?_gl=1*r3u49q*_gcl_au*MTg1ODYwODM5Ni4xNzMzODUyNDY0*_ga*MTM1NTU0NDE0MS4xNzMzODUyNDY3*_ga_T20B4773MK*MTczNDQzOTAwNy4yMy4xLjE3MzQ0MzkwNjQuMy4wLjA.,https://app.approveit.today/login?_gl=1*r3u49q*_gcl_au*MTg1ODYwODM5Ni4xNzMzODUyNDY0*_ga*MTM1NTU0NDE0MS4xNzMzODUyNDY3*_ga_T20B4773MK*MTczNDQzOTAwNy4yMy4xLjE3MzQ0MzkwNjQuMy4wLjA.
apryse.com,none,,,https://apryse.com/login,https://apryse.com/login
apupabove.com,none,,,https://apupabove.com/customer_authentication/redirect?locale=en&region_country=US,https://member.apupabove.com/authentication/login?client_id=c1b9a950-d920-4c31-9ec5-ea2f50fe9497&locale=en-US&redirect_uri=%2Fauthentication%2Foauth%2Fauthorize%3Fbuyer_flags%3DeyJhbGciOiJIUzI1NiJ9.eyJpc3MiOiJsb2xhLWRvZy1mb2QubXlzaG9waWZ5LmNvbSIsImZsYWdzIjpbXSwiZXhwIjoxNzgyNDQ4Njk3LCJuYmYiOjE3ODE4NDM4OTd9.cH1eWffBTZ24Bp6SRY8MRBs0sDeVxp9-dq5KtmwttZk%26client_id%3Dc1b9a950-d920-4c31-9ec5-ea2f50fe9497%26locale%3Den-US%26nonce%3D55158070-941b-429a-98c7-4677a8378469%26redirect_uri%3Dhttps%253A%252F%252Fmember.apupabove.com%252Fcallback%26region_country%3DUS%26response_type%3Dcode%26scope%3Dopenid%2Bemail%2Bcustomer-account-api%253Afull%26state%3DhWNDVUs2LCjN2oVYbfQyQsJV&region_country=US
arbolus.com,none,,,https://community.arbolus.com,https://community.arbolus.com/login?hash=&redirect=%2F&search=
archipro.co.nz,none,,,https://archipro.co.nz/login,https://archipro.co.nz/login
arena.im,generic_sso,,txt:SSO,https://app.arena.im/auth/login,https://app.arena.im/auth/login
arionbanki.is,none,,,https://arionbanki.is/login,https://www.arionbanki.is/login
armadadelivery.com,none,,,https://merchant.armadadelivery.com/signup,https://business.armadadelivery.com/
arrenda.mx,none,,,https://arrenda.mx/login,https://ziff.com.mx/
artiox.com,none,,,https://www.artiox.com/login,https://www.artiox.com/login
asayer.io,none,,,https://app.openreplay.com/login,https://app.openreplay.com/login
asics.com,none,,,,
aspireship.com,none,,,https://members.aspireship.com/sign_in,https://members.aspireship.com/signin
astronomer.io,none,,,https://cloud.astronomer.io/,https://auth.astronomer.io/u/login/identifier?state=hKFo2SAzNnZ5VVRKelRrLThHcmU0QmdCWW1JcVVlN2N3b3JmY6Fur3VuaXZlcnNhbC1sb2dpbqN0aWTZIE5Tb1dDajU3TE9pR2psQnVtTWFBSUhETkJDX3ZmVHZqo2NpZNkgWXE5YXRZWFRlZjZ0ZVpZSlhrd2xRbDZsWHBOS2t6OHU
atlantic.money,none,,,https://app.atlantic.money/sign-in,https://app.atlantic.money/sign-in
atob.com,none,,,https://app.atob.com/?_gl=1*aaz6a5*_gcl_au*OTM3NzA4MDU4LjE3NTgyMDMxNzE.*_ga*MjAwNTY3MTMzNy4xNzM0MTA0MTQ5*_ga_Y6MGR39Y3J*czE3NjAzNTE2MzEkbzIzNCRnMSR0MTc2MDM1NzczOSRqNTEkbDAkaDA.,https://login.atob.us/u/login?state=hKFo2SBXeTJwMjB0Yl9TbDFhb2ZPRHFiOEFJNm5sWWg3ejhEcqFur3VuaXZlcnNhbC1sb2dpbqN0aWTZIHBod0tLajdHTnAwb1RTZjZqeEhlaEFIZ3Z0Nnd3N09zo2NpZNkgaGFlcGFUN083c3VGRUJ5cTZRUGR2TUREV3FxZFVtMVg
attentive.ai,none,,,https://attentive.ai/login,https://attentive.ai/login
audiomack.com,none,,,https://audiomack.com/login,https://audiomack.com/login
aumet.com,none,,,https://pulse.aumet.com/login/create-account,https://pulse.aumet.com/login/create-account
authess.com,none,,,https://authess.com/login,https://www.elsevier.com/solutions/nursing-education
automox.com,none,,,https://console.automox.com,https://console.automox.com/login
avail.app,none,,,https://avail.app/login,https://avail.app/login
averifact.com,none,,,https://averifact.com/login,https://averifact.com/login
avular.com,none,,,https://avular.com/login,https://avular.com/login
awign.com,none,,,https://awign.com/login,https://awign.com/login
axora.com,none,,ERR:dns,,
azion.com,none,,,https://console.azion.com/login,https://console.azion.com/login
babysparks.com,none,,,https://babysparks.com/login/,https://babysparks.com/login/
bagborroworsteal.com,none,,,https://bagborroworsteal.com/login,https://bagborroworsteal.com/login
banked.com,none,,,,
barix.com,none,,,https://barix.com/login,https://barix.com/login
basefood.co.jp,none,,,https://basefood.co.jp/login,https://basefood.co.jp/login
batteriesplus.com,none,,,https://batteriesplus.com/login,https://www.batteriesplus.com/login
bcasapp.com,none,,,https://portal.bcasapp.com/login,https://portal.bcasapp.com/login
beam.org,none,,,https://magicnotes.ai/login,https://magicnotes.ai/login
beatniksons.ca,none,,,https://beatniksons.ca/login,https://beatniksons.ca/login
bedbathandbeyond.com,none,,,https://bedbathandbeyond.com/login,https://www.bedbathandbeyond.com/login
beije.co,none,,,https://beije.co/login,https://beije.co/login
bensonsforbeds.co.uk,none,,,https://bensonsforbeds.co.uk/login,https://www.bensonsforbeds.co.uk/login
bespoken.io,none,,,https://dashboard.bespoken.ai/signup,https://dashboard.bespoken.ai/signup
betterpool.com,none,,,https://app.splashsports.com/sign-in,https://splashsports.com/splash-masking-service-detected
beyondidentity.com,none,,,https://beyondidentity.com/login,https://www.beyondidentity.com/login
bidmii.com,none,,,https://bidmii.com/login,https://bidmii.com/login
bike-room.com,none,,,https://bike-room.com/login,https://bike-room.com/login
billin.net,none,,,https://billin.net/login,https://app.billin.net/auth/login
bingelit.com,none,,,https://bingelit.com/signin,https://bingelit.com/signin
biospace.com,none,,,https://biospace.com/login,https://www.biospace.com/login
birdiesslippers.com,none,,ERR:dns,,
bitcoinsuisse.com,none,,,https://online.bitcoinsuisse.com/,https://online.bitcoinsuisse.com/
bitkan.com,none,,,https://bitkan.com/login,https://bitkan.com/login
bito.ai,none,,,https://alpha.bito.ai/auth/login,https://alpha.bito.ai/auth/login
bitvalex.com,none,,,https://bitvalex.com/login,https://bitvalex.com/login
blackbullion.com,none,,,https://www.blackbullion.com/login,https://www.blackbullion.com/login
blend-ai.com,none,,,https://app.blend-ai.com/,https://app.blend-ai.com/#/auth/login?returnUrl=%2Fhome
bliro.io,microsoft,,btn:Continue with Microsoft waad,https://app.bliro.io/,https://accounts.bliro.io/u/login/identifier?state=hKFo2SBJcWF0ZGRJX0N2eHI2aVRvX0RfZUhrYlNFbzZjT0pVX6Fur3VuaXZlcnNhbC1sb2dpbqN0aWTZIHZUdGt0RFNBbnFQSGM3b29GSGl0QndSR2h5c2thc3F2o2NpZNkgeHNSTWhac3BuUEVNc0RRdUVnRzVMS04yeVA1YXZiVTU
blockpit.io,none,,,https://app.blockpit.io/login,https://app.blockpit.io/login
bloobloom.com,none,,,https://bloobloom.com/login,https://bloobloom.com/us/login
bloomreach.com,none,,,https://bloomreach.com/login,https://bloomreach.com/login
blueberry-ai.com,none,,,https://blueberry-ai.com/login,https://www.blueberry-ai.com/login
almashreqbh.com,none,,,https://almashreqbh.com/login,https://almashreqbh.com/wp-login.php
alver.ch,none,,,https://alver.ch/signin,https://alver.ch/signin
amctheatres.com,none,,,https://amctheatres.com/login,https://amctheatres.com/login
ampere.co.uk,none,,,https://online.ampere.co.uk/login,https://online.ampere.co.uk/login
anaono.com,none,,,https://anaono.com/login,https://account.anaono.com/authentication/login?client_id=f1a532c8-5280-42b4-8a41-8079c3d43d4a&locale=en-US&redirect_uri=%2Fauthentication%2Foauth%2Fauthorize%3Fbuyer_flags%3DeyJhbGciOiJIUzI1NiJ9.eyJpc3MiOiJhbmFvbm8taW50aW1hdGVzLm15c2hvcGlmeS5jb20iLCJmbGFncyI6W10sImV4cCI6MTc4MjQ0ODUzOCwibmJmIjoxNzgxODQzNzM4fQ.d-rB9Ghx5znT3E4zlpASE4lOmd3Vi6FaXh_ADBfifM8%26client_id%3Df1a532c8-5280-42b4-8a41-8079c3d43d4a%26locale%3Den-US%26nonce%3D413e51d0-61c4-4b6b-8a80-81ac2c26157b%26redirect_uri%3Dhttps%253A%252F%252Faccount.anaono.com%252Fcallback%26region_country%3DUS%26response_type%3Dcode%26scope%3Dopenid%2Bemail%2Bcustomer-account-api%253Afull%26state%3DhWNDVUbVsvYKyyLruAcMa28A&region_country=US
andopen.co,none,,,https://login.andopen.co/login,https://login.andopen.co/login
ankr.com,none,,,https://ankr.com/login,https://www.ankr.com/login
anycreek.com,none,,,https://anycreek.com/login,https://anycreek.com/login
apartments.com,none,,,https://apartments.com/login,https://apartments.com/login
aplic.io,none,,,https://aplic.io/login,https://aplic.io/login
appdirect.com,none,,,https://appdirect.com/login,https://www.appdirect.com/login
appliedxl.com,none,,,https://appliedxl.com/login,https://appliedxl.com/login
appsamurai.com,none,,,https://appsamurai.com/login,https://appsamurai.com/login
apsiyon.com,none,,,https://www.apsiyon.com/account/login,https://www.apsiyon.com/account/login
aquama.ch,none,,,https://ch.aquama.com/fr/authentification,https://ch.aquama.com/fr/authentification
arcade.dev,none,,,https://arcade.dev/login,https://www.arcade.dev/login
archistar.ai,none,,,https://start.archistar.ai/,https://auth-backend.prod.au.archistar.ai/login
arenaclub.com,none,,,https://arenaclub.com/login,https://arenaclub.com/login
arize.com,generic_sso,,txt:SAML,https://app.arize.com/auth/login?redirect_uri=/,https://app.arize.com/auth/login?redirect_uri=/
armoire.style,none,,,https://armoire.style/login,https://armoire.style/login/
arrive.io,none,,,https://arrive.io/login,https://arrive.io/login
artistworks.com,none,,,https://artistworks.com/login,https://artistworks.com/login
ascend.io,none,,,https://ascend.io/login,https://www.ascend.io/login
askattest.com,none,,,https://dashboard.askattest.com/login,https://dashboard.askattest.com/login
assemble.inc,none,,,https://assemble.inc/login,https://assemble.inc/login
async.com,none,,,https://async.com/login,https://async.com/editor/login
atlasobscura.com,none,,,https://atlasobscura.com/login,https://atlasobscura.com/login
atom.com,none,,,https://atom.com/login,https://atom.com/login
atterley.com,none,,,https://atterley.com/login,https://srgia.com/
audiosocket.com,none,,,https://audiosocket.com/login,https://audiosocket.com/login
auntflow.org,none,,,https://auntflow.org/login,https://auntflow.org/login
auto11.com,none,,,https://auto11.com/login,https://auto11.com/login
automsoft.com,none,,,https://automsoft.com/login,https://www.automsoft.com/login/?v=0b3b97fa6688
avanceservices.com,none,,,https://contractors.avanceservices.com/auth/login,https://contractors.avanceservices.com/auth/login
avironactive.com,none,,,https://avironactive.com/login,https://www.avironactive.com/login/
avvo.com,none,,,https://avvo.com/login,https://www.avvo.com/login
axcient.com,microsoft,,btn:Login with Microsoft,https://partner.axcient.com/,https://auth.axcient.com/oauth2/authorize?client_id=8432fd72-c01b-4608-b3da-4aa807791196&response_type=code&redirect_uri=https%3A%2F%2Fpartner.axcient.com%2Fauth%2Fcallback&state=token%3DpeSbTjSw1vZY%26url%3D%2F&scope=openid+offline_access
axway.com,none,,,https://axway.channeltivity.com/Login,https://axway.channeltivity.com/Login
azoomee.com,none,,,https://account.azoomee.com/user/login,https://account.azoomee.com/user/login
bachans.com,none,,,https://bachans.com/a/account/login,https://bachans.com/a/account/login
baims.com,none,,,https://baims.com/login,https://app.baims.com/
bankera.com,none,,,https://auth.bankera.com/login,https://ib.bankera.com/login
barkyn.com,none,,,https://barkyn.com/login,https://barkyn.com/login
baserow.io,none,,,https://baserow.io/login,https://baserow.io/login
battlefy.com,none,,,https://battlefy.com/login,https://battlefy.com/404/default
bcause.com,none,,,https://bcause.com/login,https://bcause.com/login
beamable.com,none,,,https://portal.beamable.com/login/,https://portal.beamable.com/login/
beatport.com,none,,,https://beatport.com/login,https://beatport.com/login
beecanvas.com,microsoft,,btn:Sign in with Microsoft Sign in with Micr,https://beecanvas.com/login,https://allo.io/login
belfrysoftware.com,none,,,https://www.belfrysoftware.com/login,https://www.belfrysoftware.com/login
bentoforbusiness.com,none,,,https://onlinebanking.usbank.com/auth/login/,https://onlinebanking.usbank.com/auth/login/
betabrand.com,none,,,https://betabrand.com/login,https://www.betabrand.com/login
betterwithstoa.com,none,,,https://betterwithstoa.com/signin,https://betterwithstoa.com/signin
beyonk.com,none,,,https://beyonk.com/login,https://auth.beyonk.com/login
bidrecruit.io,none,,,https://cezannehr.com/login/,https://cezannehr.com/login/
bikeclub.com,none,,,https://bikeclub.com/login,https://bikeclub.com/login
billionminds.com,none,,,https://billionminds.com/login,https://www.billionminds.com/wp-login.php
bio-rad.com,none,,,https://bio-rad.com/login,https://www.bio-rad.com/login
biotia.io,none,,,https://portal.biotia.io/Login,https://portal.biotia.io/Login
birdseyeglobal.com,none,,,,
alphachat.ai,none,,,https://alphachat.ai/login,https://alphachat.ai/login
amaka.com,none,,,https://amaka.com/sign-in,https://amaka.com/sign-in/
amenify.com,none,,,https://amenify.com/login,https://www.amenify.com/sign-in-sign-up
amperecomputing.com,none,,,https://amperecomputing.com/login,https://amperecomputing.com/login
anchor.fm,none,,,https://anchor.fm/login,https://creators.spotify.com/pod/login
andorratelecom.ad,none,,,https://andorratelecom.ad/login,https://www.andorratelecom.ad/login
annanow.com,none,,,https://portal.annanow.com/,https://portal.annanow.com/
anyformat.ai,none,,,https://app.anyformat.ai/,https://login.anyformat.ai/u/login/identifier?state=hKFo2SBPUTF2eVlWSktRTTJyOUd2bFhrTXBDb2pGUkItSi05QaFur3VuaXZlcnNhbC1sb2dpbqN0aWTZIDhsYjBrNmZIRS1yUUlkNHhhTm5qWWlrdVRXQklQS0FPo2NpZNkgU0EwTXJ6NGp2TnpkcWhCYTRuMTR0VXdocmhVZmdIN1M
apartool.com,none,,,https://clients.apartool.com/login,https://clients.apartool.com/login
aplossoftware.com,none,,,https://aplossoftware.com/signin,https://aplossoftware.com/signin
appdynamics.com,none,,,https://www.splunk.com/api/bin/sso/logout?module=sso_logout,https://www.splunk.com/
applovin.com,none,,,https://dash.applovin.com,https://max.applovin.com/login
appsforte.com,none,,,https://helpdesk.appsforte.com,https://helpdesk.appsforte.com/
aptdeco.com,none,,,https://aptdeco.com/login,https://aptdeco.com/login
aquama.org,none,,,https://aquama.org/login,https://aquama.org/login
arcadia.io,none,,,https://arcadia.io/login,https://arcadia.io//
architect.io,none,,,https://architect.io/login,https://loopholelabs.io/architect
arenacx.com,none,,,https://arenacx.com/login,https://arenacx.com/wp-login.php
arizonaisrael.com,none,,,https://arizonaisrael.com/login,https://www.arizonaisrael.com/login
armorcode.com,none,,,https://armorcode.com/login,https://armorcode.com/login
arrived.com,none,,,https://arrived.com/login,https://arrived.com/app/login
artland.com,none,,,https://artland.com/login,https://artland.com/login
ascentfunding.com,none,,,https://bootcamp.ascentfunding.com/login,https://bootcamp.ascentfunding.com/login
askrobin.com,none,,,https://askrobin.com/login,https://mx.askrobin.com/wp-login.php
assessre.com,none,,,https://www.lightboxre.com/login/,https://www.lightboxre.com/login/
at.cafe,microsoft,,btn:Sign in with Microsoft,https://app.at.cafe,https://app.at.cafe/
atlasrfid.com,none,,,https://atlasrfid.com/login,https://www.atlasrfid.com/login
atomlearning.co.uk,none,,,https://app.atomlearning.com/public/,https://app.atomlearning.com/public/
au.dresden.vision,none,,,,
auditboard.com,none,,,https://login.auditboardapp.com,https://login.auditboardapp.com/
auracompany.com,none,,,https://my.aura.com/sign-in,https://my.aura.com/sign-in
autobound.ai,none,,,https://signalapi.autobound.ai/signup,https://signalapi.autobound.ai/signup
autopylot.io,none,,,https://autopylot.io/login,https://www.autopylot.io/wp-login.php
avantehs.com,none,,,https://avantehs.com/login,https://avantehs.com/login
avocadoguild.com,none,,,https://avocadoguild.com/signin,https://avocadoguild.com/signin
awabahng.com,none,,,,
axelar.network,none,,,https://axelar.network/login,https://www.axelar.network/login
alphadesign.ai,microsoft,,btn:Continue with Microsoft Account windowsl,https://agent.chipagents.ai/api/auth/login,https://auth.chipagents.ai/u/login?state=hKFo2SB6blNWVzFFcWw4VE8weU84VWQwOXNqcVBKZ3RXUGpFYqFur3VuaXZlcnNhbC1sb2dpbqN0aWTZIEl2NWtBaE5HVXpuT1FKVFJoRTV4MUQ1YTV1ck5EZGtuo2NpZNkgak1HR3hHaGxJUmg3T21aajVXcjI1aEFOY2FkMVFxZjE
amaka.studio,none,,,https://amaka.studio/login,https://amaka.studio/login
amenitiz.com,none,,,https://app.amenitiz.io/en/users/sign_in,https://app.amenitiz.io/en/users/sign_in
ampfutures.com,none,,,https://www.ampclientportal.com/Identity/Account/Login,https://www.ampclientportal.com/Identity/Account/Login
anchorbeverages.com,none,,,https://www.capitalteas.com/customer_authentication/redirect?locale=en&region_country=US,https://shopify.com/authentication/71465074841/login?client_id=46ecdfe3-c49b-458e-83b4-32751f84b389&locale=en-US&redirect_uri=%2Fauthentication%2F71465074841%2Foauth%2Fauthorize%3Fbuyer_flags%3DeyJhbGciOiJIUzI1NiJ9.eyJpc3MiOiIxdDdhZWgtZngubXlzaG9waWZ5LmNvbSIsImZsYWdzIjpbXSwiZXhwIjoxNzgyNDQ4NzM4LCJuYmYiOjE3ODE4NDM5Mzh9.H3TuKXmUISxHPPSed7BRrXHmQJtd1V1dx4HQRdjC0iM%26client_id%3D46ecdfe3-c49b-458e-83b4-32751f84b389%26locale%3Den-US%26nonce%3Db066764b-5b13-4130-9c51-60efaeeace40%26redirect_uri%3Dhttps%253A%252F%252Fshopify.com%252F71465074841%252Faccount%252Fcallback%26region_country%3DUS%26response_type%3Dcode%26scope%3Dopenid%2Bemail%2Bcustomer-account-api%253Afull%26state%3DhWNDVUwLqYuXvWoQSa8UJ0uf&region_country=US
angel.co,none,,,https://angel.co/login,https://wellfound.com/login
anneal.ai,generic_sso,,txt:SSO,https://anneal.ai/login,https://www.rocketeer.build/
anyone.com,none,,,https://anyone.com/login,https://anyone.com/login
aperturedata.io,none,,,https://aperturedata.io/login,https://www.aperturedata.io/login
apolitical.co,none,,,https://apolitical.co/login,https://apolitical.co/en/login
appearhere.co.uk,none,,,,
applychance.com,none,,,https://applychance.com/signin,https://applychance.com/signin
apptentive.com,none,,,https://login.alchemer.com/,https://login.alchemer.com/
aptera.us,none,,,https://aptera.us/login,https://aptera.us/login
aquasana.com,none,,,https://www.aquasana.com/sign-in,https://www.aquasana.com/sign-in
archax.com,none,,,https://ace.archax.com/?hsLang=en,https://ace.archax.com/?hsLang=en
archive.com,none,,,https://app.archive.com/signin,https://auth.archive.com/u/login/identifier?state=hKFo2SAwX2RFb0NnNTU3WW1heDJCQktDODBac3NHVlk5YTFYWaFur3VuaXZlcnNhbC1sb2dpbqN0aWTZIEViZVpqNHE5cWlXTmhxaXpxM2hlNUE1dmJGdi1mRXZEo2NpZNkgRlpRak05MGRoTTZ1RUp3MHdPeWxOaGZUUjZ4VndsdEU
arex.ar,none,,,https://arex.ar/login,https://arex.ar/login
arkadium.com,none,,,https://arkadium.com/login,https://www.arkadium.com/login/
armstrongelectricvehicles.com,none,,ERR:dns,,
arteche.com,none,,,https://arteche.com/login,https://www.arteche.com/login
artory.com,none,,,https://artory.com/login,https://www.wag-art.com/login
asee.org,none,,,https://asee.org/login,https://asee.org/login
asktia.com,none,,,https://member.asktia.com,https://member.asktia.com/r/login?redirect=%2F
assetdash.com,none,,,https://assetdash.com/login,https://moby.win/
altdrx.com,none,,,https://altdrx.com/login,https://www.altdrx.com/login
amartha.com,none,,,https://amartha.com/login,https://amartha.com/
american-giant.com,none,,,https://american-giant.com/login,https://american-giant.com/login
amtrak.com,none,,,https://amtrak.com/login,https://www.amtrak.com/login
anchore.com,none,,,https://anchore.com/login,https://anchore.com/wp-login.php
angel.com,none,,,https://angel.com/login,https://www.angel.com/login
annke.com,none,,,https://annke.com/login,https://www.annke.com/login
anyplace.com,none,,,https://anyplace.com/login,https://www.anyplace.com/login
apester.com,none,,,https://portal.apester.com/auth/login,https://portal.apester.com/auth/login
apollo.com,none,,,https://apolloid.okta.com/app/salesforce/exk6bkwoi7F60ytTD4x7/sso/saml,https://apolloid.okta.com/app/salesforce/exk6bkwoi7F60ytTD4x7/sso/saml
appearhere.nyc,none,,,https://appearhere.nyc/login,https://cair138core.com/
applysquare.com,none,,,https://applysquare.com/login,https://www.applysquare.com/login
apptest.ai,none,,,https://app.apptest.ai/login,https://app.apptest.ai/login
aptible.com,generic_sso,,txt:SSO,https://app.aptible.com/login,https://app.aptible.com/login
aquavitea.com,none,,,https://aquavitea.com/login,https://aquavitea.com/login
archera.ai,none,,,https://archera.ai/login,https://www.archera.ai/login
arcjet.com,none,,,https://app.arcjet.com/,https://app.arcjet.com/auth/signin
argentwork.com,none,,,https://argentwork.com/customer_authentication/redirect?locale=en&region_country=US,https://account.argentwork.com/authentication/login?client_id=c6e90a5a-8033-4371-abf4-c6202ce43db0&locale=en-US&redirect_uri=%2Fauthentication%2Foauth%2Fauthorize%3Fbuyer_flags%3DeyJhbGciOiJIUzI1NiJ9.eyJpc3MiOiJhcmdlbnR3b3JrLm15c2hvcGlmeS5jb20iLCJmbGFncyI6W10sImV4cCI6MTc4MjQ0OTA3NywibmJmIjoxNzgxODQ0Mjc3fQ.q6yeNcGDTdDt76U6-UEAnNA5x-UOgE_TfwF8cntxH9I%26client_id%3Dc6e90a5a-8033-4371-abf4-c6202ce43db0%26locale%3Den-US%26nonce%3D5718ad4e-3e51-42a0-a72a-55c982eaa3f5%26redirect_uri%3Dhttps%253A%252F%252Faccount.argentwork.com%252Fcallback%26region_country%3DUS%26response_type%3Dcode%26scope%3Dopenid%2Bemail%2Bcustomer-account-api%253Afull%26state%3DhWNDVVVqdBTR20QxAQsaGgK2&region_country=US
arkh.com,none,,,https://arkh.com/login,https://www.arkh.com/login
armut.com,none,,,https://auth.armut.com/login,https://auth.armut.com/login
artemest.com,none,,,https://artemest.com/login,https://artemest.com/login
artsy.net,none,,,https://artsy.net/login,https://www.artsy.net/login
aserto.com,none,,,https://aserto.com/login,https://www.aserto.com/login
asktrim.com,none,,,https://asktrim.com/login,https://www.asktrim.com/login
assetzcapital.co.uk,none,,,https://assetzcapital.co.uk/login,https://www.assetzcapital.co.uk/wp-login.php
atari.com,none,,,https://atari.com/login,https://atari.com/login
atlasworldsports.com,none,,,https://atlasworldsports.com/login,https://www.atlasworldsports.com/login
atroposhealth.com,none,,,https://portal.atroposhealth.com/order,https://atroposhealth.us.auth0.com/u/login/identifier?state=hKFo2SBoVXhPdm9FVnk3VWdQN2N2Y2JwNEg5Mzl5YWpLOGRVTqFur3VuaXZlcnNhbC1sb2dpbqN0aWTZIFIzMThOY2ZLSEhlVjZaeEI4RTlQOEktXzJzYm1qa2l3o2NpZNkgOTNobVl3Tk5JMlppN3kzako1ZXAyWHJPYVpQNFhsRGw
auddy.co,none,,,https://auddy.co/login,https://auddy.com/login/
augmedix.com,none,,,https://ee-portal.augmedix.com/,https://ee-portal.augmedix.com/
auricoin.org,none,,,https://auricoin.org/login,https://www.electrolysisbysiobhan.co.uk/
autodesk.com,none,,,https://autodesk.com/login,https://www.autodesk.com/login
autotelic.com,none,,,https://autotelic.com/login,https://autotelic.com/login
avatarin.com,none,,,https://avatarin.com/login,https://avatarin.com/login
avomd.io,none,,,https://avomd.io/login,https://www.avomd.com/login
awakens.co,none,,,https://genomelink.io/login/,https://genomelink.io/login/
axlepayments.com,none,,,https://axlepayments.com/login,https://www.axlepayments.com/login
az-ewallet.com,none,,,https://az-ewallet.com/login,https://azewallet.com/en
babylist.com,none,,,https://babylist.com/login,https://www.babylist.com/login
backtotheroots.com,none,,,https://backtotheroots.com/login,https://backtotheroots.com/login
bakitbox.com,none,,,https://bakitbox.com/login,https://www.bakitbox.com/login
bankonloop.com,none,,,https://app.bankonloop.com/signin,https://app.bankonloop.com/signin
barqo.nl,none,,,https://barqo.nl/login,https://barqo.co/en
basicops.com,none,,,https://app.basicops.com/launch,https://app.basicops.com/launch
bauplanlabs.com,none,,,https://accounts.bauplanlabs.com/sign-in,https://accounts.bauplanlabs.com/sign-in
bdcom-ing.com,none,,,https://www.bdcom-ing.com/author/admin/,https://www.bdcom-ing.com/author/admin/
beanfieldssnacks.com,none,,,https://nt.novaninja.com/,https://nt.novaninja.com/
beautiful.ai,none,,,https://beautiful.ai/login,https://www.beautiful.ai/login
beeline.am,none,,,https://beeline.am/login,https://beeline.am/login
benchling.com,none,,,https://benchling.com/signin/welcome,https://benchling.com/signin/welcome
bepro11.com,none,,,https://bepro11.com/login,https://bepro.ai/login
better-notyounger.com,none,,,https://better-notyounger.com/login,https://better-notyounger.com/login
bevylabs.com,none,,,https://bevylabs.com/login,https://bevylabs.com/login
bi.go.id,none,,,https://bi.go.id/login,https://www.bi.go.id/id/e404.aspx
bigblueswimschool.com,none,,,https://app.bigblueswimschool.com,https://app.bigblueswimschool.com/login
bilbayt.com,none,,,https://bilbayt.com/login,https://bilbayt.com/
biltrewards.com,none,,,https://biltrewards.com/login,https://www.bilt.com/login/phone
biognosys.com,none,,,,
alter.com,none,,,https://alter.com/login,https://alter.com/login
amaze.co,none,,,https://amaze.co/login,https://www.amaze.co/login
americanunagi.com,none,,,https://americanunagi.com/login,https://americanunagi.com/login
amuse.io,none,,,https://artist.amuse.io/#/?,https://artist.amuse.io/
and.co,none,,,https://and.co/login,https://www.fiverr.com/login
angelink.com,none,,,https://angelink.com/login,https://angelink.com/login
anotherblock.io,none,,,https://anotherblock.io/login,https://anotherblock.io/login
anything.world,none,,,https://app.anything.world/login,https://app.anything.world/login
apfusion.com,none,,,https://apfusion.com/login,https://apfusion.com/login
apono.io,microsoft,,btn:Microsoft continue with microsoft,https://app.apono.io/account/login,https://app.apono.io/account/login
appewa.com,none,,,https://appewa.com/auth,https://appewa.com/auth/
appmagic.rocks,none,,,https://appmagic.rocks/login,https://appmagic.rocks/login
apptopia.com,none,,,https://apptopia.com/users/sign_in,https://apptopia.com/users/sign_in
aptiv.com,none,,,https://www.aptiv.com/en/user/login?ReturnUrl=https%3A%2F%2Fwww.aptiv.com%2F,https://www.aptiv.com/en/user/login?ReturnUrl=https%3A%2F%2Fwww.aptiv.com%2F
aquis.com,none,,,https://aquis.com/login,https://aquis.com/password
archetype.co,none,,,https://archetype.co/login,https://www.archetype.co/login
arcol.io,none,,,https://arcol.io/login,https://arcol.io/login
argil.ai,none,,,https://app.argil.ai/sign,https://app.argil.ai/auth/sign
arkynstudios.com,none,,,https://arkynstudios.com/login,https://arkynstudios.com/login
arnergy.com,none,,,https://arnergy.com/login,https://www.arnergy.com/login
artessere.com,none,,,https://artessere.com/login,https://artessere.com/
aryeo.com,none,,,https://aryeo.com/login,https://app.aryeo.com/login
ashford.com,none,,,https://ashford.com/login,https://www.ashford.com/login
askui.com,none,,,https://askui.com/login,https://www.askui.com/login
assignar.com,none,,,https://dashboard.assignar.com/login?next=/,https://dashboard.assignar.com/login?next=/
athlytic.io,none,,,https://app.athlytic.io/login,https://app.athlytic.io/login
atlys.com,none,,,https://atlys.com/login,https://www.atlys.com/login
attaindata.io,none,,,https://platform.attaindata.ai/login?utm_source=attain_marketing_site&utm_medium=web&utm_campaign=login,https://auth.attaindata.ai/u/login?state=hKFo2SBncjV5RE9WVWphTHQxWDRTblZZZEdvYUtYaFhDckNIS6Fur3VuaXZlcnNhbC1sb2dpbqN0aWTZIFBBRC1vX00wVDdWLWt2VlhBREpVdVZFTEV0Mm1YNnF0o2NpZNkgYVBmcllHemF0czJZNG96bm4yZmowdVBUNWZJejZQeDg
audiam.com,none,,,https://app.audiam.com/accounts/login/,https://app.audiam.com/accounts/login/
augustinusbader.com,none,,,https://augustinusbader.com/us/en/customer/account/index/,https://augustinusbader.com/us/en/customer/account/login/
autarc.energy,none,,,https://app2.autarc.energy/auth,https://app2.autarc.energy/auth
autohaulerexchange.com,none,,,https://marketplace.autohaulerexchange.com/login,https://marketplace.autohaulerexchange.com/login
autozen.com,none,,,https://saas.autozen.com,https://saas.autozen.com/login
avecdrinks.com,none,,,https://avecdrinks.com/login,https://avecdrinks.com/login
avoplc.com,none,,,https://avoplc.com/login,https://avoplc.com/login
awarego.com,none,,,https://lms.awarego.com/auth/signin/,https://lms.awarego.com/auth/signin/
axletravel.com,none,,,https://axletravel.com/login,https://axletravel.com/login
azafinance.com,none,,,https://account.azafinance.com/signin,https://account.azafinance.com/signin
babyliveadvice.com,none,,,https://babyliveadvice.com/login,https://babyliveadvice.com/login
backtrace.io,none,,,https://backtrace.io/login,https://backtrace.io/login
banco.com.sg,none,,,https://banco.com.sg/login,https://banco.com.sg/login
bankwithprofit.com,none,,,,
barracuda.com,none,,,https://login.barracudanetworks.com/auth/login/,https://sso.barracuda.com/u/login/identifier?state=hKFo2SBOblJWRDVSbW8wS3hSQWxFZFJTNGRfY3paUElRYXJYN6Fur3VuaXZlcnNhbC1sb2dpbqN0aWTZIFBTMEt6Qmt4b0F5eEc3VnJna3ktRTRpLVBoemljMjdoo2NpZNkgQk1yY2JuRWdkS3BkSjZRWGVjN0hiRHdlTkpMUW1MSUk
basma.com,none,,,https://basma.com/login,https://basma.com/en/login
bazze.io,none,,,https://bazze.io/login,https://login.bazze.io/u/login?state=hKFo2SBCRGxyZTVpaVFtZjVycXYzZkJnZDVlMEx0QlIzV1U0VKFur3VuaXZlcnNhbC1sb2dpbqN0aWTZIDgtRFkzSjhReDBTUjR0a3BIbHZreHhKTmhlM1NIeWh5o2NpZNkgSVFyRzU4MGJFMHFTNm9RV1RMWG01bk1FY2MyN2RmV1o
beacon.co.uk,none,,,https://beacon.co.uk/login,https://beacon.co.uk/login
beat81.com,none,,,https://app.beat81.com/de/login,https://app.beat81.com/de/login
beautster.com,none,,,https://beautster.com/login,https://beautster.com/login
beelivery.com,none,,,https://beelivery.com/login,https://www.beelivery.com/Error?aspxerrorpath=/login.aspx
benchmarkemail.com,none,,,https://benchmarkemail.com/login,https://ui.benchmarkemail.com/login
bergencarbonsolutions.com,none,,,https://bergencarbonsolutions.com/login,https://bergencarbonsolutions.com/login
betterandbetter.com,none,,,https://betterandbetter.com/login,https://www.betterandbetter.com/login
bevz.com,none,,,https://bevz.com/login,https://www.bevz.com/login
bibliu.com,none,,,https://bibliu.com/app/#/signinPage,https://bibliu.com/app/#/signinPage
bigcommerce.com,generic_sso,,txt:SSO,https://bigcommerce.com/login,https://login.bigcommerce.com/login
biletall.com,none,,,https://biletall.com/login,https://www.biletall.com/
bimdl.com,none,,,https://bimdl.com/login,https://bimdl.com/login
biorce.com,none,,,,
altumsequencing.com,none,,,https://altumsequencing.com/login,https://www.altumsequencing.com/login
amazingco.me,none,,,https://amazingco.me/login,https://www.amazingco.me/members/login
amnistreasury.ch,none,,,https://app.amnistreasury.com/login?language=en,https://app.amnistreasury.com/login?language=en
amway.com,none,,,https://amway.com/login,https://www.amway.com/login
andapt.com,none,,,https://andapt.com/login,https://andapt.com/login
angie.ai,none,,,https://portal.nomadix.com/user/login,https://portal.nomadix.com/user/login
ansiblelabs.xyz,none,,,https://app.moderntreasury.com/login,https://auth.moderntreasury.com/login?state=hKFo2SAxc1I3MVVVbmZadHM0cXhvQUUzWGZYOUdvdF9jTW1lQ6FupWxvZ2luo3RpZNkgYnEyTHVQTkJNbWpoNkg3cDhBQzNSVm8xX2RqWnM4TjmjY2lk2SBJZEF4QkRrWHhlcWNlM01tU2ptTlF6VDdtS0p4MnlHNw&client=IdAxBDkXxeqce3MmSjmNQzT7mKJx2yG7&protocol=oauth2&leeway=60&nonce=8e1bdcef85f43202d1dacfc0c38787ee&redirect_uri=https%3A%2F%2Fapp.moderntreasury.com%2Fauth%2Fauth0%2Fcallback&response_type=code&scope=openid%20email%20profile
anytime-ai.com,none,,,https://enterprise.anytimeai.ai/auth/amplify/login/,https://enterprise.anytimeai.ai/auth/amplify/login/
api3.org,none,,,https://api3.org/login,https://api3.org/login
aporia.com,none,,,https://aporia.com/login,https://www.aporia.com/
appfollow.io,generic_sso,,txt:Continue with SSO,https://watch.appfollow.io,https://watch.appfollow.io/login
appodealstack.com,none,,,https://app.appodeal.com/signup,https://app.appodeal.com/signup
apptweak.com,generic_sso,,txt:Single Sign-On,https://app.apptweak.com/users/sign_in?locale=en,https://app.apptweak.com/users/sign_in?locale=en
aptlearn.io,none,,,https://aptlearn.io/studentlogin/,https://aptlearn.io/studentlogin/
aradolu.com,none,,,https://aradolu.com/login,https://www.aradolu.com/login
archetype.dev,none,,,https://archetype.dev/signin,https://archetype.dev/signin
arcweave.com,none,,,https://arcweave.com/login,https://arcweave.com/login
argon-ai.com,none,,,https://app.argon-ai.com,https://app.argon-ai.com/sign-in?redirect_url=https%3A%2F%2Fapp.argon-ai.com%2F
arloid.com,none,,,https://arloid.com/login,https://arloid.com/login
arnica.io,generic_sso,,txt:SSO,https://app.arnica.io/#/login?signup=true,https://app.arnica.io/#/login?signup=true
artfulhome.com,none,,,https://artfulhome.com/login,https://www.artfulhome.com/login
arzooo.com,none,,,https://arzooo.com/login,https://www.arzooo.com/login
ashoc.com,none,,,https://ashoc.com/login,https://www.drinkaccelerator.com/login
askyourui.com,none,,ERR:dns,,
assistivlabs.com,none,,,https://assistivlabs.com/login,https://assistivlabs.com/login
atinary.com,none,,,https://atinary.com/login,https://atinary.com/wp-login.php
atm.com,none,,,https://atm.com/sign-up,https://app.atm.com/auth/register
attainoutcomes.com,none,,,https://platform.attaindata.ai/login?utm_source=attain_marketing_site&utm_medium=web&utm_campaign=login,https://auth.attaindata.ai/u/login?state=hKFo2SBaZnVEME1GcGc3OVhPcExnbU1Dd0M0WUZQcXNGTFdJZ6Fur3VuaXZlcnNhbC1sb2dpbqN0aWTZIHljdmdmVENZMWx2VFlkU2lVS0xMMmc3UTJSMC0ybWVko2NpZNkgYVBmcllHemF0czJZNG96bm4yZmowdVBUNWZJejZQeDg
audiencerepublic.com,none,,,https://app.audiencerepublic.com,https://app.audiencerepublic.com/authenticate/login
augxlabs.com,none,,,https://augxlabs.com/login,https://augie.studio/login
autenti.com,none,,,https://account.autenti.com/?lang=en,https://account.autenti.com/login
autolevi.com,none,,,https://autolevi.com/log-in/?return_to=/,https://autolevi.com/log-in/?return_to=/
autzu.com,none,,,https://autzu.com/login,https://autzu.com/login
avenue.us,none,,,https://avenue-app.onelink.me/rhxA/home?utm_source=web_site_home__sign-up_organic,https://pit.avenue.us/register/invitation?source_caller=ui&utm_source=site_pagina_home&c=pagina_home&pid=Site_Institucional&af_xp=custom&af_channel=site_pagina_home&shortlink=home
avora.com,none,,,https://www.atom.com/login,https://www.atom.com/login
aweinspired.com,none,,,https://aweinspired.com/login,https://aweinspired.com/login
axoflow.com,none,,,https://login.axoflow.io/,https://login.axoflow.io/
azarus.io,none,,,https://azarus.io/login,https://www.google.com/sorry/index?continue=https://www.youtube.com/watch%3Fv%3DWnrSvVQM-Fw&q=EhD9o-ciCsPMAAEdYnUKAgUVGJyU09EGIjB5tj9LPRYBMNu4GiD_cXaiKcxQc-3cDXhezCzjKJSrGDcYk7ejmz_Ks_OX1h5qeIUyAnJSWgFD
babymori.com,none,,,https://babymori.com/customer_authentication/redirect?locale=en&region_country=GB,https://shopify.com/authentication/6726617/login?client_id=1348e4e6-a2fe-4a23-8e4d-d1805db2cf81&locale=en-GB&redirect_uri=%2Fauthentication%2F6726617%2Foauth%2Fauthorize%3Fbuyer_flags%3DeyJhbGciOiJIUzI1NiJ9.eyJpc3MiOiJiYWJ5bW9yaS5teXNob3BpZnkuY29tIiwiZmxhZ3MiOltdLCJleHAiOjE3ODI0NDkzMzUsIm5iZiI6MTc4MTg0NDUzNX0.qhsBbUIDMeS40hUsK_qsG0-WqKXn20C2Y6gHhKw3hrg%26client_id%3D1348e4e6-a2fe-4a23-8e4d-d1805db2cf81%26locale%3Den-GB%26nonce%3Df2ae67dd-4556-4e64-abfa-54fd4ab64dd7%26redirect_uri%3Dhttps%253A%252F%252Fshopify.com%252F6726617%252Faccount%252Fcallback%26region_country%3DGB%26response_type%3Dcode%26scope%3Dopenid%2Bemail%2Bcustomer-account-api%253Afull%26state%3DhWNDVVwprX0KLQZEttsgbcd4&region_country=GB
bacon.work,none,,,https://app.bacon.work,https://app.bacon.work/login
bandlab.com,none,,,https://bandlab.com/login,https://accounts.bandlab.com/login?ReturnUrl=https%3A%2F%2Faccounts.bandlab.com%2Foauth%2Fconnect%2Fauthorize%2Fcallback%3Fclient_id%3Dbandlab_web%26scope%3Dopenid%2520profile%2520email%2520linked_accounts%2520offline_access%26response_type%3Dcode%26response_mode%3Dfragment%26redirect_uri%3Dhttps%253A%252F%252Fwww.bandlab.com%252Fauth%252Fbandlab%252Fcallback%26nonce%3Dq91g0acaz6
bareknuckle.tv,none,,,https://bareknuckle.tv/login,https://bareknuckle.tv/login
bartesian.com,none,,,https://bartesian.com/login,https://bartesian.com/login
batch.sh,none,,,https://batch.sh/signin,https://batch.sh/signin
bb.ca,none,,,https://bb.ca/login,https://bb.ca/login
beacon.com,none,,,https://app.beacon.com/account/signin,https://app.beacon.com/
beatbread.com,none,,,https://portal.beatbread.com/sign-in,https://portal.beatbread.com/sign-in
beautybakerie.com,none,,,https://beautybakerie.com/login,https://www.beautybakerie.com/login
beetsandroots.de,none,,,https://beetsandroots.de/login,https://www.beetsandroots.de/login
benchsci.com,none,,,https://emet.benchsci.com/,https://id.summit.benchsci.com/login?state=hKFo2SAtNmpweEVFS2FGVzVLMVR5UjA4OS1uOVo1aXhmcGVjX6FupWxvZ2luo3RpZNkgRDJGazJ3VnBmbVpzb3luWm1fT21BYTVnTlJpdF93bmGjY2lk2SBoRFFtSGR2MWwzY0FCUDVaYjA0U3VGNHRjblF6cjRaVg&client=hDQmHdv1l3cABP5Zb04SuF4tcnQzr4ZV&protocol=oauth2&scope=openid%20profile%20email&redirect_uri=https%3A%2F%2Femet.benchsci.com%2Fauth%2Fcallback&response_type=code&code_challenge=WMsIU5DIylkiGAgo8_U51Yu5D4D-ZEgzGk6K1EQocYA&code_challenge_method=S256&nonce=sfx_6cgaULkYyJk3N0jmw9skfkdHv04Syh5AGG-rGOI
berify.io,none,,,https://dashboard.berify.io,https://dashboard.berify.io/auth/sign-in
betterlesson.com,none,,,https://betterlesson.com/login,https://betterlesson.com/.well-known/sgcaptcha/?r=%2Flogin&y=ipc:146.148.42.91:1781844999.710
bewanted.com,none,,,https://bewanted.com/login,https://en.bewanted.com/login
bidbax.no,none,,,https://bidbax.no/login,https://bankid.no/stoe-as
biglots.com,none,,,https://biglots.com/login,https://biglots.com/wp-login.php
billergenie.com,none,,,https://billergenie.com/login,https://billergenie.com/.well-known/sgcaptcha/?r=%2Flogin&y=ipc:136.113.108.52:1781845059.993
binaryx.com,none,,,https://app.binaryx.com/login,https://app.binaryx.com/login
biorender.com,microsoft,,btn:Continue with Microsoft,https://app.biorender.com/user/signin,https://app.biorender.com/user/signin
birdie.care,microsoft,,btn:Sign in via Microsoft Sign in via Micros,https://admin.birdie.care/,https://admin.birdie.care/login?redirect=%2Fcare-log
bitclass.live,none,,,https://bitclass.live/login,https://bitclass.live/login
bitfount.com,none,,,https://bitfount.com/login,https://hub.bitfount.com/login
bitnob.com,none,,,https://bitnob.com/login,https://bitnob.com/login
bitstamp.net,none,,,https://bitstamp.net/login,https://www.bitstamp.net/login
bizzit.ai,none,,,https://bizzit.ai/login,https://bizzit.ai/auth/signin
bldup.com,none,,,https://bldup.com/login,https://www.bldup.com/login
blinq.me,none,,,https://dash.blinq.me/onboarding/customize-card?ref_platform=webflow&ref_path=%2F&ref_cta=create_my_card&source=onboarding&ref_platform=webflow&ref_path=%2F,https://dash.blinq.me/onboarding/customize-card?ref_platform=webflow&ref_path=%2F&ref_cta=create_my_card&source=onboarding&ref_platform=webflow&ref_path=%2F
blocklancer.net,none,,,https://blocklancer.net/login,https://blocklancer.net/login
blokid.com,none,,,https://app.vaudit.com/v2/login,https://app.vaudit.com/v2/login
bloomfilter.ai,none,,,https://run.bloomfilter.app/,https://run.bloomfilter.app/
blowhorn.net,none,,,https://blowhorn.net/login,https://blowhorn.net/login
bluehill.coffee,none,,,https://artly.coffee/customer_authentication/redirect?locale=en&region_country=US,https://shopify.com/authentication/65124892911/login?client_id=0d14b5ef-3ea7-413b-a828-e5d2d2458b9f&locale=en-US&redirect_uri=%2Fauthentication%2F65124892911%2Foauth%2Fauthorize%3Fbuyer_flags%3DeyJhbGciOiJIUzI1NiJ9.eyJpc3MiOiJoZWFkd29yZC1mMTdjLm15c2hvcGlmeS5jb20iLCJmbGFncyI6W10sImV4cCI6MTc4MjQ1MDIyMSwibmJmIjoxNzgxODQ1NDIxfQ.Ntazi8fw61Vz0bgaX1XC_p1ygLVcQ-n05-vouablg3c%26client_id%3D0d14b5ef-3ea7-413b-a828-e5d2d2458b9f%26locale%3Den-US%26nonce%3D222f5068-1eca-4219-8965-b70df77e75e7%26redirect_uri%3Dhttps%253A%252F%252Fshopify.com%252F65124892911%252Faccount%252Fcallback%26region_country%3DUS%26response_type%3Dcode%26scope%3Dopenid%2Bemail%2Bcustomer-account-api%253Afull%26state%3DhWNDVXRdSh8Kz7vBNFuvrIu1&region_country=US
blueprism.com,none,,,https://portal.blueprism.com/user/login?destination=/,https://portal.blueprism.com/user/login?destination=/
alturos.com,none,,,https://alturos.com/login,https://www.alturos.com/wp-login.php
amazon.com,none,,,https://www.amazon.com/ap/signin?openid.return_to=https%3A%2F%2Fwww.amazon.com%2F%3Fref_%3Dnav_ya_signin&openid.identity=http%3A%2F%2Fspecs.openid.net%2Fauth%2F2.0%2Fidentifier_select&openid.assoc_handle=usflex&openid.mode=checkid_setup&openid.claimed_id=http%3A%2F%2Fspecs.openid.net%2Fauth%2F2.0%2Fidentifier_select&openid.ns=http%3A%2F%2Fspecs.openid.net%2Fauth%2F2.0,https://www.amazon.com/ap/signin?openid.return_to=https%3A%2F%2Fwww.amazon.com%2F%3Fref_%3Dnav_ya_signin&openid.identity=http%3A%2F%2Fspecs.openid.net%2Fauth%2F2.0%2Fidentifier_select&openid.assoc_handle=usflex&openid.mode=checkid_setup&openid.claimed_id=http%3A%2F%2Fspecs.openid.net%2Fauth%2F2.0%2Fidentifier_select&openid.ns=http%3A%2F%2Fspecs.openid.net%2Fauth%2F2.0
amorsuiclothing.com,none,,,https://assetampmio.com/amp-uranium-predictions/,https://assetampmio.com/amp-uranium-predictions/
anagramsecurity.com,generic_sso,,txt:SIGN IN WITH SSO,https://app.anagramsecurity.com/login,https://app.anagramsecurity.com/login
andela.com,none,,,https://client.andela.com/sign-in,https://client.andela.com/sign-in
animaapp.com,generic_sso,,txt:Continue with SSO,https://projects.animaapp.com/login?redirect=https%3A%2F%2Fdev.animaapp.com%2F&platform=dev-anima&passOnBoarding=true,https://projects.animaapp.com/login?redirect=https%3A%2F%2Fdev.animaapp.com%2F&platform=dev-anima&passOnBoarding=true
antimetal.com,none,,,https://overlook.antimetal.com,https://overlook.antimetal.com/
apaleo.com,none,,,https://identity.apaleo.com/account/login,https://identity.apaleo.com/account/login
apideck.com,none,,,https://platform.apideck.com/api/auth/login,https://login.apideck.com/u/login?state=hKFo2SBvN1N5emItNWhxSHhfMHVlTHltak90ZXYtM2ZMT3gwZaFur3VuaXZlcnNhbC1sb2dpbqN0aWTZIFlNbmFsN3ZWZV81eGJRS2hZcnZHQ2Z5VnJuQjd5Ul9Lo2NpZNkgMFBRMDVjb1RlSWhzQkg2bVFpTDVCNFpRa3lhVGZDemc
apostrophe.com,none,,,https://apostrophe.com/login,https://apostrophe.com/login
appgyver.com,none,,,https://appgyver.com/login,https://www.sap.com/products/technology-platform/low-code-app-builder.html
appradar.com,none,,,https://start.appradar.com/,https://start.appradar.com/
aprimerose.com,none,,,https://aprimerose.com/login,https://aprimerose.com/login
aptus.ai,microsoft,,btn:Microsoft,https://next.aptus.ai/auth/login,https://next.aptus.ai/auth/login
arative.com,none,,,https://app.bancoli.com/?bcpi=f6d754c2-7785-41c3-a329-7f1e52cbb1c0,https://app.bancoli.com/auth
archform.com,none,,,https://archform.com/login,https://www.archform.com/login
arduino.cc,none,,,https://arduino.cc/login,https://www.arduino.cc/login
arhaus.com,none,,,https://business.arhaus.com/app/Order%20History/Login,https://business.arhaus.com/app/Order%20History/Login
armacell.com,none,,,https://armacell.com/login,https://www.armacell.com/login
arrcus.com,none,,,https://customerportal.arrcus.com,https://customerportal.arrcus.com/s/login/?language=en_US&ec=302&startURL=%2Fs%2F
artifact.io,none,,,https://artifact.io/login,https://artifact.io/login
asanify.com,none,,,https://secure.asanify.com/,https://secure.asanify.com/
asiainfo.com,none,,,https://login.asiainfo.com/,https://login.asiainfo.com/index/login?service=https://karagw.asiainfo.com/api/v1.0.0/eam/oauth2/code/callback/eyJjbGllbnRfaWQiOiJiNDJmNDg2MjU1ZDQ0ODAyYjIxNWZkM2JlYTg1MmUyZCIsImNsaWVudF9zZWNyZXQiOm51bGwsInJlZGlyZWN0X3VyaSI6Imh0dHBzOi8vbG9naW4uYXNpYWluZm8uY29tLyIsInNjb3BlIjoiYWxsIiwic3RhdGUiOiJvYSIsInJlc3BvbnNlX3R5cGUiOiJjb2RlIn0=
asokoinsight.com,none,,,https://asokoinsight.com/login,https://www.asokoinsight.com/404
assuredmedsupply.com,none,,,https://assuredmedsupply.com/login,https://assuredmedsupply.com/wp-login.php
atium.app,none,,,https://atium.app/login,https://atium.app/login
atmen.co,none,,,https://app.atmen.co,https://app.atmen.co/
attendify.com,none,,,,
audioeye.com,none,,,https://audioeye.com/login,https://www.audioeye.com/login
auk.industries,none,,,https://ops.auk.industries/login,https://ops.auk.industries/login
auth0.com,generic_sso,,txt:Single Sign-On,https://auth0.com/login,https://auth0.com/login
automed.io,none,,,https://automed.io/login,https://automed.io/login
avagrows.com,none,,,https://avagrows.com/login,http://www.avagrows.com/login
avepoint.com,none,,,https://account.avepoint.com/,https://account.avepoint.com/customer/SignIn?returnUrl=/pages/homepage
avrios.com,none,,,https://app.avrios.com/public/login?lang=en,https://app.avrios.com/public/login?lang=en
awfis.com,none,,,https://awfis.com/login,https://www.awfis.com/
axolbio.com,none,,,https://axolbio.com/login,https://axolbio.com/login
azibo.com,none,,,https://www.azibo.com/signup-renter,https://www.azibo.com/signup-renter
babyquip.com,none,,,https://babyquip.com/login,https://www.babyquip.com/login
bagbnb.com,none,,,https://bagbnb.com/login,https://bagbnb.com/login
bankbazaar.com,none,,,https://bankbazaar.com/login,https://bankbazaar.com/login.html
bareperformancenutrition.com,none,,,https://bareperformancenutrition.com/login,https://bareperformancenutrition.com/login
baseculture.com,none,,,https://baseculture.com/login,https://baseculture.com/login
baton.io,none,,,https://baton.io/login,https://www.baton.io/login
bbot.menu,none,,,https://bbot.menu/login,https://app.bbot.menu/login/
beacons.ai,none,,,,
ataccama.com,none,,,https://ataccama.com/login,https://auth0.ataccama.com/u/login/identifier?state=hKFo2SB1aW1iLU9laHJhYnUtcHdKYW8zc25UaHBPUExvY3l4aqFur3VuaXZlcnNhbC1sb2dpbqN0aWTZIFBhX3l3cWNvNjZieVNvQm93SG5LUnRkWmJaN3lfX2Exo2NpZNkgaXBvbXFCQm9JeEM2MjNSVVdFZVJIa2FVSjZXY3dBNGs
autobutler.dk,none,,,https://autobutler.dk/login,https://www.autobutler.dk/login
ayazona.com,none,,,https://ayazona.com/login,https://www.ayazona.com/
bainbridgegrowth.com,none,,,https://bainbridgegrowth.com/login,https://bainbridgegrowth.com/login
baseten.co,none,,,https://login.baseten.co/,https://login.baseten.co/?client_id=client_01GFS4WX73TQ4NQJPQ9EPCYQY7&redirect_uri=https%3A%2F%2Fapp.baseten.co%2Fapi%2Fauth%2Fcallback&authorization_session_id=01KVF4JNR8NEECHHNYPNJ38W6Z
beamtlc.com,none,,,https://beamtlc.com/login,https://shopbeam.com/login
beek.io,none,,,https://beek.io/login,https://beek.io/login
bentoml.com,none,,,https://cloud.bentoml.com,https://cloud.bentoml.com/
bevspot.com,none,,,https://app.bevspot.com/auth/signup,https://app.bevspot.com/auth/signup/?
bidroom.com,none,,,https://bidroom.com/login,https://bidroom.com/lander
billtrim.com,none,,,https://app.billtrim.com/a4login,https://app.billtrim.com/a4login
birch.io,none,,,https://birch.io/login,https://birch.io/login
bit.io,none,,,https://bit.io/login,https://bit.io/login
bitewell.com,none,,,https://bitewell.com/login,https://bitewell.com/login
bitmax.io,none,,,https://bitmax.io/login,https://ascendex.com/en/login
bitooda.io,microsoft,,btn:Continue with Microsoft,https://bitooda.io/login,https://bitooda.io/login
bitwiseinvestments.com,none,,,https://experts.bitwiseinvestments.com/sign-up,https://experts.bitwiseinvestments.com/sign-up
blainebox.com,none,,,https://blainebox.com/login,https://blainebox.com/login
blindpay.com,none,,,https://app.blindpay.com/sign-up,https://app.blindpay.com/sign-up/
blockchyp.com,none,,,https://blockchyp.com/login,https://blockchyp.com/login
blocktrade.com,none,,,https://blocktrade.com/login,https://blocktrade.com/login
bloomboard.com,none,,,https://my.bloomboard.com/,https://auth.bloomboard.com/auth/realms/peryton/protocol/openid-connect/auth?client_id=cathedral&redirect_uri=https%3A%2F%2Fmy.bloomboard.com%2F&state=be27afe4-d800-4668-81c1-6cc6818948af&response_mode=fragment&response_type=code&scope=openid&nonce=ece408b6-03f1-4a15-93c9-0f5ab4a78d0e&code_challenge=s72DL-OIM5cIbLxx6g6mBzmsBuK6MrqHiMv91vXTy5Q&code_challenge_method=S256
blossomsocial.ca,none,,,https://blossomsocial.ca/login,https://blossomsocial.ca/login
bluecargo.io,none,,,https://erl.bluecargo.io/signin,https://erl.bluecargo.io/signin
bluemountainlodges.ca,none,,,https://owners.vacasa.com/login,https://accounts.vacasa.io/login?next=/authorize%3Fdirectory_hint%3Demail%26owner_migration_needed%3Dtrue%26client_id%3DKOIkAJP9XW7ZpTXwRa0B7O4qMuXSQ3p4BKFfTPhr%26response_type%3Dtoken%2Bid_token%26redirect_uri%3Dhttps%3A//owners.vacasa.com%26scope%3Downers%253Aread%2520employees%253Aread%26audience%3Downer.vacasa.io%26state%3Dc2491328-811e-4007-9c6c-340f463d59da%26nonce%3D73953759-193e-4203-b0da-aac0d3313f3d%26mode%3Downer
blueskyscrubs.com,none,,,https://blueskyscrubs.com/login,https://blueskyscrubs.com/login
blynk.cc,none,,,https://blynk.cloud/dashboard/login,https://blynk.cloud/dashboard/login
boat-lifestyle.com,none,,,https://boat-lifestyle.com/login,https://www.boat-lifestyle.com/login
bodhala.com,none,,,https://www.onit.com/legal-ops-insider-sign-up/,https://www.onit.com/legal-ops-insider-sign-up/
boldvoice.com,none,,,https://start.boldvoice.com/login,https://start.boldvoice.com/login
boncoffee.store,none,,,https://boncoffee.store/login,https://boncoffee.store/login
bonehealthtech.com,none,,,https://app.osteoboost.com/order/login,https://app.osteoboost.com/order/login
bookkeep.co,none,,,https://bookkeep.co/login,https://bookkeep.co/login
bookpebble.co.uk,none,,,https://bookpebble.co.uk/login,https://bookpebble.co.uk/login
boombox.io,none,,,https://app.boombox.io/login?signup=true&&&&,https://app.boombox.io/login?signup=true&&&&
boosteroid.com,none,,,https://cloud.boosteroid.com,https://cloud.boosteroid.com/auth/start
botcopy.com,none,,,https://botcopy.com/login,https://www.botcopy.com/login
boutiquemuscat.com,none,,,https://boutiquemuscat.com/login,https://boutiquemuscat.com/login
br.iq,none,,,https://ag.briq.ai,https://ag.briq.ai/auth?returnTo=%2F
brale.xyz,none,,,https://app.brale.xyz,https://app.brale.xyz/login
brandyourself.com,none,,,https://brandyourself.com/login,https://brandyourself.com/login
bravosierra.com,none,,,https://bravosierra.com/login,https://www.bravosierra.com/login
brenger.nl,none,,,https://driver.brenger.nl/login,https://driver.brenger.nl/login
brickx.com,none,,,https://brickx.com/login,https://www.brickx.com/login
brightline.com,none,,,https://brightline.com/login,https://www.brightline.com/login/
brimfinancial.com,none,,,https://brimfinancial.com/webportal/login,https://brimfinancial.com/webportal/login
browze.com,none,,,https://browze.com/login,https://browze.com/login
btse.com,none,,,https://btse.com/login,https://www.btse.com/en/login
budibase.com,microsoft,,btn:Continue with Microsoft,https://account.budibase.app/auth/login,https://account.budibase.app/auth/login
buildblock.io,none,,,https://buildblock.io/login,https://buildblock.io/en/login
buildout.com,none,,,https://buildout.com/prospect/login?,https://buildout.com/prospect/login?
bulbapp.com,microsoft,yes,net:msftauth.net,https://bulbapp.com/login,https://www.bulbapp.com/login
bunnystudio.com,none,,,https://bunnystudio.com/login,https://bunnystudio.com/login/
burpple.com,none,,,https://burpple.com/login,https://burpple.com/login
busha.co,none,,,https://dash.busha.io/login?continue=%2F,https://app.busha.io/login
butterflymx.com,none,,,https://butterflymx.com/login/,https://butterflymx.com/login/
bydesign.io,microsoft,,btn:Sign up Microsoft Microsoft,https://app.bydesign.io/links/welcome,https://app.bydesign.io/welcome
caarly.com,none,,,,
cakap.com,none,,,https://student.cakap.com/login/register/,https://student.cakap.com/login/register
calliaflowers.com,none,,,https://calliaflowers.com/login,https://calliaflowers.com/login
cammy.com,none,,ERR:dns,,
canadadrives.ca,none,,,https://canadadrives.ca/login,https://www.canadadrives.ca/
capdesk.com,none,,,https://www.app.europe.carta.com/select_product/,https://www.app.europe.carta.com/select_product/
caplinked.com,none,,,https://secure.caplinked.com/users/sign-in,https://secure.caplinked.com/users/sign-in
captiv8.io,none,,,https://captiv8.io/insights/signin,https://captiv8.io/auth/signin
caratsandcake.com,none,,,https://caratsandcake.com/login,https://caratsandcake.com/login
carbonlighthouse.com,none,,,https://app.carbonlighthouse.com/accounts/login/,https://app.centinelre.com/accounts/login/
care.club,none,,ERR:dns,,
caresource.com,none,,,https://caresource.com/login,https://mycaresource.com/
cargox.io,none,,,https://cargox.digital/login,https://cargox.digital/login
carolsdaughter.com,none,,,https://carolsdaughter.com/login,https://carolsdaughter.com/login
carta.com,none,,,https://login.app.carta.com/credentials/login/?utm_source=direct,https://login.app.carta.com/credentials/login/?utm_source=direct
casava.co,none,,,https://insurance.casava.co/auth/login/,https://insurance.casava.co/auth/login/
cashaa.com,none,,,https://cashaa.com/login,https://cashaa.com/login
castle.io,generic_sso,,txt:Sign in with SSO,https://dashboard.castle.io/login,https://dashboard.castle.io/login
catalinacrunch.com,none,,,https://catalinacrunch.com/login,https://us.catalinacrunch.com/login
causeiq.com,none,,,https://causeiq.com/login,https://www.causeiq.com/login/
cbtec.com,none,,,https://cbtec.com/login,https://svc.moxiworks.com/service/v1/auth/agent_jwt?company_uuid=3932947&redirect_url=https%3A%2F%2Fsvc.cbmoxi.com%2Fservice%2Fv1%2Fauth%2Fsessions%2Fjwe_return%3Fredirect_url%3Dhttps%253A%252F%252Fsvc.cbmoxi.com%252Fservice%252Fv1%252Fauth%252Fintranet_sessions%252Fagent_site%253Flogin_domain%253Dcbtec.com
ceipal.com,none,,,https://portal.procurewise.com/vmsweb/login/weblogin,https://portal.procurewise.com/vmsweb/login/weblogin
ceneo.pl,none,,,https://ceneo.pl/login,https://www.ceneo.pl/login
cequens.com,none,,,https://console.cequens.com/login,https://console.cequens.com/login
cesium.com,none,,,https://ion.cesium.com/signin/?redirect=https%3A%2F%2Fcesium.com%2F,https://ion.cesium.com/signin/?redirect=https%3A%2F%2Fcesium.com%2F
challengermode.com,none,,,https://challengermode.com/login,https://www.challengermode.com/login
chaosgenius.io,generic_sso,,txt:Sign in with SSO,https://app.flexera.com/login,https://app.flexera.com/login
chargifi.com,none,,,https://chargifi.com/login,https://chargifi.com/login
chartahealth.com,none,,,https://accounts.chartahealth.com/sign-in?redirect_url=https%3A%2F%2Fapp.chartahealth.com%2F%3F_gl%3D1*7528nm*_gcl_au*MTc3NDE5MTUxNS4xNzcyMjExNzk3,https://accounts.chartahealth.com/sign-in?redirect_url=https%3A%2F%2Fapp.chartahealth.com%2F%3F_gl%3D1*7528nm*_gcl_au*MTc3NDE5MTUxNS4xNzcyMjExNzk3
chattermill.io,none,,,https://app.chattermill.com/,https://app.chattermill.com/
checkyeti.com,none,,,https://checkyeti.com/signin,https://checkyeti.com/signin
chekin.com,none,,,https://chekin.com/en/onboarding/login/,https://chekin.com/en/onboarding/login/
chexy.co,none,,,https://chexy.co/login,https://chexy.co/login
chloris.earth,none,,,https://app.chloris.earth,https://app.chloris.earth/
chpter.co,none,,,https://chpter.co/login,https://chpter.co/login
cimpress.com,none,,,https://cimpress.com/author/latebloomercreative/,https://cimpress.com/
circleci.com,none,,,https://app.circleci.com/login,https://app.circleci.com/login
citybldr.com,none,,ERR:dns,,
clafiya.com,none,,,https://my.clafiya.com/auth/login,https://my.clafiya.com/auth/login
clarius.com,none,,,https://cloud.clarius.com/login/,https://cloud.clarius.com/login/
classum.com,none,,,https://classum.com/login,https://www.classum.com/welcome/signIn?sign-in-funnel.step=code
cleancoders.com,none,,,https://cleancoders.com/login,https://cleancoders.com/signin
cleardekho.com,none,,,https://cleardekho.com/login,https://cleardekho.com/wp-login.php
clicdata.com,none,,,https://clicdata.com/login,https://www.clicdata.com/wp-login.php
climatetrade.com,none,,,https://climatetrade.com/login,https://climatetrade.com/login
clipr.ai,none,,,https://app.clipr.ai/signin,https://app.clipr.ai/signin
closer.app,none,,,https://closer.app/dashboard/login,https://closer.app/dashboard/login
clouddentistry.com,none,,,https://clouddentistry.com/login,https://www.clouddentistry.com/login
cloudrupt.com,none,,,https://cloudrupt.com/login,https://forsale.godaddy.com/forsale/cloudrupt.com?utm_source=TDFS_BINNS2&utm_medium=parkedpages&utm_campaign=x_corp_tdfs-binns2_base&traffic_type=TDFS_BINNS2&traffic_id=binns2&
cloudwaterbrands.com,none,,,https://cloudwaterbrands.com/login,https://cloudwaterbrands.com/password
clovia.com,none,,,https://clovia.com/login,https://www.clovia.com/login/
cluely.com,none,,,https://cluely.com/login,https://v2.cluely.com/sign-in
cmrad.com,none,,,https://cmrad.com/login,https://www.cmrad.com/
coassemble.com,none,,,https://coassemble.com/login,https://coassemble.com/login
cococart.co,none,,,https://cococart.co/admin,https://cococart.co/login
codacy.com,none,,,https://www.codacy.com/login,https://www.codacy.com/login
coderstrust.com,none,,,https://coderstrust.com/login,https://coderstrust.com/login
codio.com,none,,,https://codio.com/login,https://codio.com/p/login?nextPath=/login
cogoport.com,none,,,https://cogoport.com/login,https://www.cogoport.com/en-IN/login
coiled.io,generic_sso,,txt:Continue with SSO,https://cloud.coiled.io/login,https://cloud.coiled.io/login
coinis.com,none,,,https://auth.coinis.com,https://auth.coinis.com/login?service_redirect_url=%2F
coinme.com,none,,,https://auth.coinme.com/oauth/account/login?appId=8b85f9e7-6508-45a9-92e7-c2b475e214fc,https://auth.coinme.com/oauth/account/login?appId=8b85f9e7-6508-45a9-92e7-c2b475e214fc
cointraffic.io,none,,,https://dash.cointraffic.io/login,https://dash.cointraffic.io/login
collective.work,none,,,https://collective.work/login,https://collective.work/login
collov.com,none,,,https://collov.com/login,https://www.collov.com/login
cometchat.com,none,,,https://app.cometchat.com/login,https://app.cometchat.com/login
commonenergy.us,none,,,https://my.commonenergy.us/,https://my.commonenergy.us/
companycam.com,generic_sso,,txt:Single Sign-On,https://app.companycam.com/signin?_gl=1*1rf2exm*_ga*MTEyMDcwMDM5NC4xNzA5NjU5NjQ0*_ga_9EHVFEZKVX*MTcxNDUwNzcyNC40Ny4wLjE3MTQ1MDc3MjQuNjAuMC4w*_ga_J48HTRJMG3*MTcxNDUwNzcyNC4xODkuMS4xNzE0NTA3NzI0LjYwLjAuMA..,https://app.companycam.com/signin?_gl=1*1rf2exm*_ga*MTEyMDcwMDM5NC4xNzA5NjU5NjQ0*_ga_9EHVFEZKVX*MTcxNDUwNzcyNC40Ny4wLjE3MTQ1MDc3MjQuNjAuMC4w*_ga_J48HTRJMG3*MTcxNDUwNzcyNC4xODkuMS4xNzE0NTA3NzI0LjYwLjAuMA..
complyant.com,none,,,https://complyant.com/signin,https://complyant.com/signin
conceptboard.com,none,,,https://app.conceptboard.com/login,https://app.conceptboard.com/login
conduit.financial,none,,,https://conduit.financial/login,https://conduitpay.com/login
confrere.com,none,,,https://confrere.com/login,https://confrere.com/en/login
conserv.io,none,,,https://app.conserv.io/login?_gl=1*4jdf9u*_gcl_au*MTA1OTQxNTUyNi4xNjg2MTY0MTAy*_ga*OTczMzI4ODY3LjE2NzgzODIzOTc.*_ga_SKV979CCXW*MTY4Njc4ODg0MS4zNy4wLjE2ODY3ODg4NDEuNjAuMC4w&__hstc=51647990.b4c51e1d132a0c90cd226bb9ee7f91a9.1675273746091.1681787099112.1689358749254.4&__hssc=51647990.1.1689358749254&__hsfp=1912911101,https://app.conserv.io/login?_gl=1*4jdf9u*_gcl_au*MTA1OTQxNTUyNi4xNjg2MTY0MTAy*_ga*OTczMzI4ODY3LjE2NzgzODIzOTc.*_ga_SKV979CCXW*MTY4Njc4ODg0MS4zNy4wLjE2ODY3ODg4NDEuNjAuMC4w&__hstc=51647990.b4c51e1d132a0c90cd226bb9ee7f91a9.1675273746091.1681787099112.1689358749254.4&__hssc=51647990.1.1689358749254&__hsfp=1912911101
contabo.com,none,,,https://contabo.com/login,https://contabo.com/login
contlo.com,none,,,https://contlo.com/signin,https://web.superagi.com/
convo.com,none,,,https://convo.com/login,https://www.convo.com/wp-login.php
cookunity.com,none,,,https://www.cookunity.com/api/auth/login?countryCode=US,https://auth.cookunity.com/login?state=hKFo2SAybDk0cGktWHFzOWZSbFM1NFdLR2pwR29sSWtfZy1iS6FupWxvZ2luo3RpZNkgUDBjUVg2ckwtMXdlRWpLZTJ3QThVcjN4cUNDMFo3bEajY2lk2SBFM0FXeTZyRGIzUzNFcllsaU82NGZuWTE3MUVjMXhoZg&client=E3AWy6rDb3S3ErYliO64fnY171Ec1xhf&protocol=oauth2&scope=openid%20profile%20email&response_type=code&redirect_uri=https%3A%2F%2Fwww.cookunity.com%2Fapi%2Fauth%2Fcallback&countryCode=US&nonce=U2JwNohnYd9xT_KL7NwI6lRZ7NAJqWZH-IQXvljpvns&code_challenge_method=S256&code_challenge=1podzcHbJ4uS8tjs_9UJch5JXlwksb6ySowr0sH5_Ow
copilot.app,none,,,https://dashboard.assembly.com,https://dashboard.assembly.com/login?
copyleaks.com,generic_sso,,txt:SSO,https://app.copyleaks.com/dashboard/v1,https://app.copyleaks.com/login-redirect?isLogin=true&redirect=%2Fdashboard%2Fv1
corise.com,none,,ERR:dns,,
cosaporto.it,none,,,https://cosaporto.it/account/special-occasions/,https://cosaporto.it/account/special-occasions/
couchsurfing.com,none,,,https://couchsurfing.com/login,https://www.couchsurfing.com/login
courtyard.io,none,,,https://courtyard.io/login,https://courtyard.io/login
cozi.com,none,,,https://my.cozi.com/signup/,https://my.cozi.com/signup/
craveup.com,none,,,https://dashboard.craveup.com/login,https://dashboard.craveup.com/login
creatively.life,none,,ERR:dns,,
credible.com,none,,,https://credible.com/login,https://www.credible.com/login
credly.com,none,,,https://www.credly.com/users/sign_in,https://www.credly.com/users/sign_in
crewai.com,none,,,https://app.crewai.com/,https://login.crewai.com/?client_id=client_01JNJQWBJ4SPFN3SWJM5T7BDG8&redirect_uri=https%3A%2F%2Fapp.crewai.com%2Fauth%2Fworkos%2Fcallback&state=&authorization_session_id=01KVF7HWSRPB8A1WGTK1TA3WCD
criptalia.it,none,,,https://criptalia.it/login,https://criptalia.com/
crowdbotics.com,none,,,https://crowdbotics.com/login,https://crowdbotics.com/wp-login.php
crowdhouse.ch,none,,,https://login.crowdhouse.com,https://crowdhouse.com/ch/de/
crowdstrike.com,none,,,https://www.crowdstrike.com/en-us/login/,https://www.crowdstrike.com/en-us/login/
cruisebound.com,none,,,https://cruisebound.com/login,https://www.cruisebound.com/login
cryptoworth.app,none,,,,
cside.dev,none,,,https://cside.dev/login,https://cside.dev/login
cuckoo.co,none,,,https://my.cuckoo.co/my-account,https://my.cuckoo.co/my-account/login
culturealley.com,none,,,https://culturealley.com/login,https://forsale.godaddy.com/forsale/culturealley.com?utm_source=TDFS_BINNS2&utm_medium=parkedpages&utm_campaign=x_corp_tdfs-binns2_base&traffic_type=TDFS_BINNS2&traffic_id=binns2&
curiolabs.co.uk,none,,,https://curiolabs.co.uk/login,https://curiolabs.co.uk/login
customshop.com,none,,,https://customshop.com/login,https://customshop.com/login
cyble.com,none,,,https://cyble.com/login,https://cyble.com/login
cyngn.com,none,,,https://cta-service-cms2.hubspot.com/web-interactives/public/v1/track/click?encryptedPayload=AVxigLIQi1YqV5O6BYX2SeCZgL3JVt2pvJbNroW%2FE%2BYFjMe4fFAnUts8SpxJnui1pKBG7J%2FdJVA8SlqQl0CDsbfnf8shCqLsHU5a5HPjtcIxBAvJfwHJ8SLDtHeNM0XjiATlmKpicx29ZY98ZSQmLK76Zt0dV%2FGtCYwHKnJvQ9FWtOroADE%3D&portalId=8962390&webInteractiveContentId=159981597249&webInteractiveId=310520024329&containerType=EMBEDDED&pageUrl=https%3A%2F%2Fwww.cyngn.com%2F&pageTitle=Cyngn+%7C+Industrial+AMRs+to+Automate+Your+Material+Handling&referrer=&userAgent=Mozilla%2F5.0+%28Windows+NT+10.0%3B+Win64%3B+x64%29+AppleWebKit%2F537.36+%28KHTML%2C+like+Gecko%29+Chrome%2F124.0.0.0+Safari%2F537.36&hutk=bcfce21764f83c4c4ac1bf78bdf9d589&hssc=53486327.1.1781849283953&hstc=53486327.bcfce21764f83c4c4ac1bf78bdf9d589.1781849283953.1781849283953.1781849283953.1&pageId=194079023644&analyticsPageId=194079023644&hsfp=754f769d5c6cb91903196b3d8be0efce&canonicalUrl=https%3A%2F%2Fwww.cyngn.com&contentType=standard-page&__hstc=53486327.bcfce21764f83c4c4ac1bf78bdf9d589.1781849283953.1781849283953.1781849283953.1&__hssc=53486327.1.1781849283953&__hsfp=754f769d5c6cb91903196b3d8be0efce,https://insight.cyngn.com/login?hsCtaAttrib=159981597249
d-verse.com,none,,,https://d-verse.com/login,https://www.d-verse.com/login
dailiespods.com,none,,,,
damon.com,none,,,https://damon.com/login,https://damon.com/login
darwin.cx,none,,,https://app.darwin.cx/#/login?rd=/,https://identity.darwin.cx/?redirect_uri=https%3A%2F%2Fapp.darwin.cx%2F%23
dashfi.co,microsoft,,btn:Continue with Microsoft,https://app.dash.fi/login,https://app.dash.fi/login
databutton.com,generic_sso,,txt:Use SSO,http://riff.new/home,https://riff.new/login?next=/home
dataiku.com,none,,,https://profile.dataiku.com/?_gl=1*miqfe9*_ga*ODgwNTUwNzA4LjE2NzgxNzg0Mzc.*_ga_B3YXRYMY48*MTY4MjQyNDU5OC4xNTQuMS4xNjgyNDI1OTY4LjI5LjAuMA..,https://sso.dataiku.com/u/login/identifier?state=hKFo2SBzUTZFcWJNV0VkTmpGWEVHUDVqQmxRYl9BX3A3UlcyeqFur3VuaXZlcnNhbC1sb2dpbqN0aWTZIHdjX2ZrM0pfV2l5Ni1tSV9XU3ZTYW9pSDBoUWhyQ0xlo2NpZNkgb3BMbFMzUXJuSm85SVdoN2NvUmFUMkZ4aWlBekNIZzM
datawire.io,none,,,https://datawire.io/login,https://www.datawire.io/login
dayrize.com,none,,,https://dayrize.com/login,https://dayrize.io/wp-login.php
dealroom.co,none,,,https://app.dealroom.co/login,https://app.dealroom.co/login
decormatters.com,none,,,https://decormatters.com/login,https://decormatters.com/login
deepscribe.tech,none,,,http://canvas.deepscribe.ai/,https://canvas.deepscribe.ai/login
dekoeko.com,none,,,https://dekoeko.com/login,https://www.dekoeko.com/login
deliveristo.com,none,,,https://deliveristo.com/login,https://deliveristo.com/login
deltatrainer.fit,none,,,https://deltatrainer.fit/login,https://deltatrainer.fit/login
dentaldash.co,none,,,https://dentaldash.co/login,https://forsale.godaddy.com/forsale/dentaldash.co?utm_source=TDFS_BINNS2&utm_medium=parkedpages&utm_campaign=x_corp_tdfs-binns2_base&traffic_type=TDFS_BINNS2&traffic_id=binns2&
deribit.com,none,,,https://deribit.com/login,https://www.deribit.com/login
designbro.com,none,,,https://app.designbro.com/login,https://app.designbro.com/login
deskera.com,none,,,https://auth-v2.deskera.com/sign-in,https://www.erp.ai/-/sign-in?redirect_url=https%3A%2F%2Fauth-v2.deskera.com%2F
devcycle.com,none,,,https://app.devcycle.com/login,https://auth.devcycle.com/u/login/identifier?state=hKFo2SBTVmdYNkVBS2djOUxBZ3BPZnYybjdqTE1Pd2YzdWlzbqFur3VuaXZlcnNhbC1sb2dpbqN0aWTZIFdmSkpfSVE4WEw4alNyWFJHWV8wS3pKUURxWEdlbVRuo2NpZNkgaDZ3bUlZb0lVRXRTS0NNSU9UVlpjYWVNWTFSYTJoN0E
devze.ro,none,,,https://devze.ro/login,https://www.devzero.io/login
dia.co,none,,,https://dia.co/signin,https://dia.co/signin
didimo.co,none,,,https://didimo.co/login,https://didimo.co/login
digiphy.it,none,,,https://app.digiphy.it/login,https://app.digiphy.it/login
digitalrevisor.nu,none,,,https://digitalrevisor.nu/login,https://www.reportability.dk/login
dinari.com,none,,,https://dinari.com/login,https://dinari.com/login
discord.com,none,,,https://discord.com/login,https://discord.com/login
dispenseapp.com,none,,,https://app.dispenseapp.com/login?utm_source=www.dispenseapp.com&utm_medium=link,https://app.dispenseapp.com/login?utm_source=www.dispenseapp.com&utm_medium=link
distru.com,none,,,https://app.distru.com/,https://app.distru.com/sign_in?returnUrl=%2F
divio.com,none,,,https://control.divio.com/,https://auth.divio.com/realms/cloud-users/protocol/openid-connect/auth?client_id=control-panel&redirect_uri=https%3A%2F%2Fcontrol.divio.com%2F&response_type=code&scope=openid&state=b8ec92cabd3a41298a6bf9604c94eed6&code_challenge=69Nmfue4dxNR_CE1lW8SWUlV39Q61IFHwgBShkpQcUg&code_challenge_method=S256
do-great-things.org,none,,,https://do-great-things.org/login,https://do-great-things.org/wp-login.php
docquity.com,none,,,https://app.docquity.com/#/login/input-mobile?redirectUrl=%2Fweb%2Flist,https://app.docquity.com/#/login/input-mobile?redirectUrl=%2Fweb%2Flist
doctorflix.de,none,,,https://app.doctorflix.de/de/einloggen?landing_page=https%3A%2F%2Fdoctorflix.de%2F,https://app.doctorflix.de/de/einloggen?landing_page=https%3A%2F%2Fdoctorflix.de%2F
dolap.com,none,,,https://dolap.com/login,https://dolap.com/login
domuso.com,none,,,https://auth.domuso.com/signIn,https://auth.domuso.com/signIn
doorstead.com,none,,,https://tenants.doorstead.com/login,https://tenants.doorstead.com/login
dotfund.com,none,,,https://dotfund.com/login,https://www.dotfund.com/login
dow.com,none,,,https://dow.com/login,https://www.dow.com/login
draperjames.com,none,,,https://draperjames.com/login,https://draperjames.com/login
drink-trip.com,none,,,https://drink-trip.com/account/register,https://drink-trip.com/account/register
drinkhydrant.com,none,,,https://drinkhydrant.com/login,https://www.drinkhydrant.com/login
drinkolipop.com,none,,,https://drinkolipop.com/login,https://drinkolipop.com/login
dripshop.live,none,,,https://dripshop.live/login,https://www.dripshop.live/streams/login
driverhero.de,none,,,https://app.workerhero.com/auth/login?utm_source=undefined,https://app.workerhero.com/auth/login?utm_source=undefined
dropcatch.com,none,,,https://dropcatch.com/login,https://www.dropcatch.com/404
drunkelephant.com,none,,,https://www.drunkelephant.com/my-account/login,https://www.drunkelephant.com/my-account/login
duagon.com,none,,,https://duagon.com/login,https://duagon.com/login
dukkantek.com,none,,,https://dukkantek.com/login,https://dukkantek.com/login
duramarktechnologies.com,none,,,https://duramarktechnologies.com/login,https://duramarktechnologies.com/login
dwolla.com,none,,,https://accounts.dwolla.com/login,https://accounts.dwolla.com/login
eaglealpha.com,none,,,https://www.eaglealpha.com/login/,https://www.eaglealpha.com/login/
earthclassmail.com,none,,,https://earthclassmail.com/login,https://www.legalzoom.com/business/business-operations/lz-virtual-mail-overview.html
easygenerator.com,none,,,https://live.easygenerator.com/signin,https://live.easygenerator.com/signin
eatbobos.com,none,,,https://eatbobos.com/login,https://eatbobos.com/login
eatplanted.com,none,,,https://eatplanted.com/login,https://eatplanted.com/login
ebury.com,none,,,https://online.ebury.com/login/,https://sso.ebury.com/realms/ebp/protocol/openid-connect/auth?response_type=code&client_id=808f076f-4dd8-4287-8c26-a42d263ea99e&redirect_uri=https%3A%2F%2Fonline.ebury.com%2Fsso%2Fcallback%2F&scope=openid+profile+email+ebo-auth-compat&state=H_RitS6tbMgfGmc8EaFBIg&code_challenge=5hapPNf13sEsN-QbXOZFw_ElXwaf1sLmSEfIvOGKgj0&code_challenge_method=S256&response_mode=query
echopixeltech.com,none,,,https://echopixeltech.com/login,https://echopixeltech.com/login
ecolife.eu.com,none,,,https://ecolife.eu.com/login,https://ecolife.eu.com/login
ecourtreporters.com,none,,,https://app.ecourtreporters.com/Account/SignIn,https://app.ecourtreporters.com/Account/SignIn
edapp.com,none,,,https://app.safetyculture.com/sign-up?referrer=training,https://app.safetyculture.com/sign-up?referrer=training
edexa.io,none,,,https://edexa.io/login,https://edexa.io/login
edgeprop.sg,none,,,https://edgeprop.sg/login,https://www.edgeprop.sg/login
edmit.me,none,,,https://edmit.me/login,https://edmit.me/login
educate-online.org,none,,,https://educate-online.org/login,https://www.flylane.com/
eduopinions.com,none,,,https://eduopinions.com/login,https://www.eduopinions.com/login/
egaranti.com,none,,,https://egaranti.com/login,https://egaranti.com/tr
eiwa.ag,none,,,https://web.eiwa.ag/login?_gl=1*1f87s9k*_ga*MjA2NjM1NzE1OC4xNzE5NTk2MTky*_ga_ZXRQCX5HSR*MTcyOTUyNTMyOC4xNS4wLjE3Mjk1MjUzMjguMC4wLjA.,https://web.eiwa.ag/login?_gl=1*1f87s9k*_ga*MjA2NjM1NzE1OC4xNzE5NTk2MTky*_ga_ZXRQCX5HSR*MTcyOTUyNTMyOC4xNS4wLjE3Mjk1MjUzMjguMC4wLjA.
elastic.co,microsoft,,btn:Microsoft,https://cloud.elastic.co/login,https://cloud.elastic.co/login
elevatecdb.com,none,,,https://elevatecdb.com/login,https://elevatecdb.com/login
elodin.systems,none,,,,
embodied.me,none,,,https://embodied.me/login,https://moxierobots.com/login
emotorsdirect.ca,none,,,https://emotorsdirect.ca/login,https://www.emotorsdirect.ca/login
empiricalspirits.co,none,,,https://account.kompas.com/login/a29tcGFz/aHR0cHM6Ly93d3cua29tcGFzLmNvbS9qYXdhLWJhcmF0L3JlYWQvMjAyNS8wOS8wNC8xNzIwMDAzODgva29tcG9sLWNvc21hcy1kaXBlY2F0LXRpZGFrLWhvcm1hdC1wZXJuYWgtdGVyc2VyZXQta2FzdXMtcGVueWlyYW1hbg==,https://account.kompas.com/login/a29tcGFz/aHR0cHM6Ly93d3cua29tcGFzLmNvbS9qYXdhLWJhcmF0L3JlYWQvMjAyNS8wOS8wNC8xNzIwMDAzODgva29tcG9sLWNvc21hcy1kaXBlY2F0LXRpZGFrLWhvcm1hdC1wZXJuYWgtdGVyc2VyZXQta2FzdXMtcGVueWlyYW1hbg==
emulait.com,none,,,https://emulait.com/login,https://emulait.com/account/login
endeavorco.com,none,,,https://endeavorco.com/login,https://wmegrp.com/login
endurapparel.com,none,,,https://endurapparel.com/login,https://endurapparel.com/login
engageplc.com,generic_sso,,txt:SSO,https://app.engagevr.io/login/,https://app.engagevr.io/login/
eni.com,none,,,https://login.eni.com/login,https://login.eni.com/login
enode.io,none,,,https://enode.io/login,https://enode.com/login
enterpret.com,generic_sso,,btn:Sign in with SSO,https://dashboard.enterpret.com/login,https://dashboard.enterpret.com/login
epishine.se,none,,,https://epishine.se/signin,https://epishine.se/signin
equinemedirecord.com,none,,,https://equinemedirecord.com/login,https://equinemedirecord.com/.well-known/sgcaptcha/?r=%2Flogin&y=ipc:146.148.42.91:1781851686.967
equityzen.com,none,,,https://equityzen.com/login,https://equityzen.com/login/
esgbook.com,none,,,https://auth.esgbook.com/u/login?state=hKFo2SBiYnBVd004V1prUDhocHFSS0JRUjhzYURWQmNIYnZUaKFur3VuaXZlcnNhbC1sb2dpbqN0aWTZIGpEME5ndHZpS2ZSeDRvUWVXZS1WeElISFBHM2JGYkJpo2NpZNkgQjNFQkhPbkRheGxrekEweExFcHpmUFJHZ2FycFJMZlU,https://app.esgbook.com/
estateguru.co,none,,,https://auth.estateguru.co/login,https://auth.estateguru.co/login
etsy.com,none,,,https://etsy.com/login,https://www.etsy.com/signin
even.biz,none,,,https://even.biz/login,https://even.biz/login
events.com,none,,,https://org.events.com/#/en_US/login?client=sell,https://org.events.com/#/en_US/login?client=sell
everdrop.de,none,,,https://everdrop.de/login,https://www.everdrop.de/login
everlaw.com,none,,,https://accounts.skilljar.com/accounts/login/?t=gwlxxbp22bdb&d=2twwcmoq64x3a&next=%2Fauth%2Fendpoint%2Flogin%2Fresult%3Fnext%3D%252F%26d%3D2twwcmoq64x3a,https://accounts.skilljar.com/accounts/login/?t=gwlxxbp22bdb&d=2twwcmoq64x3a&next=%2Fauth%2Fendpoint%2Flogin%2Fresult%3Fnext%3D%252F%26d%3D2twwcmoq64x3a
everwash.com,none,,,https://app.everwash.com/?_gl=1*vjry0v*_gcl_au*MzExOTk1NzgxLjE3MzcwNzQwMzk.*_ga*MTU5NjQwOTQ0OS4xNzM3MDc0MDQx*_ga_VG18BKSM4Y*MTc0MDA3NTg5My40MS4xLjE3NDAwNzkyMjQuMC4wLjA.#login,https://app.everwash.com/?_gl=1*vjry0v*_gcl_au*MzExOTk1NzgxLjE3MzcwNzQwMzk.*_ga*MTU5NjQwOTQ0OS4xNzM3MDc0MDQx*_ga_VG18BKSM4Y*MTc0MDA3NTg5My40MS4xLjE3NDAwNzkyMjQuMC4wLjA.#login
evidation.com,none,,,https://my.evidation.com/login,https://my.evidation.com/login
evo.com,none,,,https://evo.com/login,https://www.evo.com/login
ex.co,none,,,https://login.ex.co/login,https://login.ex.co/login
exein.io,none,,,https://exein.io/login,https://www.exein.io/login
expancio.com,none,,,https://expancio.com/login,https://expancio.com/login
explaineverything.com,none,,,https://explaineverything.com/login,https://explaineverything.com/login
extracker.com,none,,,https://www.clearstory.build/cs/c/?cta_guid=f940e534-f4d3-4cb7-a110-f294d8150adb&signature=AAH58kGjz-Oe_44wPOnOWySL-Ozk7pASHQ&portal_id=6996786&pageId=197250506808&placement_guid=0b3aac0a-df80-4c83-808f-a0bf08252a48&click=d5d4132d-08d9-4e95-ba10-ee9032114308&redirect_url=APefjpFd0Bk5ZIhgOzxk2RUmca2TdfSg-7n5WBVE8FB23W7TTOkOcCtu4nZaO4EysjJjo0QyovNWfAt2EmoWfP7thZ5NyCMa2VD8KegAkkZ7XMjafkgPg0VxFTX2DTHdOi_WilXmiFyg&hsutk=ebc5a3eab2a526b4dcf70ea8523267bd&canon=https%3A%2F%2Fwww.clearstory.build%2F&ts=1781852433014&__hstc=85736646.ebc5a3eab2a526b4dcf70ea8523267bd.1781852434179.1781852434179.1781852434179.1&__hssc=85736646.1.1781852434179&__hsfp=754f769d5c6cb91903196b3d8be0efce&contentType=standard-page,https://auth.clearstory.build/u/login/identifier?state=hKFo2SBMLTM1Z0YzQm5UZXVOMFNQbmVyZEpNaWRaYzVPbV9aRaFur3VuaXZlcnNhbC1sb2dpbqN0aWTZIG1kQVVXeVoxV3U1bFRzUGVjQVozRkxObDA1clFZUEo2o2NpZNkgM2d1VENqUFRWWG5xdzdUSkZ4RmlicVd2VWdxM2ZsVFU
fabelio.com,none,,,https://fabelio.com/login,https://www.suitssidebar.com/
faceit.com,none,,,https://faceit.com/login,https://www.faceit.com/login
factors.ai,generic_sso,,txt:single sign-on,https://app.factors.ai/,https://app.factors.ai/login
fadel.com,none,,,https://fadel.com/login,https://fadel.com/login/
falcon.io,none,,,https://www.brandwatch.com/legal/author-privacy-policy/,https://www.brandwatch.com/legal/author-privacy-policy/
fanbasis.com,none,,,https://www.fanbasis.com/login,https://www.fanbasis.com/login
fantasylife.com,none,,,https://fantasylife.com/login,https://www.fantasylife.com/login
farmbound.ca,none,,,https://farmbound.ca/signin,https://farmbound.ca/signin
farsightvision.com,none,,,https://app.fsv.global/,https://auth.fsv.global/accounts/login/?next=/o/authorize/%3Fresponse_type%3Dcode%26client_id%3DNdOlJyzyWIEMnPjt1Ksp2HtSSxubE3Rbx6pFdPLs%26redirect_uri%3Dhttps%253A%252F%252Fapp.fsv.global%252Flogin%252Fauthorized%26scope%3Dopenid%2Bprofile%2Bemail%2Bpermissions%2Bsocial_accounts%26state%3DkUlyjBrkk0gvn4vSocUGbIPi1i4QPf%26nonce%3DF78y8EsHA2ZBFJCgpSjo%26code_challenge%3DNn073briRiabRMM78_ouYr2PNqxkNNfhN8iMixUtmfc%26code_challenge_method%3DS256
fazeshift.com,microsoft,,btn:Microsoft,https://accounts.fazeshift.com/sign-in?redirect_url=https%3A%2F%2Fapp.fazeshift.com%2F,https://accounts.fazeshift.com/sign-in?redirect_url=https%3A%2F%2Fapp.fazeshift.com%2F
feastables.com,none,,,https://feastables.com/login,https://feastables.com/login
feedvisor.com,none,,,https://feedvisor.com/login,https://feedvisor.com/login
feops.com,none,,,https://heartguide.feops.com/,https://heartguide.feops.com/login?redirect=%2Fcases
fictiv.com,none,,,https://app.fictiv.com/users/sign_in/,https://app.fictiv.com/login
fieldly.com,none,,,https://fieldly.com/login,https://web2.fieldly.com/admin/login
figure1.com,none,,,https://app.figure1.com/login,https://community.figure1.com/u/login?state=hKFo2SBTcEFsM1dlZl9PcTBWMFFGOFQyb2pmbl8xRXRYNVk4MaFur3VuaXZlcnNhbC1sb2dpbqN0aWTZIGZNMkFyQ2lsaE04XzNLRDI2b0paZE84TFZGS0ZXRnpCo2NpZNkgMnhVTFVOdUNGb1c4VXk2aXJXZmVaYjZUcXVUMjNCM1I
filmhouseng.com,none,,,https://filmhouseng.com/login,https://filmhouseng.com/login
finaloop.com,none,,,https://home.finaloop.com/login,https://home.finaloop.com/login
finbloxapp.com,none,,,https://finbloxapp.com/login,https://finbloxapp.com/login
finexio.com,none,,,https://portal.finexio.com/#/,https://admin.finexio.com/login
finiite.com,none,,ERR:dns,,
finmo.net,none,,,https://dashboard.finmo.net/signup,https://dashboard.finmo.net/signup
finpilot.ai,none,,,https://finpilot.ai/login,https://www.finpilot.ai/login
fintelconnect.com,none,,,https://app.fintelconnect.com/,https://app.fintelconnect.com/login
fireflies.ai,microsoft,,btn:Continue with Microsoft,https://app.fireflies.ai/login,https://app.fireflies.ai/login
firstpartyhq.com,none,,,https://firstpartyhq.com/login,https://firstpartyhq.com/login
fitmech.com,none,,,https://fitmech.com/login,https://fitmech.com/login
fiverr.com,none,,,https://fiverr.com/login,https://www.fiverr.com/login
flagandanthem.com,none,,,https://flagandanthem.com/login,https://www.flagandanthem.com/login
flatfile.com,microsoft,,btn:Continue with Microsoft,https://platform.flatfile.com/oauth/dashboard,https://platform.flatfile.com/oauth/login?redirect_uri=%2Foauth%2Fauthorize%3Fresponse_type%3Dcode%26state%3Daxxx%26client_id%3Ddashboard%26code_challenge%3Dxxxx%26code_challenge_method%3DPLAIN%26redirect_uri%3Dhttp%253A%252F%252Fplatform.flatfile.com%252Foauth%252Fdashboard
fleetio.com,none,,,https://fleetio.com/login,https://www.fleetio.com/login
flexidea.eu,none,,,https://app.flexidea.eu/sign-up?lang=lv,https://app.flexidea.eu/sign-up?lang=lv
flinks.io,none,,,https://dashboard.flinks.com/en/login,https://dashboard.flinks.com/en/login
flo.com,none,,,https://account.flo.com/,https://account.flo.com/Account/Login?ReturnUrl=%2F
florecruit.com,none,,,https://florecruit.com/login,https://florecruit.com/login
flowfuse.com,none,,,https://app.flowfuse.com,https://app.flowfuse.com/
fluentcity.com,none,,,https://fluentcity.com/login,https://www.cricketelearning.com/login/
fly.io,none,,,https://fly.io/login,https://fly.io/login
flyhomes.com,none,,,https://flyhomes.com/login,https://flyhomes.com/login
flyvictor.com,none,,,https://flyvictor.com/login,http://flyvictor.com/login/
foliolens.com,none,,ERR:dns,,
food.ee,none,,,https://food.ee/login,https://specials.tryhungry.com/foodeeandhungry
foodvisor.io,none,,,https://foodvisor.io/login,https://www.foodvisor.io/en/login/
forbeshrcouncil.com,none,,,https://forbeshrcouncil.com/login,https://forbeshrcouncil.com/login
fordefi.com,microsoft,,btn:Continue with Microsoft waad,https://app.fordefi.com/,https://auth.fordefi.com/u/login/identifier?state=hKFo2SBEN1htQVBjM2M3bVNSajdVYTJnMVQ1SGRVNFRGd1pYRKFur3VuaXZlcnNhbC1sb2dpbqN0aWTZIC1zcU9WMmIzNEhCSk9wamczMmhxM1ZWRzk1aXNVSzJSo2NpZNkgTXlkQWN6MFc5MU9hR0ZWczhJSTNrMnFtb29SOERPa2w
formitable.com,none,,,https://app.formitable.com/,https://auth2.formitable.com/Account/Login?ReturnUrl=%2Fconnect%2Fauthorize%2Fcallback%3Fclient_id%3DFT.App%26redirect_uri%3Dhttps%253A%252F%252Fapp.formitable.com%252Fsignin-oidc%26response_type%3Dcode%2520id_token%26scope%3Dopenid%2520profile%2520FT.Api%2520offline_access%26response_mode%3Dform_post%26nonce%3D639174499902822077.NGRjZjRmNWItNTkxNS00ZjU5LWEzZDktNzQ2NjljY2YzMWRkMjIwODRiMGItMWNhMC00ZWZlLTg3MmQtMDJiOGU4ODQ2ZWU2%26state%3DCfDJ8JB5gyDW_ypDuWm1QEE5HpbFN2485IrwV_oyvlD7CN67lIXXc-tmDfI1pBGo53jR2HHqiKrCF2SV0h3ldl5SyZRMZKJVU8SIoX4vOOHIEXHewObyHrYknzEY4F_vWOy01hvJ08nRqlByoNOw677hP3nb6Fm1kESFV2GpEGHXiDGy9U9eK-DilF3MTVVBAKL1nmeLE8pVpsOcMzGTb2GhRaH__tB1FJDIuGweXe5i_6s9x6BQCYIKCDJCltJWL-CO3Ui8Y8OD2xOVqE-8urEJYPWrirYiwiVtdoWFhlhxvNpd%26x-client-SKU%3DID_NET8_0%26x-client-ver%3D7.1.2.0
forusall.com,none,,,https://account.forusall.com/login,https://account.forusall.com/login
foundries.io,none,,,https://app.foundries.io/login/?next=/,https://app.foundries.io/login/?next=/
foxtrotco.com,none,,,https://foxtrotco.com/login,https://foxtrotco.com/
framen.io,none,,,https://framen.io/login,https://framen.io/login
freddiesflowers.com,none,,,https://freddiesflowers.com/login,https://www.freddiesflowers.com/login
freewill.com,none,,,https://app.freewill.com/login,https://app.freewill.com/login
freshket.co,none,,,https://freshket.co/login,https://freshket.co/404
freshworks.com,none,,,https://freshworks.com/login,https://www.freshworks.com/products/
fruitcast.co.uk,none,,,https://app.fruitcast.co.uk,https://auth.fruitcast.co.uk/u/login/identifier?state=hKFo2SAwLVB1U08tWEk0cmF4M19sM0NWbElHY2ZjVlc0LVY4SKFur3VuaXZlcnNhbC1sb2dpbqN0aWTZIHBRY01KM3BGeHhWMmlXTWRtbjg2ckEzSTZ0X3Jrb25Vo2NpZNkgaFJGSklCSUJzNnpJcnlMTFh0MUV3enBBcmRQeWpaM2Y
fugue.co,microsoft,,btn:Entra ID,https://app.snyk.io/signup,https://app.snyk.io/login
functionalremedies.com,none,,,https://functionalremedies.com/login,https://functionalremedies.com/login
fundingsouq.com,none,,,https://app.fundingsouq.com/ae/en,https://app.fundingsouq.com/ae/en/login
futurae.com,none,,,https://futurae.com/login,https://www.futurae.com/login/
futurestay.com,none,,,https://app.futurestay.com/auth/login,https://app.futurestay.com/auth/login
gable.to,none,,,http://app.gable.to/login/,https://app.gable.to/login
gainful.com,none,,,https://www.gainful.com/account/login/,https://www.gainful.com/account/login/
gamaya.com,none,,,https://auth.gamaya.com/,https://auth.gamaya.com/
gamergains.com,none,,,https://gamergains.com/login,https://gains.com/login
ganni.com,none,,,https://www.ganni.com/us/account,https://www.ganni.com/us/login?rurl=1
garten.co,none,,,https://client.garten.co/login,https://client.garten.co/login
gavl.com.au,none,,,https://gavl.com.au/login,https://gavl.com.au/login
geegee.io,none,,,https://geegee.io/login,https://geegee.io/login
geneplanet.com,none,,,https://app.geneplanet.com/,https://app.geneplanet.com/
geniebook.com,none,,,https://app.geniebook.com/,https://app.geniebook.com/
gentrace.ai,none,,,https://gentrace.ai/login,https://gentrace.ai/login
geospark.co,none,,ERR:dns,,
getalign.com,none,,,https://getalign.com/login,https://handhold.io/
getbirdly.com,none,,,https://getbirdly.com/login,https://getbirdly.com/login
getcarefull.com,none,,,https://secure.getcarefull.com/,https://secure.getcarefull.com/
getcharta.com,none,,,https://getcharta.com/login,https://www.getcharta.com/login
getdimension.com,none,,,https://getdimension.com/login,https://getdimension.com/login
getfrontrunner.com,none,,,https://kilat.io/slot_gacor,https://alexistogel.mobi/register?referral_code=alxslotgacor
gethealthie.com,none,,,https://secure.gethealthie.com,https://secure.gethealthie.com/account/login?target_url=%2F
getinkbox.com,none,,ERR:dns,,
getlokki.com,none,,,https://app.getlokki.com/visibility/signup?utm_source=getlokki&utm_medium=footer&utm_campaign=appara%C3%AEtre_sur_lokki_rent&__hstc=59588914.529df99b16dd7cb5081b5c765e7d9d7f.1781854142926.1781854142926.1781854142926.1&__hssc=59588914.1.1781854142927&__hsfp=754f769d5c6cb91903196b3d8be0efce,https://app.getlokki.com/visibility/signup?utm_source=getlokki&utm_medium=footer&utm_campaign=appara%C3%AEtre_sur_lokki_rent&__hstc=59588914.529df99b16dd7cb5081b5c765e7d9d7f.1781854142926.1781854142926.1781854142926.1&__hssc=59588914.1.1781854142927&__hsfp=754f769d5c6cb91903196b3d8be0efce
getmentum.com,none,,,https://getmentum.com/login,https://getmentum.com/login
getnuvo.com,none,,,https://dashboard.ingestro.com/login,https://dashboard.ingestro.com/login
getpenfold.com,none,,,https://getpenfold.com/login,https://getpenfold.com/login
getproperly.com,none,,,https://app.getproperly.com/login,https://app.getproperly.com/login
getredcircle.com,none,,,https://app.redcircle.com/sign-in,https://app.redcircle.com/sign-in
getselectstar.com,none,,,https://app.selectstar.com/login,https://app.selectstar.com/login
getspiffy.com,none,,,https://getspiffy.com/login,https://www.getspiffy.com/login
getstix.co,none,,,https://getstix.co/signin,https://getstix.co/signin
gettimely.com,none,,,https://app.gettimely.com/calendar,https://app.gettimely.com/Account/Login?ReturnUrl=%2fcalendar
getupliftnow.com,none,,ERR:dns,,
ggpredict.io,none,,,https://ggpredict.io/login,https://www.ggpredict.io/login
giftee.co,none,,,https://giftee.co/login,https://giftee.co/login
gigpro.com,none,,,https://biz.qwick.com/,https://biz.qwick.com/auth?returnTo=%2F
givebutter.com,none,,,https://givebutter.com/login,https://givebutter.com/login
givz.com,none,,,https://givz.com/login,https://www.givz.com/login
glasp.co,none,,,https://glasp.co/login,https://glasp.co/login
glints.com,none,,,https://employers.glints.sg/signup,https://employers.glints.sg/signup
globaltix.com,none,,,https://globaltix.com/my-account/,https://globaltix.com/my-account/
glossier.com,none,,,https://glossier.com/login,https://www.glossier.com/login
glycanage.com,none,,,https://www.glycanage.com/dashboard/login,https://glycanage.com/dashboard/login
gobealive.com,none,,,https://gobealive.com/login,https://www.gobealive.com/login
gocomet.in,none,,,https://gocomet.in/login,https://gocomet.in/login
goformz.com,none,,,https://app.goformz.com,https://accounts.goformz.com/login?ReturnUrl=https%3A%2F%2Faccounts.goformz.com%2Fconnect%2Fauthorize%2Fcallback%3Fclient_id%3Dfec39629-2cf9-4ed7-a1b5-aa44833c50dd%26redirect_uri%3Dhttps%253A%252F%252Fapp.goformz.com%26response_type%3Dcode%26scope%3Dopenid%2520profile%2520basic%2520offline_access%26state%3Df8d24c43a6be462fbda7c0ddc0730ce9%26code_challenge%3D2izc0R6pVW8m7In4Cu9lg3RU28BEqEooOUAt9gdaaz0%26code_challenge_method%3DS256%26response_mode%3Dquery
gohunt.com,none,,,https://gohunt.com/login,https://gohunt.com/login
golioth.io,none,,,https://console.golioth.io/,https://auth.golioth.io/login?state=hKFo2SBKNFl4cUdLVlBQeFpuMURwTGhLV1FRVVhCYjd3QWZKa6FupWxvZ2luo3RpZNkgelJMaXBVczhyalVMNms0MFl3TTkwRjRvZnQ1WWxJb2WjY2lk2SAxamFkc3pqUDZ3Y2xiMnZmSHIwQ3R6NU5TU3luQnZqNg&client=1jadszjP6wclb2vfHr0Ctz5NSSynBvj6&protocol=oauth2&scope=openid%20profile%20email%20offline_access&redirect_uri=https%3A%2F%2Fconsole.golioth.io%3Fdst%3D%252F&audience=https%3A%2F%2Fgolioth-dev.us.auth0.com%2Fapi%2Fv2%2F&response_type=code&response_mode=query&nonce=d2ZuV3c3bFYzN3FUTElCMkR3b1d1YVdRNVhYdHNvM01VQ1lPTy53XzBQRw%3D%3D&code_challenge=Oe7Aqx0y4kDcDtzccNhS8wcPpdiXs_usR0CgKjmclVs&code_challenge_method=S256&auth0Client=eyJuYW1lIjoiYXV0aDAtcmVhY3QiLCJ2ZXJzaW9uIjoiMi44LjAifQ%3D%3D
goodcall.io,none,,,https://www.atom.com/login,https://www.atom.com/login
goodfair.com,none,,,https://goodfair.com/login,https://goodfair1.myshopify.com/login
goodnewsco.es,none,,,https://goodnews.coffee/customer_authentication/redirect?locale=en&region_country=ES,https://shopify.com/authentication/50847416516/login?client_id=6441e530-50e4-474f-b846-314522a6e3d1&locale=en-ES&redirect_uri=%2Fauthentication%2F50847416516%2Foauth%2Fauthorize%3Fbuyer_flags%3DeyJhbGciOiJIUzI1NiJ9.eyJpc3MiOiJnb29kbmV3czIwLm15c2hvcGlmeS5jb20iLCJmbGFncyI6W10sImV4cCI6MTc4MjQ1OTQxMSwibmJmIjoxNzgxODU0NjExfQ.j9kGzB5iCrJnWYdMrUMtYLT0Th_agDyU5MYWP0cJSr4%26client_id%3D6441e530-50e4-474f-b846-314522a6e3d1%26locale%3Den-ES%26nonce%3Dc49028f7-d107-4ffa-b95b-7aa4be752354%26redirect_uri%3Dhttps%253A%252F%252Fshopify.com%252F50847416516%252Faccount%252Fcallback%26region_country%3DES%26response_type%3Dcode%26scope%3Dopenid%2Bemail%2Bcustomer-account-api%253Afull%26state%3DhWNDVmxx6Kwoenm92HhVAp2x&region_country=ES
goodwipes.com,none,,,https://goodwipes.com/login,https://www.goodwipes.com/login
gooroo.com,none,,,https://gooroo.com/login,https://account.gooroo.com/login?product=tutoring&next=https%3A%2F%2Fwww.gooroo.com%2Fgateway
gophr.com,none,,,https://app.gophr.com,https://app.gophr.com/login
gorgias.com,none,,,https://www.gorgias.com/signup?ref=home&ref-position=other,https://www.gorgias.com/signup?ref=home&ref-position=other
goshopmatic.com,none,,,https://goshopmatic.com/login,https://goshopmatic.com/login
gotlanded.com,none,,,https://gotlanded.com/users/sign_in,https://gotlanded.com/users/sign_in
atlasvisa.co,none,,,https://atlasvisa.co/login,https://www.atlys.com/en-US
autoservicefinance.com,none,,,https://autoservicefinance.com/login,https://autoservicefinance.com/login
aylien.com,none,,ERR:dns,,
bakedbymelissa.com,none,,,https://bakedbymelissa.com/login,https://www.bakedbymelissa.com/login
basicblock.io,none,,,https://carrier.basicblock.io/login,https://carrier.basicblock.io/login
beanboat.com,none,,,https://beanboat.com/login,https://forsale.godaddy.com/forsale/beanboat.com?utm_source=TDFS_BINNS2&utm_medium=parkedpages&utm_campaign=x_corp_tdfs-binns2_base&traffic_type=TDFS_BINNS2&traffic_id=binns2&
beekeeper.io,none,,,https://start.beekeeper.io/domain,https://start.beekeeper.io/domain
bepark.eu,none,,,https://www.bepark.eu/app/fr/account,https://www.bepark.eu/app/fr/account
bevyhq.com,none,,,https://bevyhq.com/login,https://bevyhq.com/login
bienafoods.com,none,,,https://bienafoods.com/login,https://bienafoods.com/login
billys.gr,none,,,https://billys.gr/signin,https://billys.gr/signin
birchal.com,none,,,https://birchal.com/login,https://www.birchal.com/login
bit.ly,generic_sso,,txt:Single Sign On,https://bitly.com/a/sign_in,https://bitly.com/a/sign_in
bitex.la,none,,,,
bitmed.io,none,,,https://bitmed.io/login,https://sakuraguild.io/login
bitsighttech.com,none,,,https://service.bitsighttech.com/,https://service.bitsighttech.com/accounts/login/?next=/
bizagi.com,microsoft,yes,net:aadcdn.msftauth,https://portal.bizagi.com/en/home-secure/,https://bizagib2cprod.b2clogin.com/login.bizagi.com/b2c_1a_signup_signin/oauth2/v2.0/authorize?client_id=4e105613-0b2d-4726-9ee6-f83993ed6bfc&redirect_uri=https%3A%2F%2Fportal.bizagi.com%2Fsignin-oidc&response_type=code%20id_token&scope=openid%20profile%20offline_access%204e105613-0b2d-4726-9ee6-f83993ed6bfc&response_mode=form_post&nonce=639174428061844108.NDliNDIxNGUtYzM5Zi00N2VmLTk0N2UtZmViNDJlMmE5MmMyNjI4YWNjZDMtYzYxNS00ZWY4LWI1MDgtMjc3MDZmMWMwOTYx&state=CfDJ8OA_Ou520pJCk7bkFdXYze5oNE7SLeO9iQxqzx2bG6TDkUlPOHxy6IOESqq1mx4nsfZxkzlRzxf0EMROqRp4goSv05iaC_kWN8m38Sq0hXkNC4lG2QL2J6x2_Use6gbVugWpsp5b8RgEKO96VqWRWxq9FoI4J7dNNvDTnk3k7Q-so4Hhs9f4sZth-2G18pPIKj-yKWnh1RIdoEF5TlSBgj2xLkzYPVBbHf8iq2lO3SHYHAR7HXqQCUs2qOfER9HKZXA4pq73pgisIztLSC59ERdZ_xj7P6FQzWytGFJy-lCiNJ--1dGN_LYft4nyX4SvPA&x-client-SKU=ID_NET8_0&x-client-ver=7.5.1.0
blaxel.ai,none,,,https://blaxel.ai/login,https://blaxel.ai/login
blindtigerspiritfree.com,none,,,https://blindtigerspiritfree.com/login,https://blindtigerspiritfree.com/products/holiday-star-party-tumbler-set
blockcypher.com,none,,,https://blockcypher.com/login,https://blockcypher.com/login
blockus.gg,none,,,https://blockus.gg/login,https://blockus.gg/login
bloomboxco.com,none,,,https://account.kompas.com/login/a29tcGFz/aHR0cHM6Ly93d3cua29tcGFzLmNvbS9qYXdhLWJhcmF0L3JlYWQvMjAyNS8wOS8wNC8xNzIwMDAzODgva29tcG9sLWNvc21hcy1kaXBlY2F0LXRpZGFrLWhvcm1hdC1wZXJuYWgtdGVyc2VyZXQta2FzdXMtcGVueWlyYW1hbg==,https://account.kompas.com/login/a29tcGFz/aHR0cHM6Ly93d3cua29tcGFzLmNvbS9qYXdhLWJhcmF0L3JlYWQvMjAyNS8wOS8wNC8xNzIwMDAzODgva29tcG9sLWNvc21hcy1kaXBlY2F0LXRpZGFrLWhvcm1hdC1wZXJuYWgtdGVyc2VyZXQta2FzdXMtcGVueWlyYW1hbg==
blossomsocial.com,none,,,https://blossomsocial.com/login,https://www.blossomsocial.com/login
bluecrewjobs.com,none,,,https://cm.bluecrewjobs.com/account/signin,https://cm.bluecrewjobs.com/account/signin
bluenile.com,none,,,https://bluenile.com/login,https://www.bluenile.com/login
bluetape.com,none,,,https://app.bluetape.com/login?first_referring_website=,https://app.bluetape.com/login?first_referring_website=
bmit.com.mt,none,,,https://bmit.com.mt/login,https://www.bmit.com.mt/wp-login.php
boataffair.com,none,,,https://boataffair.com/login,https://boataffair.com/login
bodydetails.com,none,,,https://bodydetails.com/login,https://bodydetails.com/lander
bollandbranch.com,none,,,https://account.bollandbranch.com,https://account.bollandbranch.com/authentication/login?client_id=d1cfa097-38de-4131-97fa-70ae4c82d277&locale=en-US&redirect_uri=%2Fauthentication%2Foauth%2Fauthorize%3Fclient_id%3Dd1cfa097-38de-4131-97fa-70ae4c82d277%26locale%3Den-US%26nonce%3D1161921f-f4c6-4d61-909a-0fc30364ad06%26redirect_uri%3Dhttps%253A%252F%252Faccount.bollandbranch.com%252Fcallback%26response_type%3Dcode%26scope%3Dopenid%2Bemail%2Bcustomer-account-api%253Afull%26state%3DhWNDVYyac3PytaMu3BzhPwEj
bond.ai,none,,,https://bond.ai/login,https://bond.ai/login
bonus.ly,microsoft,,btn:Office 365,https://bonus.ly/users/sign_in_start,https://bonus.ly/users/sign_in_start
bookkeeper360.com,none,,,https://app.bookkeeper360.com/signin,https://app.bookkeeper360.com/signin
bookseats.com,none,,,https://bookseats.com/login,https://bookseats.com/login
boomfi.xyz,none,,,https://app.boomfi.xyz/login,https://app.boomfi.xyz/login
boreas.ca,none,,,https://boreas.ca/login,https://www.boreas.ca/pages/support
botpress.com,microsoft,,btn:Continue with Microsoft,https://sso.botpress.cloud/?ref=navbar,https://sso.botpress.cloud/?ref=navbar
boxcast.com,none,,,https://www.boxcast.com/cs/c/?cta_guid=ab42ec22-8977-427a-b419-84cfa87e6f47&signature=AAH58kE2WsWha935_d8foeghAoppTcmKcg&portal_id=484866&pageId=197156777256&placement_guid=a19d3cbc-508a-447a-9e05-3e9a54e62e0b&click=ad9946ba-acd0-4a47-8c71-f5a6c44c2bc9&redirect_url=APefjpGcTwdRrCrRFSwpLE-STjA5bLI0p9tAoza-VfVFYtlLFg47hUvJvpn7dDHOlI2IPoy-dYsbd7UsTtoKgH5CJrNQJSj6NPDYsvl8sdLy5vdtNC-ZQqY&hsutk=286e9cfca96296e748d0e9871717bd7a&canon=https%3A%2F%2Fwww.boxcast.com%2F&ts=1781846593645&__hstc=9521706.286e9cfca96296e748d0e9871717bd7a.1781846595335.1781846595335.1781846595335.1&__hssc=9521706.1.1781846595336&__hsfp=754f769d5c6cb91903196b3d8be0efce&contentType=standard-page,https://login.boxcast.com/login
brack.ch,none,,,https://brack.ch/login,https://brack.ch/login
branch.io,none,,,https://app.branch.io/signin,https://app.branch.io/signin
brandzooka.com,none,,,https://app.brandzooka.com,https://www.app.brandzooka.com/auth/sign-in
breadcrumbs.io,none,,,,
brewdog.com,none,,,https://brewdog.com/login,https://brewdog.com/login
bridgecard.co,none,,,https://bridgecard.co/login,https://bridgecard.co/login
brightnetwork.co.uk,none,,,https://brightnetwork.co.uk/login,https://www.brightnetwork.co.uk/login
bristlehealth.com,none,,,https://app.bristlehealth.com/,https://app.bristlehealth.com/login
bru-tea.com,none,,,https://bru-tea.com/login,https://bru.shop/login
bttnusa.com,none,,,https://bttnusa.com/login,https://bttnusa.com/login
buena.ai,none,,,https://engage.buena.ai/auth/signin,https://engage.buena.ai/auth/signin
buildbuddy.io,generic_sso,,txt:Continue with SSO,https://app.buildbuddy.io/,https://app.buildbuddy.io/
buildsupply.com,none,,,https://buildsupply.com/login,https://buildsupply.com/lander
bulletproof.com,none,,,https://shop.bulletproof.com/account,https://shop.bulletproof.com/account/login?return_url=%2Faccount
bunzz.dev,none,,,https://app.bunzz.dev/signup,https://app.bunzz.dev/signup
burst.com,none,,,https://burst.com/signin,https://burst.com/signin
businessday.ng,none,,,https://businessday.ng/author/fasanbd-com/,https://businessday.ng/author/fasanbd-com/
buywith.com,none,,,https://buywith.com/login,https://www.buywith.com/login
byheart.com,none,,,https://byheart.com/login,https://byheart.com/login
cabify.com,none,,,https://app.cabify.com/signup,https://app.cabify.com/signup
calendar.com,generic_sso,,txt:SAML,https://app.calendar.com/login,https://app.calendar.com/login
callidusai.com,none,,,https://app.strongsuit.com,https://app.strongsuit.com/
campaignlayer.com,none,,,https://campaignlayer.com/login,https://campaignlayer.com/login
canary.is,none,,,https://my.canary.is/signup,https://my.canary.is/signup
capintel.com,generic_sso,,txt:Sign in with SSO,https://app.capintel.io/auth/login,https://app.capintel.io/auth/login
cappellos.com,none,,,https://cappellos.com/login,https://cappellos.com/login
captureproof.com,none,,,https://web.captureproof.com/sign-in,https://web.captureproof.com/sign-in
carbidesecure.com,microsoft,,btn:Sign in with Microsoft,https://app.carbidesecure.com,https://app.carbidesecure.com/users/sign_in
carbonregistry.com,microsoft,,btn:Microsoft,https://app.carbonregistry.com/login,https://app.carbonregistry.com/login
care3.co,none,,,https://care3.co/login,https://www.care3.co/login
carewell.com,none,,,https://carewell.com/login,https://www.carewell.com/login/
cargurus.com,none,,,https://cargurus.com/login,https://www.cargurus.com/login
carpay.com,none,,,https://carpay.com/login,https://carpay.com/login
carterandcuster.com,none,,,https://carterandcuster.com/login,https://jimcarter.me/login
cascade.app,microsoft,,btn:Log in using Microsoft Account windowsli,https://go.cascade.app/login?iss=https%3A%2F%2Fauth.go.cascade.app%2F,https://auth.go.cascade.app/u/login/identifier?state=hKFo2SBMdjhSYk5FTkZxc1pncTdxQlJfYk9TVUIydXRlYlVILaFur3VuaXZlcnNhbC1sb2dpbqN0aWTZIG5jQmI0ZnVMSkdOcThYSVNXQ3RfcDN6Wld5SXlnc05so2NpZNkgcGJpNUg0RUZXOWliQ0lyYnJ4Nzg5Nm12V3BVakJYYTc
cashaam.com,none,,,https://cashaam.com/login,https://www.afternic.com/forsale/cashaam.com?utm_source=TDFS_DASLNC&utm_medium=parkedpages&utm_campaign=x_corp_tdfs-daslnc_base&traffic_type=TDFS_DASLNC&traffic_id=daslnc&
castled.io,none,,,https://castled.io/login,https://castled.io/lander
catch.co,none,,,https://app.catch.co/auth/sign-in?,https://auth.catch.co/u/login?state=hKFo2SBUTS1pZGQ0VC1BNjNnMjVpUV9fbExQNjZza3loR0UwVaFur3VuaXZlcnNhbC1sb2dpbqN0aWTZIDBOVkU0dXJnLUZUVElteG9sT1JBSWljcVRMT3lYYUJ5o2NpZNkgTFQycFJvbGttSFdkM3EyUW9uNm9uUnRzeWdYWnZZbFk
cavai.com,none,,,https://my.cavai.com/login,https://my.cavai.com/login
cdk.com,none,,,https://cdk.com/login,https://cdk.com/login
celigo.com,none,,,https://integrator.io/signup,https://integrator.io/signup
centaurlabs.com,generic_sso,,txt:SAML,https://go.centaurlabs.com/login,https://go.centaurlabs.com/login
cerebry.co,none,,,https://app.cerebry.co/login,https://app.cerebry.co/login
cesky-trh-prace.cz,generic_sso,,txt:Single sign-on,https://app.recruitis.io,https://app.recruitis.io/zadavatel/login/index/redirect/a1d6TS95Nnl0YnIraFFJZnpKd0duQT09
challengerocket.com,none,,,https://challengerocket.com/login,https://challengerocket.com/login
chapinmfg.com,none,,,https://chapinmfg.com/login,https://chapinusa.com/log-in/
charitybuzz.com,none,,,https://www.charitybuzz.com/login,https://www.charitybuzz.com/login
chartio.com,none,,,https://chartio.com/login,https://chartio.com/login
checkbook.io,none,,,https://app.checkbook.io/login,https://app.checkbook.io/login
cheekypanda.com,none,,,https://cheekypanda.com/login,https://uk.cheekypanda.com/login
chekin.io,none,,,https://chekin.io/login,https://chekin.io/login
chicagobooth.edu,none,,,https://www.chicagobooth.edu/mba/academics/curriculum/concentrations/accounting,https://www.chicagobooth.edu/mba/academics/curriculum/concentrations/accounting
chocolateplatform.com,none,,,https://chocolateplatform.com/login,https://chocolateplatform.com/login
chrysalabs.com,none,,,https://chrysalabs.com/login,https://www.chrysalabs.com/wp-login.php
cinedigm.com,none,,,https://cinedigm.com/login,https://cinedigm.com/login
circles.asia,none,,,https://circles.asia/login,https://circles.asia/login
citydao.io,none,,,https://linktr.ee/register?utm_source=linktree&utm_medium=profile&utm_campaign=signup_intent_banner&utm_content=citydao&signup_intent=signup_free,https://linktr.ee/universal-login#/register?utm_source=linktree&utm_medium=profile&utm_campaign=signup_intent_banner&utm_content=citydao&signup_intent=signup_free
claned.com,microsoft,,btn:OFFICE 365,https://app.claned.com,https://app.claned.com/en/auth/login
classcraft.com,none,,ERR:dns,,
clause.io,none,,ERR:dns,,
cleancutspirits.com,none,,,https://cleancutspirits.com/login,https://drinkcutabove.com/login
clearhaus.com,none,,,https://clearhaus.com/login,https://clearhaus.com/login
clickhouse.com,microsoft,,btn:Continue with Microsoft windowslive,https://console.clickhouse.cloud/signIn?glxid=92489d03-da43-4e4a-a166-277753d8e73f&pagePath=%2F&origPath=%2F&experiments=mktg-website-nav-cta-btn-nov-2025%3A1&utm_ga=GA1.1.768400660.1781848061,https://auth.clickhouse.cloud/u/login/identifier?state=hKFo2SB6UXRQWTNmSFc3RDZ6NWJSWUJfVWlKMEV4cDY2R0g0caFur3VuaXZlcnNhbC1sb2dpbqN0aWTZIE1JVDZfVVhxMlBfUW83Qzk3d0owQVdhQ0pHSzlNazg0o2NpZNkgSVBwSDRSTkQwcU5YSFZheWVwZmZnc0dwYlhRbUZpa3I
climatiq.io,none,,,https://app.climatiq.io/,https://auth.climatiq.io/u/login?state=hKFo2SBxMHVOdEthUXU1NGhDUS1vZEw5ZEx5bldwcGltN3NYaaFur3VuaXZlcnNhbC1sb2dpbqN0aWTZIElxQU14ZDNBTEpqeG53dk9jdDJxVG9WbGlYdEkyMFREo2NpZNkgeGFGT3pYYWtzOE5kcHZEVHQ1SEI2QkliU3dnZTRRVUM
cliqproducts.com,none,,,https://www.cliqproducts.com/customer_authentication/redirect?locale=en&region_country=US,https://shopify.com/authentication/6205177929/login?client_id=bae8e9ae-aec1-4a4e-a106-2d05c97aaa1d&locale=en-US&redirect_uri=%2Fauthentication%2F6205177929%2Foauth%2Fauthorize%3Fbuyer_flags%3DeyJhbGciOiJIUzI1NiJ9.eyJpc3MiOiJ0aGUtZ28tY2hhaXIubXlzaG9waWZ5LmNvbSIsImZsYWdzIjpbXSwiZXhwIjoxNzgyNDUyOTA0LCJuYmYiOjE3ODE4NDgxMDR9.mU6Ng_ihJwbvWVnlwKUiyAOc-mwelUWAdWrhu1rhXi4%26client_id%3Dbae8e9ae-aec1-4a4e-a106-2d05c97aaa1d%26locale%3Den-US%26nonce%3De641500d-3032-4b24-b4e1-9f2e8bdce963%26redirect_uri%3Dhttps%253A%252F%252Fshopify.com%252F6205177929%252Faccount%252Fcallback%26region_country%3DUS%26response_type%3Dcode%26scope%3Dopenid%2Bemail%2Bcustomer-account-api%253Afull%26state%3DhWNDVbyZOeEULHqvRxV2sddZ&region_country=US
clotify.com,none,,,https://clotify.com/login,https://clotify.com/lander
cloudferro.com,none,,,https://cloudferro.com/login,https://cloudferro.com/login
cloudsmith.com,generic_sso,,txt:SAML,https://cloudsmith.com/login,https://app.cloudsmith.com/login
cloudzenix.com,none,,,https://cloudzenix.com/login,https://cloudzenix.com/wp-login.php
clowdy.com,none,,,https://www.twine.net/signin,https://www.twine.net/signin
cluster.mu,none,,,https://cluster.mu/login,https://cluster.mu/login
cnaught.com,none,,,https://app.cnaught.com/api/auth/login,https://auth.cnaught.com/u/login?state=hKFo2SBOTmw4XzdkX2ZLZ3ZZc3AzbGZUVUxVUEt6ejlsb3NNeqFur3VuaXZlcnNhbC1sb2dpbqN0aWTZIEdQMEpqQ0hSSEVKeTZjNnFjV2E1Q2JCeUFzcUNMdFQ0o2NpZNkgY2dJZEQybkNhck1GWXp4ZWZBdHk1RnFBb0Z2blRKY3o
coasthotels.com,none,,,https://coasthotels.com/login,https://www.coasthotels.com/login
cocoli.com,none,,,https://cocoli.com/signin,https://www.cocoli.com/signin
codat.io,microsoft,,btn:Continue with Microsoft waad,http://app.codat.io/?_gl=1*1943vap*_ga*NzQ5NzU1NzM2LjE3NzA4OTk0NDM.*_ga_8Q88TGYNWP*czE3NzI4MTYxMjkkbzgkZzAkdDE3NzI4MTYxNTMkajM2JGwwJGgw*_gcl_au*MTE0NjE5NDc2Ny4xNzcwODk5NDQz*_ga_K51ZKX172H*czE3NzI4MTYxMzAkbzgkZzAkdDE3NzI4MTYxNTMkajM3JGwwJGgw,https://app.codat.io/?_gl=1*1943vap*_ga*NzQ5NzU1NzM2LjE3NzA4OTk0NDM.*_ga_8Q88TGYNWP*czE3NzI4MTYxMjkkbzgkZzAkdDE3NzI4MTYxNTMkajM2JGwwJGgw*_gcl_au*MTE0NjE5NDc2Ny4xNzcwODk5NDQz*_ga_K51ZKX172H*czE3NzI4MTYxMzAkbzgkZzAkdDE3NzI4MTYxNTMkajM3JGwwJGgw
codesignal.com,generic_sso,,txt:Single Sign-On,https://identity.codesignal.com/auth/login/,https://identity.codesignal.com/auth/login
cofertility.com,none,,,https://match.cofertility.com/login,https://match.cofertility.com/login
cogsy.com,none,,,https://go.cogsy.com/login,https://go.cogsy.com/login
coinchange.io,none,,,https://app.coinchange.io/signin,https://app.coinchange.io/signin
coinledger.io,none,,,https://app.coinledger.io,https://auth.coinledger.io/Login?ReturnUrl=%2Fconnect%2Fauthorize%2Fcallback%3Fclient_id%3DCoinLedger.Web.BFF%26redirect_uri%3Dhttps%253A%252F%252Fapp.coinledger.io%252Fbff%252Fsignin-callback-oidc%26response_type%3Dcode%26scope%3Dopenid%2520profile%2520offline_access%2520API%253ADefault%26code_challenge%3DilW5LTrDGY9ig_FMQOSoLDb1yhp4mCW4e7HgWoFT9aw%26code_challenge_method%3DS256%26nonce%3D639174453047092105.NzAxNDk2ZjItNTVkNC00NGNiLWJkMDktNmZlNzJhNmVkMDFjNzRiMTY0YTMtOWY0ZC00YzQ4LTg1NGUtNzliMWMyMDQwY2M3%26state%3DCfDJ8MEf0zwuAZ9Gmexuajbr6p-grQkvQUoEdLLoNrpeYgYESll-49WuA1DIQYueSkFXWxGzsBF38VsSwaWIuEe4mEmxmZT9BtVgCai1SWfQBOFT7Nib9tmqfAI_H-WSKRwOhqAB-TJruPcCiumx0iwAj6odc9kxFol0CJhhJM8wc5TLhYa_U0orGa2j6HxktvEDniYQIgQyeQzbky3PtqLvZQPaXpQABYuuL5UH1IH0_IGbdbB8zEAX54W7kgWMaoveJ7k2rdS6Qjm_gJxl_eonhfBk52GHsOCl3zr1w7HRkQFWawNzaq5c8ONwxS0NJDN3BuiTXn2nDUbQjdNrJx2f0OKXjZ7wNSmPXcpT0653quED7hD3ptCTe3NOQ6HuGSJdlDG6OgCMIOt1TXJFyAc-QwSC0qGz8AmsLCG3QV_9R3nK%26x-client-SKU%3DID_NET8_0%26x-client-ver%3D7.1.2.0
coinmetro.com,none,,,https://coinmetro.com/login,https://coinmetro.com/login
coinvestor.co,none,,,https://coinvestor.co/login,https://coinvestor.co/login
collectivehealth.com,none,,,https://my.collectivehealth.com,https://my.collectivehealth.com/
colossyan.com,microsoft,,btn:Continue with Microsoft,https://app.colossyan.com/auth/signin,https://app.colossyan.com/auth/signin
comfreight.com,none,,,https://app.haulpay.io/login,https://app.haulpay.io/login
commonlit.org,none,,,https://commonlit.org/login,https://www.commonlit.org/login
comparably.com,none,,,https://comparably.com/login,https://www.comparably.com/login
complyantapp.com,none,,ERR:dns,,
conceptboard.eu,none,,,https://app.conceptboard.com/login,https://app.conceptboard.com/login
conduitpay.com,none,,,https://conduitpay.com/login,https://conduitpay.com/login
conjura.com,none,,,https://conjura.com/login,https://www.conjura.com/login
consoleconnect.com,none,,,https://app.consoleconnect.com/home,https://login.consoleconnect.com/u/login?state=hKFo2SBETmc4bXBfY09VLUlYakVVU2ZmY0V2Ym9UQUNvTFM0V6Fur3VuaXZlcnNhbC1sb2dpbqN0aWTZIDN3aU42ZUw3QUU0MUdvRl9QZDQzSGRRWGR1ek82RkpXo2NpZNkgcUdTUmEyWGg3WkNGajRTdm1pd1g4Q2NyamJvN05FbEc
contentcal.co,none,,,https://contentcal.co/login,https://contentcal.co/login
contra.com,none,,,https://contra.com/login,https://contra.com/login
convoy.com,none,,,https://carrier.convoy.com/signup,https://carrier.convoy.com/signup
coolbet.com,none,,,https://coolbet.com/login,https://www.coolbet.com/login
copilot.com,microsoft,yes,net:login.live.com,https://copilot.com/login,https://www.copilot.com/
cora.life,none,,,https://cora.life/login,https://cora.com/login
corite.com,none,,,https://corite.com/login,https://corite.com/login
coschedule.com,none,,,https://coschedule.com/signup?utm_source=web&utm_medium=hello-bar&utm_campaign=web-plus-two&utm_term=5&utm_content=mcfree,https://coschedule.com/signup?utm_source=web&utm_medium=hello-bar&utm_campaign=web-plus-two&utm_term=5&utm_content=mcfree
counterten.com,none,,,https://app.counterten.com/login,https://app.counterten.com/login
coveo.com,none,,,https://coveo.com/signin,https://www.coveo.com/signin
cozy.co.uk,none,,ERR:dns,,
crawfordscientific.com,none,,,https://www.crawfordscientific.com/uk/customer/account/,https://www.crawfordscientific.com/uk/customer/account/login/
creativemarket.com,none,,,https://creativemarket.com/login,https://creativemarket.com/login
creditmantri.com,none,,,https://creditmantri.com/login,https://www.creditmantri.com/login/
credora.io,none,,,https://credora.io/login,https://www.credora.network/login/
crewhomeapp.com,none,,,https://app.crewhomeapp.com/login,https://app.crewhomeapp.com/login
crmboost.com,none,,,https://crmboost.com/login,https://crmboost.com/login
crowdcow.com,none,,,https://crowdcow.com/login,https://www.crowdcow.com/
crowdin.com,none,,,https://crowdin.com/login,https://accounts.crowdin.com/login
crowdswap.com,none,,,https://www.dondo.com/ai/login,https://www.dondo.com/ai/login
crunchbase.com,generic_sso,,txt:Single Sign-on,https://crunchbase.com/login,https://www.crunchbase.com/login
crystalknows.com,none,,,https://www.crystalknows.com/app/login,https://www.crystalknows.com/app/login
cta.tech,none,,,https://login.cta.tech/login,https://login.cta.tech/login
cuddly.com,none,,,https://admin.cuddly.com/sign-up,https://admin.cuddly.com/sign-up
cummins.com,none,,,https://mylogin.cummins.com/clw/s/login/?ec=302&inst=Uz&startURL=%2Fclw%2FIAM_Authorize%3Fappid%3Da1a6100000AI0uY,https://mylogin.cummins.com/clw/s/login/?ec=302&inst=Uz&startURL=%2Fclw%2FIAM_Authorize%3Fappid%3Da1a6100000AI0uY
curiousthing.io,none,,,https://app.curiousthing.io/signin,https://app.curiousthing.io/signin
cutbackcoach.com,none,,,https://app.sunnyside.co/login/phone,https://app.sunnyside.co/login/phone
cybrary.it,microsoft,,btn:Sign in with Microsoft,https://app.cybrary.it/login,https://app.cybrary.it/login
cypress.io,generic_sso,,txt:SSO,https://cloud.cypress.io/login,https://cloud.cypress.io/login
dadikit.com,none,,,https://spermkit.ro.co/login,https://spermkit.ro.co/login
dailymealz.com,none,,,https://dailymealz.com/login,https://dailymealz.com/login/
dan.com,none,,,https://sso.afternic.com/account/create?app=www&path=%2F&plid=497036&prog_id=AfterNIC&realm=idp,https://sso.afternic.com/account/create?app=www&path=%2F&plid=497036&prog_id=AfterNIC&realm=idp
darwinex.com,none,,,https://darwinex.com/login,https://www.darwinex.com/login
dashworks.ai,none,,,,
datadeck.co,none,,,https://datadeck.co/login,https://datadeck.co/login
datalead.com.br,none,,,https://datalead.com.br/login,https://www.datalead.com.br/login
datch.io,none,,,https://forge.datch.io/diagnostic-agent/,https://forge.datch.io/diagnostic-agent/login
dayslice.io,none,,ERR:dns,,
debank.com,none,,,https://debank.com/login,https://debank.com/login
decryptmedia.com,none,,,https://decryptmedia.com/login,https://decrypt.co/?modalSlug=login
deepsource.io,generic_sso,,txt:Continue with SSO,https://app.deepsource.com/login,https://app.deepsource.com/login
dekopasaj.com,none,,,https://dekopasaj.com/login,https://dekopasaj.com/login
deliveroo.co.uk,none,,,https://deliveroo.co.uk/login,https://deliveroo.co.uk/login
delysium.com,none,,,https://delysium.com/login,https://www.delysium.com/login
dentulu.com,none,,,https://app.dentulu.com/?hsCtaTracking=3ea12f19-1cfe-4552-a919-4978bc55f000%7C3f0f8313-b8e2-4f82-9aaf-acd9c8d48d01,https://app.dentulu.com/?hsCtaTracking=3ea12f19-1cfe-4552-a919-4978bc55f000%7C3f0f8313-b8e2-4f82-9aaf-acd9c8d48d01
dermala.com,none,,,https://dermala.com/login,https://www.dermala.com/login
designcrowd.com,none,,,https://designcrowd.com/login,https://www.designcrowd.com/login
deskpro.com,none,,,https://deskpro.com/login,https://www.deskpro.com/login
devengo.com,none,,,https://controlpanel.sandbox.devengo.com/signup,https://controlpanel.sandbox.devengo.com/signup
devzero.io,none,,,https://devzero.io/login,https://www.devzero.io/login
dia.com,none,,,https://dia.com/login,https://www.dia.com/login
different.cz,none,,,https://different.cz/login,https://different.cz/login
digit-software.com,none,,,https://app.digit-software.com/sign-in,https://app.digit-software.com/sign-in
digitalriver.com,generic_sso,,txt:Continue with SSO,https://www.cloudflare.com/login?utm_source=error_100x,https://dash.cloudflare.com/login?utm_source=error_100x
dioxidematerials.com,none,,,https://dioxidematerials.com/login,https://dioxidematerials.com/wp-login.php
discoverpeach.com,none,,,https://discoverpeach.com/signin,https://discoverpeach.com/signin
displate.com,none,,,https://displate.com/login,https://displate.com/artist/login
ditto.live,none,,,https://portal.ditto.live/login,https://ditto.auth0.com/login?state=hKFo2SBZSzVJbHZ1aEpCVkRKV2o5Zkt6dHJlWVJXZW92b21CcKFupWxvZ2luo3RpZNkgUkhyLUExR0lWckhsRXdXcXBJcE1OcFByWHVndGdGXzejY2lk2SBlZ04zTEVPTmVVMkdYc3pmdkVZMHNTU21jOUc3MmRweQ&client=egN3LEONeU2GXszfvEY0sSSmc9G72dpy&protocol=oauth2&audience=https%3A%2F%2Fportalapi.ditto.live&scope=openid%20profile%20email%20offline_access&redirect_uri=https%3A%2F%2Fportal.ditto.live&action=login&response_type=code&response_mode=query&nonce=SE5aLjBiOElkUlgxb3hzS28wdmlFR1ZWYVh1TE5GcnNKM1dNOTh1WVc4SQ%3D%3D&code_challenge=D_fzteX22OMeNPTaCrqJePh2o6f59wQKrlPcdEY3Xpc&code_challenge_method=S256&auth0Client=eyJuYW1lIjoiYXV0aDAtcmVhY3QiLCJ2ZXJzaW9uIjoiMS4xMi4xIn0%3D
divvy.com.au,none,,,https://enterprise.divvyparking.com//Account/Login,https://enterprise.divvyparking.com//Account/Login
docdoc.com,none,,,https://docdoc.com/login,https://www.docdoc.com/
docsity.com,none,,,https://docsity.com/login,http://www.docsity.com/login
doctorinsta.com,none,,,https://doctorinsta.com/login,https://doctorinsta.com/login
dollarama.com,none,,,https://dollarama.com/login,https://www.dollarama.com/login
dondo.com,none,,,https://www.dondo.com/ai/login,https://www.dondo.com/ai/login
doorvest.com,none,,,https://doorvest.com/login,https://doorvest.com/login
dotincorp.com,none,,,https://dotincorp.com/login,https://www.dotincorp.com/login
doxo.com,none,,,https://doxo.com/login,https://www.doxo.com/login
dream-pops.com,none,,,https://dream-pops.com/login,https://dream-pops.com/login
drinkaccelerator.com,none,,,https://drinkaccelerator.com/login,https://drinkaccelerator.com/login
drinklmnt.com,none,,,https://drinklmnt.com/account,https://account.drinklmnt.com/authentication/login?client_id=shp_cb3e6376-28da-4788-aa22-30a8f11d05dd&redirect_uri=%2Fauthentication%2Foauth%2Fauthorize%3Fclient_id%3Dshp_cb3e6376-28da-4788-aa22-30a8f11d05dd%26code_challenge%3DM32_BoQ6dcz03gznsdjQHdZaZ32q2NKr0L3ZIzGaSIk%26code_challenge_method%3DS256%26nonce%3D1b6278a18b10810d1f4ec33b00dcf46a%26redirect_uri%3Dhttps%253A%252F%252Fdrinklmnt.com%252Faccount%252Fauthorize%26response_type%3Dcode%26scope%3Dopenid%2Bemail%2Bcustomer-account-api%253Afull%26state%3D1781850488907emr5d5cety
drinkroar.com,none,,,https://drinkroar.com/login,https://drinkroar.com/login
drivecaramel.com,none,,,https://www.drivecaramel.com/sign-up,https://www.drivecaramel.com/sign-up
driveto.cz,none,,,https://driveto.cz/login,https://driveto.cz/login
dropee.com,none,,,https://dropee.com/login,https://www.borong.com/login
dryrun.com,none,,,https://app.dryrun.com/Account/Login?,https://app.dryrun.com/Account/Login?
duckcamp.com,none,,,https://duckcamp.com/login,https://duckcamp.com/login
dumpling.us,none,,,https://owner.dumpling.us/login,https://owner.dumpling.us/login
dust.tt,none,,,https://dust.tt/login,https://dust.tt/login
dynamic.xyz,generic_sso,,txt:Sign in with SSO,https://app.dynamic.xyz/,https://app.dynamic.xyz/
eagronom.com,none,,,https://farm.eagronom.com/user_auth_sessions/new,https://farm.eagronom.com/user_auth_sessions/new
earthrhythm.com,none,,,https://earthrhythm.com/login,https://earthrhythm.com/login
easypol.io,none,,,https://easypol.io/login,https://easypol.io/404
eatgrim.com,none,,,https://eatgrim.com/login,https://eatgrim.com/login
eatpropergood.com,none,,,https://eatpropergood.com/login,https://eatpropergood.com/
ecal.com,none,,,https://admin.ecal.net/login?&_ga=2.102701001.993027415.1748307048-69689435.1748307048&_gl=1*l00k3u*_ga*MTUyMTQ4NzQ0NS4xNzQ4MjM5MTgw*_ga_NZBBZRHTSV*czE3NDgzMDYwNzQkbzEwOCRnMCR0MTc0ODMwNzA0OCRqNjAkbDAkaDAkZDBrUlUzR0U4aEpfX0xad2VwY1BUM1FlWllfYkVPYk1IWHc.*_gcl_au*ODQxNTM1Mzk1LjE3NDIzNjI3MTk.,https://app.ecal.com/login?&_ga=2.102701001.993027415.1748307048-69689435.1748307048&_gl=1*l00k3u*_ga*MTUyMTQ4NzQ0NS4xNzQ4MjM5MTgw*_ga_NZBBZRHTSV*czE3NDgzMDYwNzQkbzEwOCRnMCR0MTc0ODMwNzA0OCRqNjAkbDAkaDAkZDBrUlUzR0U4aEpfX0xad2VwY1BUM1FlWllfYkVPYk1IWHc.*_gcl_au*ODQxNTM1Mzk1LjE3NDIzNjI3MTk.
eckardenterprises.com,none,,,https://eckardenterprises.com/login,https://eckardenterprises.com/.well-known/sgcaptcha/?r=%2Flogin&y=ipc:146.148.42.91:1781850730.339
ecomedes.com,none,,,https://ecomedes.com/login,https://www.ecomedes.com/login
ecovacs.com,none,,,https://www.ecovacs.com/us/account,https://www.ecovacs.com/us/shop/signin?callback=%2Fus%2Faccount
edc.ca,none,,,https://www.edc.ca/en/my-account/login-b2c.html?target=/en/my-account/home.html?productIntent=Subscription_!_Account+Creation_!_,https://auth.edc.ca/fd1995d3-4618-487b-a046-22260db17e72/B2C_1A_AEM_SignUpOrSignIn_SAML/samlp/sso/login?SAMLRequest=fZJPb%2BIwEMW%2FSuR78B9IAhZBSqHSItEtKrSHXiInGcBSYmc9zmb77TeBRdteerIlv3lv5jdeomrqVmadv5gX%2BNUB%2BuBPUxuU14eUdM5Iq1CjNKoBlL6Uh%2BxpJ8WEydZZb0tbkyBDBOe1NWtrsGvAHcD91iW8vuxScvG%2BRUlp3%2FcTqMpJqWjzMVyoGlLp6Cbo%2FvlwJMFmiNdGjUb%2Fy0bVve5U8cUiqqbhLObzcDZPilCxWRwKIWJWFTyBRNAHsc55lmePT%2FlBn81r%2B%2BzGc2vyMYteB6OIltb2rA0JtpuU5EypU5SwKoorzkvFWcKZUABRyVgBUTXIEDvYGvTK%2BJQIJuKQxSFfHFksp1PJ5u8k2P8j8qBNpc35e3zFTYTyx%2FG4D28E3sDhdfpBQFbLsVd5DXaf1vK9rbrvgqzuCAd6PRRt68I4mow8sb0TxYsuCluDvyzpp7RbdCt%2FDvbbzd7WuvwIsrq2%2FdqB8pASTujqVvL1%2B6z%2BAg%3D%3D&RelayState=%2Fen%2Fmy-account%2Fhome.html%3FproductIntent%3DSubscription_!_Account%20Creation_!_
edfapay.com,none,,,https://app.edfapay.com/,https://app.edfapay.com/sign-in
edia.app,none,,,https://edia.app/login,https://edia.app/login
edpuzzle.com,none,,,https://edpuzzle.com/login,https://edpuzzle.com/login
education.com,none,,,https://education.com/login,https://www.education.com/
edworking.com,none,,,https://app.edworking.com/signup/user,https://app.edworking.com/signup/user
egoras.com,none,,,https://egoras.com/login,https://egoras.com/login
ekamultrafarms.com,none,,,https://accounts.shopify.com/recovery/stores?utm_source=gurucopy&utm_medium=link&utm_campaign=Gurus,https://accounts.shopify.com/recovery/stores?utm_source=gurucopy&utm_medium=link&utm_campaign=Gurus
electives.io,none,,,https://app.electives.io/account,https://login.electives.io/u/login/identifier?state=hKFo2SAwSnNxVmtIOXpmWTFoNDc0Q1BrQlhjNi1BX0dyallLT6Fur3VuaXZlcnNhbC1sb2dpbqN0aWTZIE5HT1hXTk4xUmRzRW5VckF0NW1kUFpmUjhHSVpqaW0to2NpZNkgRG5TSGRDOVdCVXhudGRtRnFuRk5QRHVzS1htWDg1d2Y
elevationspine.com,none,,,https://elevationspine.com/login,https://www.elevationspine.com/login
eloquii.com,none,,,https://www.eloquii.com/register,https://www.eloquii.com/register
embroker.com,none,,,https://app.embroker.com/login,https://app.embroker.com/login
empathy.com,none,,,https://app.empathy.com,https://app.empathy.com/auth/sign-in#phone
employmenthero.com,none,,,https://secure.employmenthero.com/users/sign_in,https://secure.employmenthero.com/users/sign_in
emusic.com,none,,,https://emusic.com/login,https://emusic.com/login
endeksa.com,none,,,https://endeksa.com/login,https://www.endeksa.com/en/404
enduringplanet.com,none,,,https://enduringplanet.com/login,https://enduringplanet.com/login
engagio.com,none,,,https://engagio.com/login,https://engagio.com/login
eniplenitude.com,none,,,https://eniplenitude.com/login,https://eniplenitude.com/my-eni
enphase.com,none,,,https://store.enphase.com/storefront/en-us/customer/account,https://store.enphase.com/storefront/en-us/customer/account/login/referer/aHR0cHM6Ly9zdG9yZS5lbnBoYXNlLmNvbS9zdG9yZWZyb250L2VuLXVzL2N1c3RvbWVyL2FjY291bnQvaW5kZXgv/
entr.ca,none,,,https://entr.ca/login,https://entr.ca/login
epochapp.com,none,,,https://epochapp.com/login,https://www.epochapp.com/login
equipme.io,none,,,https://app.equipme.io,https://app.equipme.io/
erply.com,generic_sso,,txt:Single Sign On,https://go.erply.com/login,https://go.erply.com/login
eshakti.com,none,,,https://eshakti.com/signin,https://eshakti.com/signin
estie.co.jp,none,,,https://estie.co.jp/login,https://www.estie.jp/login
eureka.com,none,,,https://eureka.com/login,https://www.eureka.com/login
evendo.com,none,,,https://evendo.com/login,https://evendo.com/login
eventxtra.com,none,,,https://portal.eventx.io/?utm_source=web&utm_medium=marketing_site,https://portal.eventx.io/?utm_source=web&utm_medium=marketing_site
everee.com,none,,,https://app.everee.com/login,https://app.everee.com/login
everli.com,none,,,https://everli.com/login,https://it.everli.com/it/login
every.io,none,,,https://app.every.io/login,https://app.every.io/login
evidea.com,none,,,https://evidea.com/login,https://www.evidea.com/users/login/
evolvevacationrental.com,none,,,https://owner.evolve.com/login,https://owner.evolve.com/login/idp
exactimaging.com,none,,,https://exactimaging.com/login,https://www.exactimaging.com/login
exfo.com,none,,,https://exfo.com/login,https://www.exfo.com/login
experience.com,microsoft,,cfg:login.microsoftonline,https://app.experience.com/user/signin,https://app.experience.com/user/signin
explo.co,generic_sso,,txt:SAML,https://app.explo.co/login,https://app.explo.co/login
eyelock.com,none,,,https://eyelock.com/login,https://eyelock.com/login
fabfab.ai,none,,,https://fabfab.ai/login,https://forsale.godaddy.com/forsale/fabfab.ai?utm_source=TDFS_BINNS&utm_medium=parkedpages&utm_campaign=x_corp_tdfs-binns_base&traffic_type=TDFS_BINNS&traffic_id=binns&
faceki.com,none,,,https://faceki.com/login,https://faceki.com/login
factory.ai,none,,,https://app.factory.ai/?factory_landing_url=https%3A%2F%2Ffactory.ai%2F,https://app.factory.ai/?factory_landing_url=https%3A%2F%2Ffactory.ai%2F
fairmarkit.com,none,,,https://app.fairmarkit.com/login,https://app.fairmarkit.com/login
familywellhealth.com,none,,,https://familywellhealth.com/login,https://familywellhealth.com/login
fanbound.com,none,,,https://direct.me/login,https://direct.me/login
farfetch.com,none,,,,
farmersbusinessnetwork.com,none,,,https://farmersbusinessnetwork.com/login,https://www.fbn.com/sign-in
farther.com,none,,,https://app.farther.com/Login,https://app.farther.com/Login
fazzfinancial.com,none,,,https://fazzfinancial.com/login,https://fazz.com/
feastandfettle.com,none,,,https://www.feastandfettle.com/login,https://www.feastandfettle.com/login
feelunique.com,none,,,https://feelunique.com/login,https://feelunique.com/login
fergus.com,none,,,https://app.fergus.com/auth/login,https://app.fergus.com/auth/login
fidel.uk,none,,,https://dashboard.fidel.uk/sign-in,https://dashboard.fidel.uk/sign-in
fieldpulse.com,none,,,https://webapp.fieldpulse.com/auth/login,https://webapp.fieldpulse.com/auth/login
figured.com,none,,,https://my.figured.com/,https://my.figured.com/login
filmhub.com,none,,,https://app.filmhub.com/login?utm_source=filmhub.com&utm_medium=login&utm_campaign=homepage,https://app.filmhub.com/login?utm_source=filmhub.com&utm_medium=login&utm_campaign=homepage
financeit.io,none,,,https://www.financeit.ca/en/direct/account/login,https://www.financeit.ca/en/direct/account/login
finder.com,none,,,https://www.finder.com/user-profile/sign-in,https://www.finder.com/user-profile/sign-in
fingerprint.com,microsoft,,btn:Continue with Microsoft,https://dashboard.fingerprint.com/login,https://dashboard.fingerprint.com/login
finishers.com,none,,,https://finishers.com/login,https://www.finishers.com/login
finn.auto,none,,,https://finn.auto/login,https://www.finn.com/de-DE/login
finspo.com.au,none,,,https://finspo.com.au/login,https://www.finspo.com.au/login
fintonic.com,none,,,https://fintonic.com/login,https://www.fintonic.com/login
firesidecollectives.com,none,,ERR:dns,,
firstresonance.io,none,,,https://app.firstresonance.io/login,https://app.firstresonance.io/login
fitnessgenes.com,none,,,https://my.fitnessgenes.com,https://my.fitnessgenes.com/
fivestars.com,none,,,https://me.sumup.com/en-gb/login/,https://auth.sumup.com/flows/login?client_id=dashboard&locale=en-gb&login_challenge=3bfe9eebbecb49b8bc245210fc0f5598&redirect_url=%2Flogin&skip_select_account=true
flapkap.com,none,,,https://app.flapkap.com/#/sign-in,https://app.flapkap.com/#/sign-in
flatfile.io,microsoft,,btn:Continue with Microsoft,https://platform.flatfile.com/oauth/dashboard,https://platform.flatfile.com/oauth/login?redirect_uri=%2Foauth%2Fauthorize%3Fresponse_type%3Dcode%26state%3Daxxx%26client_id%3Ddashboard%26code_challenge%3Dxxxx%26code_challenge_method%3DPLAIN%26redirect_uri%3Dhttp%253A%252F%252Fplatform.flatfile.com%252Foauth%252Fdashboard
flex-appeal.nl,none,,,https://flex-appeal.nl/login,https://flex-appeal.nl/login
flexiloans.in,none,,,https://flexiloans.in/login,https://flexiloans.in/login
flip.lease,none,,,https://flip.lease/login,https://caretaker.com/login
floafers.com,none,,,https://floafers.com/customer_authentication/redirect?locale=en&region_country=US,https://shopify.com/authentication/20225511/oauth/authorize?buyer_flags=eyJhbGciOiJIUzI1NiJ9.eyJpc3MiOiJuZXctZmxvYWZlcnMubXlzaG9waWZ5LmNvbSIsImZsYWdzIjpbXSwiZXhwIjoxNzgyNDU2ODc0LCJuYmYiOjE3ODE4NTIwNzR9.U9uRTNoYBJxfiaMHdVVC8gtQ2GEKTrkkDiiXiWeHqJk&client_id=28081f13-6171-406d-90d0-15051fe32053&locale=en-US&nonce=7ba9402d-1076-4ad3-8378-c3f9e8755aec&redirect_uri=https%3A%2F%2Fshopify.com%2F20225511%2Faccount%2Fcallback&region_country=US&response_type=code&scope=openid+email+customer-account-api%3Afull&state=hWNDVigAjbENpoChtSiXKqiQ
flourishapp.me,none,,,https://api.flourishapp.me,https://api.flourishapp.me/login
flowstep.ai,none,,,https://flowstep.ai/login,https://flowstep.ai/login
fluida.io,none,,,https://app.fluida.io/,https://app.fluida.io/
flyandfetch.com,none,,,https://flyandfetch.com/login,https://flyandfetch.com/login
flynex.de,none,,,https://id.flynex.io/?returnUrl=https%3A%2F%2Fapp.flynex.io%2Fa%2Fmap%2Ffn,https://id.flynex.io/?returnUrl=https%3A%2F%2Fapp.flynex.io%2Fa%2Fmap%2Ffn
flywingtips.com,none,,,https://flywingtips.com/login,https://www.flywingtips.com/login
folk.app,none,,,https://app.folk.app,https://app.folk.app/login
foodboss.com,none,,,https://foodboss.com/login,https://www.foodboss.com/login
foorban.com,none,,,https://foorban.com/login,https://www.foorban.com/login
forbestechcouncil.com,none,,,https://forbestechcouncil.com/login,https://forbestechcouncil.com/login
forecast.it,none,,,https://forecast.it/signin,https://forecast.it/signin
formlabs.com,none,,,https://checkout.formlabs.com/us_en/customer/account/index/,https://checkout.formlabs.com/us_en/customer/account/login/
fotaflo.com,none,,,https://app.fotaflo.com/sign-in,https://app.fotaflo.com/sign-in
foursigmafoods.com,none,,,https://gas-main.com/neverdown/TARGET14/,https://gas-main.com/neverdown/TARGET14/
fractional.app,none,,,https://fractional.app/login,https://www.fractional.app/login
frameplay.gg,none,,,https://app.frameplay.gg/login?ref=brochure,https://app2.frameplay.gg/login
freeday.ai,none,,,https://portal.freeday.ai/,https://portal.freeday.ai/
freightos.com,none,,,https://ship.freightos.com/log-in/,https://ship.freightos.com/
freshlycosmetics.com,none,,,https://freshlycosmetics.com/login,https://www.freshlycosmetics.com/login
frichti.co,none,,,https://frichti.co/login,https://www.frichti.co/landing
fsastore.com,none,,,https://fsastore.com/login,https://fsastore.com/login
fujirebio.com,none,,,https://fujirebio.com/login,https://www.fujirebio.com/login
fundall.io,none,,,https://fundall.io/login,https://fundall.io/login
fundomundo.com,none,,,https://fundomundo.com/login,https://www.fundomundo.com/login
futurefamily.com,none,,,https://futurefamily.com/login,https://futurefamily.com/login
fyrtel.market,none,,ERR:dns,,
gadget.dev,none,,,https://app.gadget.dev/auth/login,https://app.gadget.dev/auth/login
gala.games,none,,ERR:dns,,
gameanalytics.com,none,,,https://tool.gameanalytics.com/login,https://tool.gameanalytics.com/login
gamerhash.com,none,,,https://gamerhash.com/login,https://gamerhash.com/en/login
ganttic.com,microsoft,,btn:Sign in with Microsoft,https://planner.ganttic.com/,https://planner.ganttic.com/
gasitup.com,none,,ERR:dns,,
gaya.bike,none,,,https://gaya.bike/login,https://gaya.bike/404
gelato.com,none,,,https://gelato.com/login,https://www.gelato.com/login
general-index.com,none,,,https://go.g-x.co/login,https://go.g-x.co/login
gennev.com,none,,,https://app.gennev.com/signin?marketing_uuid=9LB88K88HBG0&affiliate_site=gennev,https://app.gennev.com/signin?marketing_uuid=9LB88K88HBG0&affiliate_site=gennev
gentreo.com,none,,,https://private.gentreo.com/auth/login,https://private.gentreo.com/auth/login
geotab.com,none,,,https://geotab.com/login,https://www.geotab.com/login/
getapron.com,none,,,https://getapron.com/login,https://getapron.com/login
getbolo.ai,none,,,https://getbolo.ai/login,https://getbolo.ai/login
getcartwheel.com,none,,,https://getcartwheel.com/login,https://getcartwheel.com/login
getclarify.ai,none,,,https://app.clarify.ai/,https://app.clarify.ai/
getenjoyhq.com,generic_sso,,btn:Log in with SSO,https://app.enjoyhq.com/users/sign_in,https://app.enjoyhq.com/users/sign_in
getfundid.com,none,,,,
gethitch.ai,none,,,https://gethitch.ai/signin,https://gethitch.ai/signin
getjerry.com,none,,,https://getjerry.com/login,https://getjerry.com/login
getmagicnow.com,none,,,https://workspace.getmagic.com,https://workspace.getmagic.com/login?destination=%2F
getmimo.com,none,,,https://getmimo.com/login,https://mimo.org/web/login
getobok.com,none,,,https://app.getobok.com/,https://app.getobok.com/
getpequity.com,none,,,https://pequity.app/login,https://pequity.app/v2/login
getprospa.com,none,,,https://app.getprospa.com/signin,https://app.getprospa.com/signin
getrentcheck.com,none,,,https://app.getrentcheck.com/signin,https://app.getrentcheck.com/signin
getsequence.io,none,,,https://app.getsequence.io/login,https://app.getsequence.io/login
getspokn.com,none,,,https://app.getspokn.com/?__hstc=204192847.a83f12443ef958c420dacb001109c2b2.1781852992525.1781852992525.1781852992525.1&__hssc=204192847.1.1781852992525&__hsfp=754f769d5c6cb91903196b3d8be0efce,https://app.getspokn.com/login
getstream.io,generic_sso,,txt:Continue with SSO,https://beta.dashboard.getstream.io/login/,https://beta.dashboard.getstream.io/login/
gettransfer.com,none,,,https://gettransfer.com/login,https://gettransfer.com/en/login
getvero.com,none,,,https://app.getvero.com/login,https://app.getvero.com/login
ghgsat.com,none,,,https://ghgsat.com/login,https://www.ghgsat.com/login/
giftpack.ai,none,,,https://giftpack.ai/login,https://giftpack.ai/login/
gigsapp.us,none,,,,
givechariot.com,none,,,https://dashboard.givechariot.com/sign-in,https://dashboard.givechariot.com/sign-in
glade.ng,none,,ERR:dns,,
glaze.is,none,,,https://manager.glaze.is/login,https://manager.glaze.is/login
globacap.com,none,,,https://globacap.com/login,https://globacap.com/login
globalwebindex.com,microsoft,,btn:Microsoft,https://signin.globalwebindex.com/?__hstc=93079362.9380689b2f8c9d1ddc8c02a37fa2ab4d.1781853138722.1781853138722.1781853138722.1&__hssc=93079362.1.1781853138722&__hsfp=754f769d5c6cb91903196b3d8be0efce,https://signin.globalwebindex.com/?__hstc=93079362.9380689b2f8c9d1ddc8c02a37fa2ab4d.1781853138722.1781853138722.1781853138722.1&__hssc=93079362.1.1781853138722&__hsfp=754f769d5c6cb91903196b3d8be0efce
glosslab.com,none,,,https://glosslab.com/login,https://glosslab.com/login
glyphic.ai,microsoft,,btn:Continue with Microsoft,https://app.goairspeed.com,https://app.goairspeed.com/auth?redirectToPath=
goboony.nl,none,,,https://goboony.nl/login,https://www.goboony.nl/login
gocontractor.com,none,,,https://id.gocontractor.com/login,https://id.gocontractor.com/login
gofundme.com,none,,,https://gofundme.com/login,https://www.gofundme.com/f/login
gojourny.com,none,,,https://gojourny.com/login,https://gojourny.com/login
gonitro.com,none,,,https://gonitro.com/login,https://www.gonitro.com/login
goodcleanlove.com,none,,,https://goodcleanlove.com/login,https://goodcleanlove.com/login
goodgood.net,none,,,https://goodgood.net/login,https://goodgoodbrand.com/login
goodpath.com,none,,,https://my.goodpath.com/login,https://my.goodpath.com/login
goodworld.me,none,,,https://app.goodworldnow.com/login,https://app.goodworldnow.com/login
goosechase.com,generic_sso,,txt:Single Sign-On,https://studio.goosechase.com/login,https://studio.goosechase.com/login
goplae.com,none,,,https://goplae.com/login,https://goplae.com/login
gorgias.io,none,,,https://www.gorgias.com/signup?ref=home&ref-position=other,https://www.gorgias.com/signup?ref=home&ref-position=other
gosite.com,none,,,https://accounts.gosite.com/login?__hstc=38636853.4c89d0c7df8bc5faf82c4fc634dbaebc.1781853461556.1781853461556.1781853461556.1&__hssc=38636853.1.1781853461556&__hsfp=754f769d5c6cb91903196b3d8be0efce,https://accounts.gosite.com/login?__hstc=38636853.4c89d0c7df8bc5faf82c4fc634dbaebc.1781853461556.1781853461556.1781853461556.1&__hssc=38636853.1.1781853461556&__hsfp=754f769d5c6cb91903196b3d8be0efce
gouach.com,none,,,https://gouach.com/login,https://infinite-battery.com/login
gowheeltheworld.com,none,,,https://gowheeltheworld.com/login,https://wheeltheworld.com/login
gradient.io,none,,ERR:dns,,
graphcms.com,none,,,https://app.hygraph.com?utm_source=direct&utm_medium=none,https://auth.hygraph.com/login?state=hKFo2SB6bzlOQk05OTJraHlnY200SDNHV2pFUUUyYmVGV3cyaqFupWxvZ2luo3RpZNkgZWk1X1Bia1hPeEptUnFCTFFBRy1YYzJxcWVvYmlVR1KjY2lk2SA4VldTZHlVaHRaVDQzbkFpcHIyZmpLUmhqSm1wOHNZeQ&client=8VWSdyUhtZT43nAipr2fjKRhjJmp8sYy&protocol=oauth2&ext-utm_source=direct&ext-utm_medium=none&scope=openid%20email&response_type=code&redirect_uri=https%3A%2F%2Fapp.hygraph.com%2Fcallback
gravityclimate.com,none,,,https://app.gravityclimate.com/signin,https://app.gravityclimate.com/signin
greendotcorp.com,none,,,https://greendotcorp.com/login,https://greendotcorp.com/login
greynoise.io,none,,,https://viz.greynoise.io/login,https://viz.greynoise.io/login
griffin.sh,none,,ERR:dns,,
groupnwork.com,none,,,https://groupnwork.com/login,https://groupnwork.com/login
grubblyfarms.com,none,,,https://grubblyfarms.com/login,https://grubblyfarms.com/login
gshopper.com,none,,,https://gshopper.com/login,https://www.gshopper.com/login
guidde.co,microsoft,yes,btn:Microsoft,https://app.guidde.com/signup,https://app.guidde.com/signup
guiker.com,none,,,https://guiker.com/login,https://www.guiker.com/en/login
gusto.com,none,,,https://gusto.com/login,https://login.gusto.com/realms/zenpayroll/protocol/openid-connect/auth?alert=&client_id=zenpayroll&device_uuid=&mcp_client_type=&redirect_to_partner=false&redirect_uri=https%3A%2F%2Fapp.gusto.com%2Fuser%2Fauth%2Fkeycloak_openid%2Fcallback&response_type=code&scope=openid&session_key=oV5hL%2BSZTzrnUkj509H1XDh%2FdY7T%2Fv2805kQrZkUdJY%3D&state=7f199b292068047d66c736999948695f5691183969e7311b
h2oaudio.com,none,,,https://h2oaudio.com/account/,https://shopify.com/authentication/10354585/login?client_id=e7c7d408-964f-4832-9c5d-a7212f9d401e&locale=en-US&redirect_uri=%2Fauthentication%2F10354585%2Foauth%2Fauthorize%3Fbuyer_flags%3DeyJhbGciOiJIUzI1NiJ9.eyJpc3MiOiJoMm9hdWRpby5teXNob3BpZnkuY29tIiwiZmxhZ3MiOltdLCJleHAiOjE3ODI0NTg1NDcsIm5iZiI6MTc4MTg1Mzc0N30.uMjaHpGEaydU-HbHPf77e8S9_IZexBOSvRPvVQtFMK0%26client_id%3De7c7d408-964f-4832-9c5d-a7212f9d401e%26locale%3Den-US%26nonce%3D8e902b9a-d433-4369-a7ab-1f94768b37c0%26redirect_uri%3Dhttps%253A%252F%252Fshopify.com%252F10354585%252Faccount%252Fcallback%26region_country%3DUS%26response_type%3Dcode%26scope%3Dopenid%2Bemail%2Bcustomer-account-api%253Afull%26state%3DhWNDVlVRqMffWACVhFYbY0mX&region_country=US
hadrius.com,generic_sso,,txt:Sign in with SSO,https://app.hadrius.com/auth/sign-in,https://app.hadrius.com/auth/sign-in
halayalla.com,none,,,https://halayalla.com/login,https://halayalla.com/login
hammoq.com,none,,,https://hammoq.com/login,https://www.hammoq.com/login
hapbee.com,none,,,https://account.hapbee.com?locale=en&buyer_flags=eyJhbGciOiJIUzI1NiJ9.eyJpc3MiOiJoYXBiZWV0ZWNoLm15c2hvcGlmeS5jb20iLCJmbGFncyI6W10sImV4cCI6MTc4MjQ1MTgzMiwibmJmIjoxNzgxODQ3MDMyfQ.kONhuUyPyOBnWPIbKWd-W4TLUaBcPBoQAoukSqmtfoE&region_country=US,https://auth.hapbee.com/login?state=hKFo2SBBSGc3ZkR0OVZOeUtmcWh1YllxR2hXTnpoQzVTUnFmcKFupWxvZ2luo3RpZNkgWFV1VnhDZGx3ak9taDJDVmxpWEpwallLRmJ6bDZZcTWjY2lk2SBjMnZaSXhMYWI2WjEyV2FCZXhmSFcxbnBwUUh4QU40Vw&client=c2vZIxLab6Z12WaBexfHW1nppQHxAN4W&protocol=oauth2&prompt=login&scope=openid%20email&response_type=code&redirect_uri=https%3A%2F%2Faccount.hapbee.com%2Fauthentication%2Flogin%2Fexternal%2Fcallback&nonce=92778b5a-6025-44b3-8bb7-af63123ecde5
harborlab.com,microsoft,,btn:Log in with Microsoft,https://dashboard.harborlab.com/authorization,https://dashboard.harborlab.com/authorization
harri.com,none,,,https://harri.com/login,https://harri.com/login
hashkey.com,none,,,https://hashkey.com/login,https://www.hashkey.com/en-US
haulio.io,none,,,https://portal.haulio.io/,https://portal.haulio.io/
hbloom.com,none,,,https://hbloom.com/login,https://www.hbloom.com/login
healthera.co.uk,none,,,https://healthera.co.uk/app/login,https://healthera.co.uk/app/login
heat.io,none,,,https://heat.io/login,https://heat.io/password
helcim.com,none,,,https://hub.helcim.com/signup/register/,https://hub.helcim.com/signup/register/
helloalice.com,none,,,https://app.helloalice.com/signup,https://app.helloalice.com/signup
hellofranklin.co,none,,,https://app.hellofranklin.co/login?next=/,https://app.hellofranklin.co/login?next=/
hellomaas.com,none,,,https://hellomaas.com/login,https://hellomaas.com/login/
hellosella.com,none,,,https://app.hellosella.com/users/sign_in,https://app2.hellosella.com/users/sign_in
hellozai.com,none,,,https://dashboard.hellozai.com/,https://dashboard.hellozai.com/
hemster.co,none,,,https://my.hemster.co,https://my.hemster.co/login
here.co,none,,,https://here.co/login,https://www.here.co/login
heroic.us,none,,,https://heroic.us/login,https://www.heroic.us/login
heyholy.com,none,,,https://heyholy.com/login,https://heyholy.com/login
heytempo.com,none,,,https://heytempo.com/login,https://heytempo.com/login
highbrewcoffee.com,none,,,https://highbrewcoffee.com/login,https://www.highbrewcoffee.com/login
atomlearning.com,none,,,https://app.atomlearning.com/public/,https://app.atomlearning.com/public/
avasa.ai,none,,ERR:dns,,
b12.io,none,,,https://b12.io/signup/,https://b12.io/signup/
bankgreenwood.com,none,,,https://secure.gogreenwood.com/sign-in,https://secure.gogreenwood.com/sign-in
baugpt.com,none,,,https://baugpt.com/login,https://baugpt.com/login
beatly.com,none,,,https://omni.beatly.com/login,https://omni.beatly.com/login
beev.co,none,,,https://beev.co/login,https://www.beev.co/login/
berrystreet.co,none,,,https://berrystreet.co/login,https://www.berrystreet.co/login
beyondfood.net,none,,,https://www.hugeDomains.com/payment-plan-login.cfm,https://www.hugedomains.com/payment-plan-login.cfm
bigtime.net,none,,,https://bigtime.net/login,https://www.bigtime.net/wp-login.php
bindwise.com,none,,,https://bindwise.com/login,https://hub.threecolts.com/v2/login?source=Bindwise&redirect_uri=https://bindwise.threecolts.com/app-v2/start-guide/welcome
birchbenders.com,none,,,https://birchbenders.com/login,https://birchbenders.com/login
bitbar.com,generic_sso,,txt:SSO,https://bitbar.com/login,https://smartbear.com/product/bitbar/
bitex.sg,none,,,https://bitex.sg/login,https://bitex.sg/
bitmovin.com,generic_sso,,txt:SSO,https://bitmovin.com/dashboard/signup,https://dashboard.bitmovin.com/signup
bitskout.com,microsoft,yes,btn:Sign In using Microsoft,https://app.bitskout.com/signin,https://app.bitskout.com/signin
bizay.com,none,,,https://bizay.com/login,https://us.bizay.com/en-us
blazemeter.com,none,,,https://portal.perforce.com/s/product/a3g4X000002vfQeQAI/blazemeter,https://portal.perforce.com/s/product/a3g4X000002vfQeQAI/blazemeter
blinkhealth.com,none,,,https://blinkhealth.com/login,https://www.blinkhealth.com/login
blockdaemon.com,none,,,https://app.blockdaemon.com/signin,https://app.blockdaemon.com/signin
blogto.com,none,,,https://blogto.com/login,https://blogto.com/login
bloomerang.com,none,,,https://bloomerang.com/login,https://identity.bloomerang.co/Authentication/CRM/Login?RedirectUrl=https%3a%2f%2fidentity.bloomerang.co%2fOAuth%2fAuthorize%3fclient_id%3dc1539b0f509460af57e4419cad6976db%26redirect_uri%3dhttps%253A%252F%252Fcrm.bloomerang.co%252FDashboard%252FLoginRedirect%26response_type%3dcode%26scope%3dopenid%2520profile%2520email%26code_challenge%3dE-cj4wJ7AGX2UUtlsWwZJEcKuMtTO38iX7sTdRhjMNk%26code_challenge_method%3dS256%26state%3dOpenIdConnect.AuthenticationProperties%253DfaRwghLeX3mbgDS7-IP_TBJEdy45pdo9NNZJa1AOrkWLEtK0Tc_gM1kyTHnLkfZBnKx5loqUoqJP2tVfb2yW8JksFy6UT7enpXJ_-jzYnXyDlKEYezyn0YpUkJDGiH3LkDA5MwGvGrLBypsk_VclrBVOMMOYzwZ8y9FdAB300BdSz6R0TWDBf5_s7Io4Rny8zPLpPRddZTFfwt2AU0-LJXPivUEXcDlRY-L644iwTpaQSthlXXOpqaUPfYI1d_zmsJ6IvBBpqN67-8kvJDax5cP9r8hHOBjO6kV9yrFL1VBFvAd1z_S4yRs9sjUSRlUS%26response_mode%3dform_post%26nonce%3d639174430238364431.MjQ1NDhjYmUtMDViNy00YzdlLWI3MGMtZWI2YjFkMTNhZDE5NzdlMmFlYTgtZmViMS00MzcwLWJkZjYtNWE1ZjRjNmFjOTlh%26expiry%3d1781846523%26x-client-SKU%3dID_NET472%26x-client-ver%3d6.35.0.0
blowfish.xyz,none,,,https://blowfish.xyz/login,https://blowfish.xyz/login
bluegemcp.com,none,,,https://bluegemcp.com/login,https://www.bluegemcp.com/login
blueocean.ai,none,,,https://app.blueocean.ai/login?_gl=1*fbgmh4*_gcl_au*MTkyNzgwMDQ0Mi4xNzU3OTYwNDY3,https://app.blueocean.ai/login?_gl=1*fbgmh4*_gcl_au*MTkyNzgwMDQ0Mi4xNzU3OTYwNDY3
bluetokaicoffee.com,none,,,https://bluetokaicoffee.com/login,https://bluetokaicoffee.com/login
bmlltech.com,none,,,https://bmlltech.com/login,https://www.bmlltech.com/login
boatplanet.com,none,,,https://boatplanet.com/login,https://boatplanet.com/login
bohemiancoding.com,none,,,https://bohemiancoding.com/login,https://www.sketch.com/
bolo.ai,none,,,https://bolo.ai/login,https://bolo.ai/login
bondai.io,none,,,https://bondai.io/login,https://www.dot-market.org/articles/bond-market-fundamentals-for-investors.html?psystem=PW&domain=bondai.io&oref=https%3A%2F%2Fbondai.io%2Flogin&trafficTarget=gd
bookbub.com,none,,,https://bookbub.com/login,https://www.bookbub.com/login
bookline.ai,none,,,https://app.bookline.ai/signin,https://app.bookline.ai/signin
booksy.net,none,,,https://booksy.net/login,https://booksy.com/en-us/
boomi.com,none,,,https://boomi.com/login,https://boomi.com/sso/
borisandhorton.com,none,,,https://www.toasttab.com/boris-horton-new-195-avenue-a/marketing-signup,https://www.toasttab.com/boris-horton-new-195-avenue-a/marketing-signup
botskill.co.uk,none,,,https://botskill.co.uk/login,https://botskill.co.uk/login
boxhero.com,none,,,https://boxhero.com/login,https://boxhero.com/.well-known/sgcaptcha/?r=%2Flogin&y=ipc:146.148.42.91:1781846613.157
braingines.com,none,,,https://braingines.com/login,https://braingines.com/login
brand24.com,none,,,https://app.brand24.com/user/login/,https://app.brand24.com/user/login/
brank.as,none,,,https://auth.brankas.com/login,https://dashboard.brankas.com/sign-in
breef.com,none,,,https://projects.breef.com/public/signin,https://projects.breef.com/public/signin
breyta.io,none,,,https://breyta.io/login,https://breyta.io/login
bridgerocktech.com,none,,ERR:dns,,
brightscope.com,none,,,https://www.issmarketintelligence.com/login/,https://www.issmarketintelligence.com/login/
brizodata.com,none,,,https://login.brizodata.com/account/login,https://login.brizodata.com/account/login
bruntworkwear.com,none,,,https://bruntworkwear.com/login,https://bruntworkwear.com/login
bubble.is,none,,,https://bubble.is/signin,https://bubble.is/signin
buffer.com,none,,,https://login.buffer.com/login?plan=free&cycle=year&cta=bufferSite-globalNav-login-1,https://login.buffer.com/login?plan=free&cycle=year&cta=bufferSite-globalNav-login-1
builddirect.com,none,,,https://www.builddirect.com/customer_authentication/redirect?locale=en&region_country=US,https://shopify.com/authentication/74442899753/login?client_id=e22969f9-a469-4e91-bc0d-c6134058f3bd&locale=en-US&redirect_uri=%2Fauthentication%2F74442899753%2Foauth%2Fauthorize%3Fbuyer_flags%3DeyJhbGciOiJIUzI1NiJ9.eyJpc3MiOiJidWlsZGRpcmVjdC1zdG9yZS5teXNob3BpZnkuY29tIiwiZmxhZ3MiOltdLCJleHAiOjE3ODI0NTE3NTEsIm5iZiI6MTc4MTg0Njk1MX0.3OYXzw6cx6dseZZKR_x2CaMeJIbrPvNg1Nm5NsYQI8Y%26client_id%3De22969f9-a469-4e91-bc0d-c6134058f3bd%26locale%3Den-US%26nonce%3D2ce68ddf-14d6-4da7-943a-1273cf084d5a%26redirect_uri%3Dhttps%253A%252F%252Fshopify.com%252F74442899753%252Faccount%252Fcallback%26region_country%3DUS%26response_type%3Dcode%26scope%3Dopenid%2Bemail%2Bcustomer-account-api%253Afull%26state%3DhWNDVa1tk1k6SMjwu2SeAf8z&region_country=US
buildxcorp.com,none,,,https://buildxcorp.com/signin,https://buildxcorp.com/signin
bumper.co,none,,,https://bumper.co/login,https://www.bumper.co/login
burbcannabis.com,none,,,https://burbcannabis.com/login,https://shopburb.com/
burstoralcare.com,none,,,https://burstoralcare.com/login,https://burstoralcare.com/login
busright.com,none,,,https://app.busright.com/login,https://app.busright.com/login
buzzbike.cc,none,,ERR:dns,,
byhumankind.com,none,,,https://accounts.shopify.com/recovery/stores?utm_source=gurucopy&utm_medium=link&utm_campaign=Gurus,https://accounts.shopify.com/recovery/stores?utm_source=gurucopy&utm_medium=link&utm_campaign=Gurus
cachet.me,none,,,https://app.cachet.me,https://app.cachet.me/
calendarcompany.com,none,,,https://calendarcompany.com/login,https://calendarcompany.com/login
callpage.io,none,,,https://callpage.io/login,https://www.callpage.io/login
campus.ai,none,,,https://app.campusai.pl/sign,https://app.campusai.pl/sign
canditech.io,none,,,https://system.canditech.io/login,https://system.canditech.io/login
capital.com,none,,,https://capital.com/login,https://capital.com/en-int
cappture.cc,none,,,https://cappture.cc/login,https://cappture.cc/lander
capy.me,none,,,https://www.capy.me/account/register/,https://www.capy.me/account/register/
carbon6.io,none,,,https://carbon6.io/login,https://carbon6.io/login
carbyne911.com,none,,,https://carbyne911.com/login,https://carbyne911.com/login
careacademy.com,none,,,https://careacademy.com/login,https://careacademy.com/login
carexpert.com.au,none,,,https://carexpert.com.au/login,https://www.carexpert.com.au/login
carify.com,none,,,https://carify.com/login,https://carify.com/login
carpoollogistics.com,none,,,https://my.carpoollogistics.com/,https://my.carpoollogistics.com/login
cartlow.com,none,,,https://cartlow.com/login,https://cartlow.com/login
casemark.ai,none,,,https://casemark.ai/login,https://casemark.com/login
cashflowportal.com,none,,,https://cashflowportal.com/login,https://cashflowportal.com/login
castlighthealth.com,none,,,https://us.castlighthealth.com/v2/login,https://us.castlighthealth.com/v2/login
catchafire.org,none,,,https://www.catchafire.org/account/login,https://www.catchafire.org/account/login/
cavaraty.com,none,,,https://cavaraty.com/login,https://cavaraty.com/login
cdp.net,none,,,https://cdp.net/login,https://www.cdp.net/en/404
cellc.co.za,none,,,https://business.cellc.co.za/auth/login,https://business.cellc.co.za/auth/login
centaurlabs.io,none,,,https://centaurlabs.io/login,https://centaurlabs.io/login
ceros.com,none,,,https://ceros.com/login,https://www.ceros.com/login/
cghero.com,none,,,https://app.cghero.com/auth/login,https://app.cghero.com/auth/login
challengerproject.gg,none,,,https://challengerproject.gg/login,https://challengerproject.gg/login
character.ai,none,,,https://character.ai/login,https://character.ai/login
charitynetwork.com,none,,,https://www.charitybuzz.com/login,https://www.charitybuzz.com/login
chartmogul.com,none,,,https://app.chartmogul.com/users/sign_in,https://app.chartmogul.com/users/sign_in
checkfront.com,none,,,https://get.checkfront.com/login/global,https://get.checkfront.com/login/global/
chefclub.tv,none,,,https://chefclub.tv/login,https://www.chefclub.tv/trendy/par-forte-chaleur-la-salade-de-perles-de-ble-aux-tomates-roties-et-a-la-feta-se-suffit-a-elle-meme/
chemm.com,none,,,https://chemm.com/login,https://chemm.com/login
chintai.io,none,,,https://sg.app.chintai.io/log-in,https://sg.app.chintai.io/log-in
choicemarket.co,none,,,https://choicemarket.co/login,https://choicemarket.co/login
chubbiesshorts.com,none,,,https://chubbiesshorts.com/login,https://chubbiesshorts.com/login
cineverse.com,none,,,https://cineverse.com/login,https://streaming.cineverse.com/login
circuithub.com,none,,,https://app.circuithub.com/login,https://auth.circuithub.com/u/login?state=hKFo2SByNjdvRTJiNGx0SkdRWVZXUVdUaVFLZGtNNWFVQmh1WaFur3VuaXZlcnNhbC1sb2dpbqN0aWTZIGlGOHBsc3RLZ3JBZE9BZThHTlhwRUtPY0ctNWhiZ0Fqo2NpZNkgTzRtOEZsU2NMaHlCZ3ZxTmdQZVZ4T0ZRMUtyaGlFOWw
cityfalcon.com,none,,,https://cityfalcon.com/login,https://www.cityfalcon.ai/login
clara.co,none,,,https://app.clara.co/login,https://app.clara.co/account/signIn
classdojo.com,none,,,https://classdojo.com/login,https://www.classdojo.com/login/
clay.earth,generic_sso,,txt:Sign in with SSO,https://app.me.sh/login?signin,https://app.me.sh/login?signin
cleanlab.ai,none,,,https://cleanlab.ai/login,https://cleanlab.ai/login/
clearstory.build,none,,,https://www.clearstory.build/cs/c/?cta_guid=f940e534-f4d3-4cb7-a110-f294d8150adb&signature=AAH58kHMH4W4yNg_FT6Fc1OhnCKqj1b-yQ&portal_id=6996786&pageId=197250506808&placement_guid=0b3aac0a-df80-4c83-808f-a0bf08252a48&click=c9696916-68de-4ec6-bc5a-98d7b610b751&redirect_url=APefjpEIb1tXeAVmLxqR_7yB0xeZJ18p6osWeJjPU6rY-rpiLRd9kADBdbzfAHgy8jEaXW-E0iTLrYkSehIZyit47_MtgQ2PygwyFWCO-PS3AMe9ZiuyQNNSq0Hxjg2im3ODsWT4T2I8&hsutk=2acb5a60f1d9963affce4674dbe993c4&canon=https%3A%2F%2Fwww.clearstory.build%2F&ts=1781848122728&__hstc=85736646.2acb5a60f1d9963affce4674dbe993c4.1781848124557.1781848124557.1781848124557.1&__hssc=85736646.1.1781848124557&__hsfp=754f769d5c6cb91903196b3d8be0efce&contentType=standard-page,https://app.clearstory.build/login
clickipoholdings.com,none,,,https://clickipoholdings.com/login,https://clickipoholdings.com/login
cline.bot,microsoft,,btn:Continue with Microsoft,https://app.cline.bot/,https://app.cline.bot/login
clistudios.com,none,,,https://members.clistudios.com/users/sign_in/,https://members.clistudios.com/users/sign_in/
cloudadmin.io,none,,,https://cloudadmin.io/login,https://cloudadmin.io/login
cloudike.com,none,,,https://cloudike.com/login,https://cloudike.com/login
cloudsmith.io,none,,,https://cloudsmith.io/login,https://cloudsmith.io/login
cloudzero.com,none,,,https://cta-service-cms2.hubspot.com/web-interactives/public/v1/track/click?encryptedPayload=AVxigLLzOaltwZBcrd4CDqo6%2BoXsvcETksRwLPi0bf2aQ%2BhlbXXC42FLm0piatTNSVAUOtnzP%2BIbUh9zD1YuAs2x4%2Fu1XrDhcVkQUZQVsK6M4PixiEtnSqQhk6F2rcaRVwjlQ0MIK9jcEo%2Bqy9bfOinMmbKLVjldSyLQDv5Obee9&portalId=2983524&webInteractiveContentId=148442644866&webInteractiveId=280577113268&containerType=EMBEDDED&pageUrl=https%3A%2F%2Fwww.cloudzero.com%2F&pageTitle=CloudZero%3A+The+AI+ROI+Company&referrer=&userAgent=Mozilla%2F5.0+%28Windows+NT+10.0%3B+Win64%3B+x64%29+AppleWebKit%2F537.36+%28KHTML%2C+like+Gecko%29+Chrome%2F124.0.0.0+Safari%2F537.36&hutk=027af16b10272c390b3f952f282be5f8&hssc=45561979.1.1781848224281&hstc=45561979.027af16b10272c390b3f952f282be5f8.1781848224281.1781848224281.1781848224281.1&hsfp=754f769d5c6cb91903196b3d8be0efce&contentType=standard-page,https://app.cloudzero.com/explorer
clozex.com,none,,,https://clozex.com/login,https://www.clozex.com/login
clustermarket.com,none,,,https://app.clustermarket.com/login,https://app.clustermarket.com/login
cnvrg.io,none,,ERR:dns,,
coastpay.com,none,,,https://portal.coastpay.com/auth,https://portal.coastpay.com/auth
coconala.com,none,,,https://coconala.com/login,https://coconala.com/login
codecombat.com,none,,,https://codecombat.com/login,https://codecombat.com/login
codestory.co,none,,,https://codestory.co/login,https://codestory.co/wp-login.php
cogbase.com,none,,,https://cogbase.com/login,https://cogbase.com/login
cohart.com,none,,,https://cohart.com/login,https://www.cohart.com/auth/login
coincorner.com,none,,,https://coincorner.com/login,https://www.coincorner.com/login
coinlist.co,none,,,https://coinlist.co/login,https://coinlist.co/login
coinpanion.com,none,,,https://coinpanion.com/login,https://coinpanion.com/login
colabra.app,none,,,https://colabra.app/login,https://www.colabra.ai/login
collectiveliquidity.com,none,,,https://collectiveliquidity.com/login,https://www.collectiveliquidity.com/login
combyne.ag,none,,,https://combyne.ag/login,https://www.combyne.ag/login
commandbar.com,generic_sso,,txt:Sign in with SSO,https://app.commandbar.com/?__hstc=44731003.9c4bde7a99e9dcd31570e8e04499e384.1781848513801.1781848513801.1781848513801.1&__hssc=44731003.1.1781848513801&__hsfp=754f769d5c6cb91903196b3d8be0efce,https://app.commandbar.com/login?next=/??__hstc=44731003.9c4bde7a99e9dcd31570e8e04499e384.1781848513801.1781848513801.1781848513801.1&__hssc=44731003.1.1781848513801&__hsfp=754f769d5c6cb91903196b3d8be0efce
commonroom.io,generic_sso,,txt:Enterprise SSO,https://app.commonroom.io,https://login.commonroom.io/u/login/identifier?state=hKFo2SBWSTZxUm5BdF84QTR5NDdpVHZfQnJsd1VMZUhiQUFlUqFur3VuaXZlcnNhbC1sb2dpbqN0aWTZIDVuSTM3Qk1wWUJac0dobXlJY1kzZlJqT0RxVlN6bnNto2NpZNkgM1Fjcms4QU9seGc5VTFYTHE1YlR4dk9UNTlVUVhkQWg
compareit4me.com,none,,ERR:dns,,
complycube.com,generic_sso,,txt:single sign-on,https://portal.complycube.com/,https://portal.complycube.com/login?redirect=/home
concertio.com,none,,,https://concertio.com/login,https://concertio.com/login
conectohub.com,none,,,https://app.conectohub.com/login,https://app.conectohub.com/login
connecteam.com,none,,,https://connecteam.com/login/,https://app.connecteam.com/index.html
consorto.com,none,,,https://consorto.com/login,https://www.consorto.com/login
contentcal.io,none,,,https://contentcal.io/login,https://www.adobe.com/express/feature/content-scheduler
contractbook.dk,microsoft,,btn:Continue with Microsoft,https://app.contractbook.com/login,https://app.contractbook.com/login
cookie3.co,none,,,https://app.cookie3.co/signup?utm_source=website&utm_medium=getstartedbutton,https://app.cookie3.co/signup?utm_source=website&utm_medium=getstartedbutton
coop.co.uk,none,,,https://coop.co.uk/login,https://www.coop.co.uk/login
copilotadvisor.com,none,,,https://teams.copilotai.com/,https://teams.copilotai.com/
coralogix.com,none,,,https://coralogix.com/login,https://coralogix.com/login
corl.io,none,,,https://corl.io/login,https://corl.io/login
cosm.com,none,,,https://cosm.com/login,https://www.cosm.com/login
coupler.io,microsoft,,btn:Continue with Microsoft,https://app.coupler.io/sign_in,https://app.coupler.io/sign_in
covercy.com,none,,,https://covercy.com/login,https://www.covercy.com/login/
crabi.com,none,,,https://login.crabi.com/log-in,https://login.crabi.com/log-in
createcultivate.com,none,,,https://createcultivate.com/login,https://www.createcultivate.com/login
creatopy.com,generic_sso,,txt:Continue with SSO,https://app.thebrief.ai/?internal_source=internal&internal_medium=HeaderMenu&internal_campaign=SignIn,https://auth.thebrief.ai/auth/realms/creatopy/protocol/openid-connect/auth?client_id=creatopy-webapp&redirect_uri=https%3A%2F%2Fapp.thebrief.ai%2F%3Finternal_source%3Dinternal%26internal_medium%3DHeaderMenu%26internal_campaign%3DSignIn&response_type=code&scope=openid&state=c89dafbe9bf849668cbec82d7fe6eae7&code_challenge=axBjOA_EWHDquuogWigfz7KeMadRXFfGAjdt2CtvFJ4&code_challenge_method=S256
creditsesame.com,none,,,https://secured.creditsesame.com/signup?lp=home,https://secured.creditsesame.com/oneClickSignup?lp=home
crejo.fun,none,,,https://crejo.fun/login,https://karmsakha.com/students/learning-and-jobs
crexi.com,none,,,https://crexi.com/login,https://crexi.com/login
crossbeam.com,none,,,https://app.crossbeam.com/login,https://app.crossbeam.com/login
crowdcube.com,none,,,https://crowdcube.com/login,https://www.crowdcube.com/login
crowdo.com,none,,,https://crowdo.com/account/login,https://crowdo.com/account/login
crowdtap.com,none,,,https://crowdtap.com/login,https://crowdtap.com/
crunchdao.com,none,,,,
crystorama.com,none,,,https://crystorama.com/login,https://crystorama.com/login
ctckw.com,none,,,https://www.ctckw.com/userlogin.aspx,https://www.ctckw.com/userlogin.aspx
cudoni.com,none,,,https://cudoni.com/login,https://cudoni.com/login
curacel.ai,none,,,https://claims.curacel.co/#/login,https://auth.curacel.co/oauth2/authorize?client_id=16cbcb8a-65a6-45fe-9e9b-94c35246e928&redirect_uri=https%3A%2F%2Fapi.health.curacel.co%2Fauth%2Fcallback&scope=email+openid+profile&response_type=code&state=5clL2h1WgbsDstvqaIUWlImrB9NzYQd8j7ADZFMv&from=https%3A%2F%2Fhealth.curacel.co&tenantId=5e7a90e0-cdcf-445b-a2d2-141282f5725c
curipod.com,none,,,https://curipod.com/login,https://snapmentorprod.b2clogin.com/snapmentorprod.onmicrosoft.com/b2c_1a_signin/oauth2/v2.0/authorize?client_id=47e477d5-a501-44cd-8599-817b011b2a81&scope=https%3A%2F%2Fsnapmentorprod.onmicrosoft.com%2Fapi%2FUser.Read%20offline_access%20openid&response_type=code&redirect_uri=https%3A%2F%2Fcuripod.com%2Fapi%2Fauth%2Fcallback%2Fazure-ad-b2c&state=izxRtSXFSgOST-KdfYETlxsV-3_NfO9us_ZgUl7YBKI&code_challenge=EMCPuo4Zx8oYAZZKN5tIhAthUAhp2qOGeET0auMqgpM&code_challenge_method=S256
cuyana.com,none,,,https://cuyana.com/login,https://account.cuyana.com/authentication/login?client_id=010f7112-4824-4708-83f1-f03aa487fbc6&locale=en-US&redirect_uri=%2Fauthentication%2Foauth%2Fauthorize%3Fbuyer_flags%3DeyJhbGciOiJIUzI1NiJ9.eyJpc3MiOiJjdXlhbmEtcHJvZC5teXNob3BpZnkuY29tIiwiZmxhZ3MiOltdLCJleHAiOjE3ODI0NTYxMjUsIm5iZiI6MTc4MTg1MTMyNX0.XV5A0eEJagvJWkruPyzXcZa3dyBdD1h6CXRB7_E1laA%26client_id%3D010f7112-4824-4708-83f1-f03aa487fbc6%26locale%3Den-US%26nonce%3D70600ecc-bed4-4043-94dc-6026654d4167%26redirect_uri%3Dhttps%253A%252F%252Faccount.cuyana.com%252Fcallback%26region_country%3DUS%26response_type%3Dcode%26scope%3Dopenid%2Bemail%2Bcustomer-account-api%253Afull%26state%3DhWNDVhPqRNHpqGi05Rp76hoP&region_country=US
cybrid.xyz,none,,,https://id.production.cybrid.app/,https://id.production.cybrid.app/
cyscale.com,none,,,https://cyscale.com/login,https://cyscale.com/404
daehair.com,none,,,https://daehair.com/login,https://daehair.com/login
dakota.xyz,none,,,https://dakota.xyz/login,https://dakota.xyz/login
dangfoods.com,none,,,https://dangfoods.com/login,https://dangfoods.com/login
dash-water.com,none,,,https://dash-water.com/login,https://dash-water.com/login
data.world,none,,,https://data.world/login/,https://data.world/login/
datadome.co,none,,,https://datadome.co/login,https://datadome.co/login
datanomik.com,none,,,https://datanomik.com/login,https://www.datanomik.com/login
davidenergy.com,none,,,https://app.davidenergy.com/login,https://app.davidenergy.com/login
dbeaver.com,none,,,https://dbeaver.com/login,https://dbeaver.com/login
debitoor.com,none,,,https://debitoor.com/login,https://auth.sumup.com/flows/login?client_id=debitoor_public&login_challenge=536b0d8f3cc84569b2a8971539b0b3f4
dedoco.com,none,,,https://dedoco.com/login,https://www.dedoco.com/app-sub/login
deepwatch.com,generic_sso,,txt:Single Sign-On,https://login.deepwatch.com/,https://login.deepwatch.com/
delacalle.mx,none,,,https://delacalle.mx/login,https://www.delacalle.mx/login
deliverr.ca,none,,,https://deliverr.ca/login,https://www.deliverr.ca/login
demandbase.com,none,,,https://demandbase.com/login,https://demandbase.com/login
deolan.com,none,,,,
dersimix.com,none,,,https://dersimix.com/login,https://dersimix.com/login
designed.co,none,,,https://hub.designed.co/,https://hub.designed.co/login.php?r=https%3A%2F%2Fhub.designed.co%2F
deskree.com,none,,,https://deskree.com/login,https://deskree.com/login
deviantart.com,none,,,https://deviantart.com/login,https://deviantart.com/login
dexatel.com,none,,,https://dashboard.dexatel.com/sign-in/,https://dashboard.dexatel.com/sign-in/
diagrid.io,none,,,https://portal.usepylon.com/diagrid/login,https://portal.usepylon.com/diagrid/login
diffgram.com,none,,,https://diffgram.com/login,https://github.com/diffgram/diffgram
digital-aura.co,none,,,https://digital-aura.co/login,https://www.digital-aura.co/
dignifi.com,none,,,https://app.dignifi.com/ui/auth/,https://app.dignifi.com/ui/auth/
diro.io,none,,,https://client.diro.io/login#,https://client.diro.io/
discuss.io,none,,,https://app.discuss.io/auth/login,https://app.discuss.io/auth/login
displayforce.ai,none,,,https://id.displayforce.ai/#/login,https://id.displayforce.ai/#/login
diversely.io,none,,,https://diversely.io/login,https://www.theaccessgroup.com/en-gb/products/volcanic/?utm_source=website_migration&utm_medium=domain_redirect&utm_campaign=diversely_migration
diy.org,none,,,https://www.diy.org/login,https://www.diy.org/login
dock.us,none,,,https://auth.dock.us/login,https://auth.dock.us/login
docstation.co,generic_sso,,txt:SSO,https://app.docstation.co,https://app.docstation.co/login
doctorsondemand.com.au,none,,,https://www.doctorsondemand.com.au/app/login,https://www.doctorsondemand.com.au/app/login
dollarshaveclub.com,none,,,https://dollarshaveclub.com/login,https://us.dollarshaveclub.com/account/login
donotpay.com,none,,,https://donotpay.com/login,https://donotpay.com/login
doppler.com,none,,,https://dashboard.doppler.com/login,https://dashboard.doppler.com/login
dottid.com,none,,,https://app.dottid.com/,https://app.dottid.com/login?redirectPath=Lw==
doxy.me,none,,,https://doxy.me/v2/sign-in,https://doxy.me/v2/sign-in/
dreamdata.io,microsoft,,btn:Sign in with Microsoft,https://app.dreamdata.io,https://authenticate.dreamdata.io/en/login?rt=aHR0cHM6Ly9hcHAuZHJlYW1kYXRhLmlvLw%3D%3D
drinkavaline.com,none,,,https://drinkavaline.com/login,https://drinkavaline.com/login
drinkloverboy.com,none,,,https://drinkloverboy.com/login,https://drinkloverboy.com/login
drinksanzo.com,none,,,https://drinksanzo.com/login,https://drinksanzo.com/login
drivego.com,none,,,https://drivego.com/login,https://www.drivego.com/login
driveyoyo.com,none,,,https://driveyoyo.com/login,https://driveyoyo.com/login
dropps.com,none,,,https://shopify.com/2684219/account/orders?locale=en&buyer_flags=eyJhbGciOiJIUzI1NiJ9.eyJpc3MiOiJkcm9wcHMubXlzaG9waWZ5LmNvbSIsImZsYWdzIjpbXSwiZXhwIjoxNzgyNDU0NzM0LCJuYmYiOjE3ODE4NDk5MzR9.PvCJgC-JkX5AvkDXVOBCfUOQxLzMpP4tftXz1KGwNBU&region_country=US&consent_id=96388f57-2d9c-4e49-ab10-24507572e501&consent=a1m1p1,https://shopify.com/authentication/2684219/login?client_id=f69a23ab-a019-4539-9cf7-ee33491be4f9&locale=en-US&redirect_uri=%2Fauthentication%2F2684219%2Foauth%2Fauthorize%3Fbuyer_flags%3DeyJhbGciOiJIUzI1NiJ9.eyJpc3MiOiJkcm9wcHMubXlzaG9waWZ5LmNvbSIsImZsYWdzIjpbXSwiZXhwIjoxNzgyNDU0NzM0LCJuYmYiOjE3ODE4NDk5MzR9.PvCJgC-JkX5AvkDXVOBCfUOQxLzMpP4tftXz1KGwNBU%26client_id%3Df69a23ab-a019-4539-9cf7-ee33491be4f9%26locale%3Den-US%26nonce%3Db3c04937-9c55-45ea-bca5-81181bedb145%26redirect_uri%3Dhttps%253A%252F%252Fshopify.com%252F2684219%252Faccount%252Fcallback%26region_country%3DUS%26response_type%3Dcode%26scope%3Dopenid%2Bemail%2Bcustomer-account-api%253Afull%26state%3DhWNDViyKbiUVxUlzld3kvJeE&region_country=US
dscvr.one,none,,,https://dscvr.one/login,https://dscvr.one/login
dud.la,none,,,https://dud.la/login,https://dud.la/login
duneanalytics.com,none,,,https://duneanalytics.com/login,https://dune.com/login
dutch.com,none,,,https://dutch.com/login,https://www.dutch.com/account/login
dyspatch.io,none,,,https://www.dyspatch.io/login/,https://www.dyspatch.io/login/
eano.com,none,,,https://app.eano.com/pro/login,https://app.eano.com/pro/login
easebuzz.in,none,,,https://easebuzz.in/login,https://easebuzz.in/login
easypost.com,none,,,https://app.easypost.com/login,https://app.easypost.com/login
eatiqbar.com,none,,,https://eatiqbar.com/login,https://www.eatiqbar.com/login
eatthechange.com,none,,,https://eatthechange.com/login,https://eatthechange.com/login
ecarevault.com,none,,,https://ecarevault.com/login,https://ecarevault.com/login
ecoatm.com,none,,,https://www.ecoatm.com/account/login,https://www.ecoatm.com/account/login
ecometrixo.com,none,,,https://ecometrixo.com/login,https://ecometrixo.com/login
ecubelabs.com,none,,,https://ecubelabs.com/login,https://www.ecubelabs.com/wp-login.php
eddytravels.com,none,,,,
edgardcooper.com,none,,,https://edgardcooper.com/login,https://us.edgardcooper.com/?cc2=US
edizeven.com,none,,ERR:dns,,
edrone.me,none,,,https://control.edrone.me/login,https://control.edrone.me/login
educationdynamics.com,microsoft,yes,net:login.microsoftonline.com,https://educationdynamics.com/login,https://adfs.educationdynamics.com/adfs/ls/?client-request-id=8b647958-f798-4668-8649-eaebc55937ea&username=&wa=wsignin1.0&wtrealm=urn%3afederation%3aMicrosoftOnline&wctx=estsredirect%3d2%26estsrequest%3drQQIARAAlZG9ixNBAMV3srnzEr_2AoJgk-KCcMd-zMxmdmdBMCjxPJWD00O9RmZ3Zs1y2Z11syGuf4AcnIWFhaa0DCKiFnKVjc01XqdYXSNILBQbg5VEsFPB5sGDx-P3eIsqMixvgeEmhRZkOnII0W3iEJ1iaOkkFJxQAonLWVaratcKvv3we6d99_z485vrzngIjgneD1geyYQXCYujoGcEMh6BpU6epz3PNAeDgfHHjDlIdcbjKDFfAbAHwCcARqXTgUUgdzDxiSv8Jg2agoeWhULfpchBsIldQkIsEKIkhBjZ2A2I68PAbzpcUII_lI6utvp5B01FZtEd8a1UCWUW30hlLx-qi7-4GrjVQO0Gav-VroHaI_XE7xE3M5Z2jDgKMtmTYT4NPFcXYCgw4TbVfTtwdBsyS2dTa4WcIOi7XFB3V_X-UWL2eyIzMsF4XaYiiXhdxCzq1tNMhlFX7JXBuHzIUr25uaqmHFfqyqQMHs_UqtrTyujJj7ePlof6yYMP7hnK7ox51qcX1jcltlcvcbRx-coavX2rG2zCZGXlHC_OXF27WCRCLrXWC_cU9uD9WfB1FmwdUHYq__PV68PK5Mj7dy8_bu-8-LL8TFP2NWV_XpnMa1s15Sc1#
eedi.co.uk,none,,,https://eedi.co.uk/login,https://eedi.co.uk/login
egym.com,none,,,https://www.egym.com/user-login,https://www.egym.com/mvc/login
ekincare.com,none,,,https://app.ekincare.com/login,https://app.ekincare.com/login
elektrahealth.com,none,,,https://hub.elektrahealth.com/full-login,https://hub.elektrahealth.com/full-login
elevenlabs.io,none,,,https://elevenlabs.io/login,https://elevenlabs.io/login
eluv.io,none,,,https://eluv.io/login,https://eluv.io/
emiliohealth.com,none,,,https://emiliohealth.com/login,https://emiliohealth.com/login
emperia.co.uk,none,,,https://emperia.co.uk/login,https://emperiavr.com/.well-known/sgcaptcha/?r=%2Flogin&y=ipc:146.148.42.91:1781852645.910
emporatitle.com,none,,,https://app.emporatitle.com/,https://empora.us.auth0.com/u/login?state=hKFo2SA5bXBTd0YwbTJzNUFNYTVuTkw3Vi1HZzBiZF9XSTVNbqFur3VuaXZlcnNhbC1sb2dpbqN0aWTZIFBOTHZxdnIxamlmeXdQdmQ1V01FMzVsVUEwR1pWNDNVo2NpZNkgVmE4cEJLWXF6V2pTNk5HVktxcnoxdUpadGNpc05EcFk
enaia.co,none,,,https://enaia.co/sign_up,https://enaia.co/sign_up
endel.io,none,,,https://endel.io/login,https://endel.io/login
eneba.com,none,,,https://my.eneba.com/login?ref=%2F,https://my.eneba.com/login?ref=%2F
engineears.org,none,,,https://engineears.org/login,https://engineears.com/for-all
enjin.com,none,,,https://enjin.com/login,https://enjin.io/
enphaseenergy.com,none,,,https://store.enphase.com/storefront/en-us/customer/account,https://store.enphase.com/storefront/en-us/customer/account/login/referer/aHR0cHM6Ly9zdG9yZS5lbnBoYXNlLmNvbS9zdG9yZWZyb250L2VuLXVzL2N1c3RvbWVyL2FjY291bnQvaW5kZXgv/
enty.io,none,,,https://app.enty.io/auth/sign-in,https://app.enty.io/auth/sign-in
eppione.com,none,,,https://app.eppione.com/#/auth/login,https://app.eppione.com/#/auth/login
equitise.com,none,,,https://sh0rturl.link/botax/,https://sh0rturl.link/botax/
ert.com,none,,,https://ert.com/login,https://clario.com/contact/customer-portal/
esky.pl,none,,,https://esky.pl/login,https://esky.pl/login
estimize.com,none,,,https://estimize.com/login,https://www.estimize.com/login
europeshuttle.com,none,,,https://europeshuttle.com/login,https://rhomtrip.com/signin
eventee.co,none,,,https://admin.eventee.co/auth/login,https://admin.eventee.com/auth/login
evercast.co,none,,,https://evercast.co/login,https://forsale.godaddy.com/forsale/evercast.co?utm_source=TDFS_BINNS2&utm_medium=parkedpages&utm_campaign=x_corp_tdfs-binns2_base&traffic_type=TDFS_BINNS2&traffic_id=binns2&
everfest.com,none,,ERR:dns,,
evermile.io,none,,,https://evermile.io/login,https://evermile.io/login
every.to,none,,,https://every.to/login,https://every.to/login
evidencity.com,none,,,https://evidencity.com/login,https://www.evidencity.com/login
evoqua.com,none,,,https://evoqua.com/login,https://evoqua.com/login
exactly.ai,none,,,https://threads.exactly.ai/signin,https://threads.exactly.ai/signin
exium.net,none,,,https://exium.net/login,https://exium.net/login
experiencecosm.com,none,,,https://experiencecosm.com/login,https://www.cosm.com/login
explorajourneys.com,none,,,https://explorajourneys.com/int/en/travel-advisors/login,https://explorajourneys.com/int/en/travel-advisors/login
eyenetra.com,none,,,https://eyenetra.com/login,https://eyenetra.com/login
fabhotels.com,none,,,https://fabhotels.com/login,https://www.fabhotels.com/login
facer.io,none,,,https://facer.io/login,https://www.facer.io/login
factory.inc,none,,,https://factory.inc/login,https://factory.inc/login
fairmint.co,none,,,https://admin.fairmint.com/auth/login,https://admin.fairmint.com/auth/login
famous.co,none,,,https://famous.co/login,https://www.amaze.co/login
fandom.com,none,,,https://auth.fandom.com/signin?source=mw&redirect=https%3A%2F%2Fwww.fandom.com&metadata=header-signin-button,https://auth.fandom.com/signin?flow=c10ebc37-b779-4a69-a182-e43cba833490
farm-ng.com,none,,,https://farm-ng.com/login,https://farm-ng.com/login
farmraise.us,generic_sso,,txt:SSO,https://app.farmraise.com/login,https://app.farmraise.com/login
fashwire.com,none,,,https://fashwire.com/login,https://fashwire.com/login
fcbarcelona.com,none,,,https://fcbarcelona.com/login,https://www.fcbarcelona.com/login
feathery.io,none,,,https://app.feathery.io,https://app.feathery.io/
felicity.care,none,,,https://felicity.care/login,https://felicity.care/login
fermyon.com,none,,,https://fermyon.com/login,https://www.fermyon.com/login
fidelapi.com,none,,,https://fidelapi.com/login,https://www.fidelapi.com/
fieldwire.com,none,,,https://app.fieldwire.com/auth/sign_in?lang=en,https://app.fieldwire.com/auth/sign_in?lang=en
figurehr.com,none,,,https://figurehr.com/login,https://figurehr.com/login
finabro.at,none,,,https://finabro.at/login,https://finabro.de/
financepeer.com,none,,,https://financepeer.com/login,https://financepeer.com/login
findheadway.com,none,,,https://findheadway.com/login,https://headway.co/login
fingerprintforsuccess.com,none,,,https://fingerprintforsuccess.com/login,https://getmarlee.com/login
finisterre.com,none,,,https://finisterre.com/login,https://finisterre.com/login
finneotech.com,none,,,https://finneotech.com/login,https://www.finneotech.com/login
finst.com,none,,,https://app.finst.com/identity/login,https://app.finst.com/identity/login
fintopcapital.com,none,,,https://gateway.fintopcapital.com/_util/login/?next=/,https://gateway.fintopcapital.com/_util/login/?next=/
fireworks.ai,generic_sso,,txt:SSO,https://fireworks.ai/login,https://app.fireworks.ai/login
fishangler.com,none,,,https://fishangler.com/login,https://auth.fishangler.com/Account/Login?ReturnUrl=%2Fconnect%2Fauthorize%2Fcallback%3Frequest_uri%3Durn%253Aietf%253Aparams%253Aoauth%253Arequest_uri%253AE4174161FB1D7D57CF21BB6744DD58337E01919845A325763E98BF282703E6D8%26client_id%3DWebApp
fitonapp.com,none,,,https://app.fitonapp.com/login?ref=header,https://app.fitonapp.com/login?ref=header
fix.com,none,,,https://fix.com/login,https://www.fix.com/login
flarejewelry.co,none,,,https://flarejewelry.co/login,https://flarejewelry.co/login
flaviar.com,none,,,https://flaviar.com/login,https://flaviar.com/account/login?return_url=%2Faccount
flexera.com,generic_sso,,txt:Sign in with SSO,https://app.flexera.com/login,https://app.flexera.com/login
flexwage.com,none,,,https://app.flexwage.com/,https://app.flexwage.com/login
flipcause.com,none,,,http://m.google.com/authenticator,https://about.google/products/
float.com,none,,,https://app.float.com/login,https://app.float.com/login
flourist.com,none,,,https://flourist.com/login,https://flourist.com/login
floww.io,none,,,https://portal.floww.io,https://portal.floww.io/
fluke.com,none,,,https://fluke.com/login,https://www.fluke.com/login
flybreeze.com,none,,,https://flybreeze.com/login,https://auth.flybreeze.com/u/login?state=hKFo2SByX3k5bTVSeWU1N01ZTlc2ZF9Gb1lnTzNmMzRUek9QeKFur3VuaXZlcnNhbC1sb2dpbqN0aWTZIFl3YVhmRl9HSXFxT1JycjhxX1J4UWpCZlFFQV9QaXYwo2NpZNkgaWhlTzgzYURKR2ZuVEQxNGxDWlZFVjNNWG1EV2Jsbzk
flyplay.com,none,,ERR:dns,,
foap.com,none,,,https://foap.com/login,https://foap.cloudflareaccess.com/cdn-cgi/access/login/www.foap.com?kid=38ca4cfaec8e6c517b58cf5eb1a21aae3724a15c6906fe243c48b47acd5536ab&meta=eyJ0eXAiOiJKV1QiLCJhbGciOiJSUzI1NiIsImtpZCI6Ijc1YTg1MzBlNTUzOTJkYWUwODMxODNiMWI3NTg2YTZkZmMyZjM0MTJmYmQyMmY3ZGM0ZmVlZGVlOTAzYTAxYjkifQ.eyJ0eXBlIjoibWV0YSIsImF1ZCI6IjM4Y2E0Y2ZhZWM4ZTZjNTE3YjU4Y2Y1ZWIxYTIxYWFlMzcyNGExNWM2OTA2ZmUyNDNjNDhiNDdhY2Q1NTM2YWIiLCJob3N0bmFtZSI6Ind3dy5mb2FwLmNvbSIsInJlZGlyZWN0X3VybCI6Ii93cC1sb2dpbi5waHAiLCJzZXJ2aWNlX3Rva2VuX3N0YXR1cyI6ZmFsc2UsImlzX3dhcnAiOmZhbHNlLCJpc19nYXRld2F5IjpmYWxzZSwiZXhwIjoxNzgxODU0MTI4LCJuYmYiOjE3ODE4NTM4MjgsImlhdCI6MTc4MTg1MzgyOCwiYXV0aF9zdGF0dXMiOiJOT05FIiwibXRsc19hdXRoIjp7ImNlcnRfaXNzdWVyX2RuIjoiIiwiY2VydF9zZXJpYWwiOiIiLCJjZXJ0X2lzc3Vlcl9za2kiOiIiLCJjZXJ0X3ByZXNlbnRlZCI6ZmFsc2UsImNvbW1vbl9uYW1lIjoiIiwiYXV0aF9zdGF0dXMiOiJOT05FIn0sInJlYWxfY291bnRyeSI6IlVTIiwiYXBwX3Nlc3Npb25faGFzaCI6ImJlZWU2NGMwNTNmODlkNTM1NzZlNTE4NDNhYWJlOTNmYjViNjViY2FhMzVmZDA5NTAyNmIzNDQwOTZmZjBmNjQifQ.sKAVf-s99U7gdjgaXAmkj_vhh2VrSITPNV6QBZDidAdc7LCQ9e6UAnZOnNs27QS9WGnsZ1rTCcbZRblfd5ex2KjhkYpIu5l6yj4e6H17nLpueV6pT-fIxKjxHpwkf_DbB1sKg2rweJZV2yD6a_BTB5hGFJJ07pQZhDSPGae-ZJnhE3o_q_N91rKzb81TDwscR0dQdQZ08ejzRib0vyGrMAQ4XB4pjAYeeriXCnEXBpTbfZ-bbIZgaa-G6C7O9ZDrEaql6-RkSTKUFsATR30pbp6kalZk7TYwvVJTM_vu6KsacBug17A10bpVhD7P5vl-2YfyGVQv8W5C0_bjFkZjIA&redirect_url=%2Fwp-login.php
folxhealth.com,none,,,https://app.folxhealth.com/app/sign_in,https://app.folxhealth.com/app/sign_in
foodetective.co,none,,ERR:dns,,
footprint.network,none,,,https://footprint.network/login,https://www.footprint.network/login
forcite.com.au,none,,,https://forcite.com.au/login,https://forcite.com.au/lander
forestadmin.com,generic_sso,,txt:SSO,https://app.forestadmin.com/authentication/login,https://app.forestadmin.com/authentication/login
formly.pl,none,,,https://formly.pl/login,https://formly.pl/login
found.com,none,,,https://my.found.com/login,https://my.found.com/login
foursigmatic.com,none,,,https://foursigmatic.com/login,https://us.foursigmatic.com/login
fracttal.com,none,,,https://one.fracttal.com/,https://one.fracttal.com/
frankbody.com,none,,,https://frankbody.com/login,https://frankbody.com/login
freedome.it,none,,,https://freedome.it/login,https://freedome.it/wp-login.php
frenchflorist.com,none,,,https://frenchflorist.com/login,https://www.frenchflorist.com/login/
fresho.com,none,,,https://app.fresho.com/login,https://app.fresho.com/user/session/new
friday.app,none,,,https://friday.app/login,https://friday.app/login
ftd.com,none,,,https://ftd.com/login,https://www.ftd.com/login
fulcrumapp.com,none,,,https://fulcrumapp.com/login,https://fulcrumapp.com/login
funderbeam.com,none,,,https://funderbeam.com/login,https://www.funderbeam.com/login
fundraiseup.com,generic_sso,,txt:single sign-on,https://dashboard.fundraiseup.com/,https://dashboard.fundraiseup.com/user/login
futurefields.io,none,,,https://futurefields.io/login,https://futurefields.io/wp-login.php
fyxer.ai,none,,,https://fyxer.ai/login,https://fyxer.ai/login
gadventures.com,none,,,https://gadventures.com/login,https://www.gadventures.com/login
gallea.ca,none,,,https://gallea.ca/login,https://gallea.ca/en
gameapart.com,none,,ERR:dns,,
gamerzclass.com,none,,ERR:dns,,
garajsepeti.com,none,,,https://garajsepeti.com/login,https://carvak.com/login
gated.email,none,,,,
gbhealthwatch.com,none,,,https://gbhealthwatch.com/login,https://gbhealthwatch.com/login
gem.com,none,,,https://www.gem.com/login,https://www.gem.com/login
genesisai.io,none,,,,
genobank.io,none,,,https://authentic.cafe,https://authentic.cafe/
genway.ai,none,,,https://app.genway.ai/admin,https://app.genway.ai/admin
get-carrot.com,none,,,https://get-carrot.com/login,https://app.get-carrot.com/Login?ReturnUrl=https%3A%2F%2Fapp.get-carrot.com%2Fadmin%2Flegacy%2Flogin
getatomi.com,none,,,https://learn.getatomi.com/login,https://learn.getatomi.com/login
getborderless.com,none,,,https://secure.getborderless.com/login,https://secure.getborderless.com/login
getcastle.com,none,,,https://app.getcastle.com/,https://app.getcastle.com/login
getcloudapp.com,generic_sso,,txt:SSO,https://share.zight.com/login,https://share.zight.com/login
geteppo.com,none,,,https://eppo.cloud/,https://eppo.cloud/
getgarner.com,none,,,https://app.getgarner.com/sign-in?__hstc=93956290.438012ecde9486b4c715a5c129dedcf3.1781854482490.1781854482490.1781854482490.1&__hssc=93956290.1.1781854482491&__hsfp=754f769d5c6cb91903196b3d8be0efce,https://app.getgarner.com/?__hstc=93956290.438012ecde9486b4c715a5c129dedcf3.1781854482490.1781854482490.1781854482490.1&__hssc=93956290.1.1781854482491&__hsfp=754f769d5c6cb91903196b3d8be0efce
gethomethings.com,none,,,https://gethomethings.com/customer_authentication/redirect?locale=en&region_country=GB,https://shopify.com/authentication/30142955657/login?client_id=bc414669-f4e1-47e6-a1b0-f74edd6caadf&locale=en-GB&redirect_uri=%2Fauthentication%2F30142955657%2Foauth%2Fauthorize%3Fbuyer_flags%3DeyJhbGciOiJIUzI1NiJ9.eyJpc3MiOiJob21ldGhpbmdzLXN0YWdpbmcubXlzaG9waWZ5LmNvbSIsImZsYWdzIjpbXSwiZXhwIjoxNzgyNDU5Mjk4LCJuYmYiOjE3ODE4NTQ0OTh9.szLnMN4EBeYf12mUgPSN_cpdwdT-aM1K-QmvCMKuTms%26client_id%3Dbc414669-f4e1-47e6-a1b0-f74edd6caadf%26locale%3Den-GB%26nonce%3D3ceed834-41bf-44fb-b5c3-e735d7198d5d%26redirect_uri%3Dhttps%253A%252F%252Fshopify.com%252F30142955657%252Faccount%252Fcallback%26region_country%3DGB%26response_type%3Dcode%26scope%3Dopenid%2Bemail%2Bcustomer-account-api%253Afull%26state%3DhWNDVmm8vkySTz8m6LpbwK9a&region_country=GB
getjones.com,none,,,https://app.getjones.com/signin/,https://app.getjones.com/signin/
getmaintainx.com,none,,,https://app.getmaintainx.com/login,https://app.getmaintainx.com/auth/login
getmojo.ai,none,,,https://getmojo.ai/login,https://getmojo.ai/login
getoctane.io,none,,,https://yakale.me/Olxtotodotcom1,https://olxsts.com/
getphyllo.com,none,,,https://getphyllo.com/login,https://www.getphyllo.com/login
getquantbase.com,none,,,http://app.getquantbase.com/sign-in,https://app.getquantbase.com/sign-in
getrenterra.com,none,,,https://app.getrenterra.com,https://app.getrenterra.com/sign-in-ba?redirect=%2F
getsetup.io,none,,,https://getsetup.io/login,https://www.getsetup.io/en-US/auth
getspruce.com,none,,,https://getspruce.com/login,https://getspruce.com/wp-login.php
getsynapse.com,none,,,https://getsynapse.com/login,https://getsynapse.com/login
gettyimages.com,none,,,https://gettyimages.com/login,https://www.gettyimages.com/bot-wall?returnUrl=%2Flogin&language=en-us
getvisitapp.com,none,,,https://web.getvisitapp.com/,https://web.getvisitapp.com/
ghost.org,none,,,https://account.ghost.org/signin/,https://account.ghost.org/signin
gigaom.com,microsoft,,btn:Microsoft,https://gigaom.com/login,https://gigaom.com/
auctelia.com,none,,,https://auctelia.com/login,https://www.auctelia.com/login
avoma.com,generic_sso,,txt:Single Sign-On,https://app.avoma.com/login,https://app.avoma.com/login
baboontothemoon.com,none,,,https://baboontothemoon.com/customer_authentication/redirect?locale=en&region_country=US,https://shopify.com/authentication/7865696313/login?client_id=c086a90c-a787-426f-93a2-e2215b5fc037&locale=en-US&redirect_uri=%2Fauthentication%2F7865696313%2Foauth%2Fauthorize%3Fbuyer_flags%3DeyJhbGciOiJIUzI1NiJ9.eyJpc3MiOiJiYWJvb250b3RoZW1vb24ubXlzaG9waWZ5LmNvbSIsImZsYWdzIjpbXSwiZXhwIjoxNzgyNDUwNTY4LCJuYmYiOjE3ODE4NDU3Njh9.dv0lyy_JX-7V9BqOB-d7TYC04GlzPOP8KahhfRur6QU%26client_id%3Dc086a90c-a787-426f-93a2-e2215b5fc037%26locale%3Den-US%26nonce%3De1944624-919a-44a6-8a97-f5d3d72078dd%26redirect_uri%3Dhttps%253A%252F%252Fshopify.com%252F7865696313%252Faccount%252Fcallback%26region_country%3DUS%26response_type%3Dcode%26scope%3Dopenid%2Bemail%2Bcustomer-account-api%253Afull%26state%3DhWNDVY1xCuXQr8zVBEw4aelW&region_country=US
bankly.ng,none,,,https://bankly.ng/login,https://bankly.ng/login
baunat.com,none,,,https://baunat.com/login,https://baunat.com/login
beatstars.com,none,,,https://beatstars.com/login,https://oauth.beatstars.com/verify?app=WEB_MARKETPLACE&version=3.14.0&origin=https:%2F%2Fwww.beatstars.com&send_callback=true&t=dark-theme
bell.ca,none,,,https://mybell.bell.ca/Login?refreshLink=%2fMyServices%2f,https://identification.bell.ca/u/login/identifier?state=hKFo2SB0YmpoTVkxbVE3bC1lYkVDZnRKSHpEY0Jxa0ROTTlWb6Fur3VuaXZlcnNhbC1sb2dpbqN0aWTZIEs0OXllcllQQ0Myank2WHlKbzlEUXoxNjBRN25Ib2U0o2NpZNkgSnpTblR4ZGt4VlkzZTV2Z1FrRFJtaXgyb3A4SGozRFo&ui_locales=en-CA
betacarbon.com,none,,,https://www.coinspot.com.au/login,https://www.coinspot.com.au/login
beyourbest.com,none,,,https://www.portal.beyourbest.com/signin,https://www.portal.beyourbest.com/signin
bikemap.net,none,,,https://bikemap.net/login,https://www.bikemap.net/login
bio-techne.com,none,,,https://bio-techne.com/login,https://bio-techne.com/login
birdie.ai,none,,,https://birdie.ai/login,https://birdie.ai/login
bitcoinbank.co.jp,none,,,https://app.bitbank.cc/login,https://app.bitbank.cc/login
bitget.com,none,,,https://bitget.com/login,https://www.bitget.com/login
bitnomial.com,none,,,https://bitnomial.com/login,https://bitnomial.com/login
bittitan.com,none,,,https://www.bittitan.com/account/login/,https://www.bittitan.com/account/login/
blackbaud.com,none,,,https://partnerportal.blackbaud.com/#/page/login,https://partnerportal.blackbaud.com/#/page/login
bleachcyber.com,none,,ERR:dns,,
blippar.com,microsoft,,btn:Sign in with Microsoft,https://blipps.blippar.com/,https://accounts.blippar.com/?next=%2Fo%2Fauthorize%2F%3Fclient_id%3DyhrryNEcbr6bHQSDskIpJg5XgotBX25khAEeQroL%26response_type%3Dcode%26redirect_uri%3Dhttps%253A%252F%252Fblipps.blippar.com%252Fconnect%252Fblippar%252Fcallback%26scope%3Dread%26state%3D6ddfa594fec80bb5f056
blockpartyapp.com,none,,,https://app.blockpartyapp.com/login/,https://app.blockpartyapp.com/login/
bloklondon.com,none,,,https://bloklondon.com/login,https://www.bloklondon.com/login
bloomnation.com,none,,,https://www.bloomnation.com/customer/account/login/,https://www.bloomnation.com/customer/account/login/
blueapron.com,none,,,https://signup.cj.com/member/signup/publisher/?cid=5446852#/branded,https://signup.cj.com/member/signup/publisher/?cid=5446852#/branded
bluejlegal.com,none,,,https://app.askbluej.com/,https://login.askbluej.com/u/login/identifier?state=hKFo2SBaVFVVRTlHYVYwSTJuYlJyXzBxdExMNm5HRFcyVHJaOaFur3VuaXZlcnNhbC1sb2dpbqN0aWTZIHFMbmNwUFlFUzItdE9lQzJzSVlnZW9JYW45bGppVXpNo2NpZNkgSTA4YkFwaGh4OERBazRncGQ1dndwblo0S2hjb3h5Yjc
blueprint-health.com,generic_sso,,txt:Single Sign-On,https://clinician.blueprint.ai/login,https://clinician.blueprint.ai/login
blueverse.club,none,,,https://blueverse.club/login,https://blueverse.club/login
bnbfinder.com,none,,,https://bnbfinder.com/login,https://www.savvy.com/login
boatsetter.com,none,,,https://boatsetter.com/login,https://www.boatsetter.com/login
boisson.nyc,none,,,https://boisson.nyc/login,https://boisson.co/
bolster.com,none,,,https://bolster.com/login,https://bolster.com/login
bondblox.com,none,,,https://bondblox.com/login,https://bondblox.com/login
bookclub.com,none,,,https://www.bookclub.com/login,https://auth.leadershipiq.ai/login?state=hKFo2SAxTXRubkFjTEdNTW9RZF80bjI4N192aF9OWVFSX1ZZNqFupWxvZ2luo3RpZNkgQV8wRlhHU2JpOU85dnhTVThtNDRXUjQwOVJmUFRHQ1ajY2lk2SBtb3BHeVBBMkplV1dTbnJ0dHBJaDZjdjFmNFlDdURZRg&client=mopGyPA2JeWWSnrttpIh6cv1f4YCuDYF&protocol=oauth2&scope=openid%20profile%20email%20offline_access&response_type=code&redirect_uri=https%3A%2F%2Fwww.leadershipiq.ai%2Fapi%2Fauth%2Fcallback&audience=https%3A%2F%2Fbookclub.com%2Fauthzero&nonce=Olv5D9IdZT1lzPrSf8oazXbO_reJuFD5az5Njg7nlzE&code_challenge_method=S256&code_challenge=Ey7o9IlnPyW-HNPekW2fxGTulTHJCp_0MyopRDgT0JU
bookline.io,none,,,https://app.bookline.ai/signin,https://app.bookline.ai/signin
bookwitheva.com,none,,,https://bookwitheva.com/login,https://bookwitheva.com/login
boomwriter.com,none,,,https://boomwriter.com/login,https://boomwriter.com/login
borrowaboat.com,none,,,https://borrowaboat.com/login,https://auth.borrowaboat.com/u/login?state=hKFo2SAzMzdCRFdwMEh4SVFVUWZpQzMxZmUwZGV2OU9jblRRTaFur3VuaXZlcnNhbC1sb2dpbqN0aWTZIEtESkF0RGQyUVRqZWtJSFhHQXppQXFVZVRqNGlkNXBlo2NpZNkgRjZaS2JnaUY1RVBjODJXVGVmS3IzWlVKRXF0YnJmY3M
bottomless.com,none,,,https://bottomless.com/login,https://www.bottomless.com/login
boxme.asia,none,,,https://oms.boxme.asia/,https://oms.boxme.asia/auth/login?returnUrl=%2Fdashboard%2Fstatistic
brainhq.com,none,,,https://brainhq.com/login,https://www.brainhq.com/wp-login.php
brandandcelebrities.com,none,,,https://brandandcelebrities.com/login,https://brandandcelebrities.com/login
brassicafin.com,generic_sso,,txt:Enterprise SSO,https://www.bitgo.com/web/auth/login,https://app.bitgo.com/web/auth/login
breezeml.ai,none,,,https://breezeml.ai/login,https://breezeml.ai/login/
bricata.com,none,,,https://bricata.com/login,https://www.opentext.com/products/network-detection-and-response
bridgerpay.com,none,,,https://dash.bridgerpay.com/intro/login,https://dash.bridgerpay.com/intro/login
brightsg.com,none,,,https://brightsg.com/product-login/,https://brightsg.com/product-login/
browntape.com,none,,,https://sso.ginesys.one/login,https://sso.ginesys.one/login
brytlyt.com,none,,,https://brytlyt.com/signin,https://brytlyt.com/signin
buckzy.net,none,,,https://buckzy.net/login,https://buckzy.net/wp-login.php
bugcrowd.com,none,,,https://identity.bugcrowd.com/login?user_hint=researcher,https://login.hackers.bugcrowd.com/oauth2/default/v1/authorize?response_type=code&client_id=0oa20esd61y2ACBLf1d8&scope=openid%20profile%20email%20offline_access&state=YMmPmZ00j_kpWUzhJg1U3dDAHzOpOFb4rlD9-oYqj98%3D&redirect_uri=https://identity.bugcrowd.com/login/oauth2/code/hacker&nonce=K-Oe-ciO9ktXSoR7f9XPwn5AoX1MhFQFl3Exhz1G_gs
builder.ai,none,,,https://builder.ai/login,https://www.builder.ai/login
buildzoom.com,none,,,https://buildzoom.com/login,https://www.buildzoom.com/login
bumper.co.uk,none,,,https://bumper.co.uk/login,https://www.bumper.co/login
bureau.id,none,,,https://platform.bureau.id/,https://accounts.prism.bureau.id/u/login?state=hKFo2SBQUkZqZVlpLV9lR2J3TnIybkZRTkFXSUIwTmQzS3BIWKFur3VuaXZlcnNhbC1sb2dpbqN0aWTZIEVhUkpWVzJrX2YwV1EwNF9IcEZyLTcxVkpIRTdydGh5o2NpZNkgUlc1UE9rZll3d3c1a0oyZ2w4ZWNuWVFXUU5tSUVzbmk
busbud.com,none,,,https://busbud.com/login,https://www.busbud.com/login
busterandpunch.com,none,,,https://uk.busterandpunch.com/customer_authentication/redirect?locale=en&region_country=GB,https://accounts.uk.busterandpunch.com/authentication/login?client_id=68386272-716f-4282-95d5-a7fc9f0742b0&locale=en-GB&redirect_uri=%2Fauthentication%2Foauth%2Fauthorize%3Fbuyer_flags%3DeyJhbGciOiJIUzI1NiJ9.eyJpc3MiOiJidXN0ZXItYW5kLXB1bmNoLXJvdy5teXNob3BpZnkuY29tIiwiZmxhZ3MiOltdLCJleHAiOjE3ODI0NTE2ODgsIm5iZiI6MTc4MTg0Njg4OH0.MFcrBF1QcZIK6yqUsBBhjlHo_aml4sxgiZf0NpXpLYA%26client_id%3D68386272-716f-4282-95d5-a7fc9f0742b0%26locale%3Den-GB%26nonce%3Deed70bf1-3e95-4948-8487-cd1853dba1f2%26redirect_uri%3Dhttps%253A%252F%252Faccounts.uk.busterandpunch.com%252Fcallback%26region_country%3DGB%26response_type%3Dcode%26scope%3Dopenid%2Bemail%2Bcustomer-account-api%253Afull%26state%3DhWNDVZvFykshoZAECIEaCga1&region_country=GB
buzzbuzzhome.com,none,,,https://buzzbuzzhome.com/login,https://buzzbuzzhome.com/login
bytebrew.io,none,,,https://bytebrew.io/login,https://bytebrew.io/login
cadence.com,none,,,https://cadence.com/login,https://www.cadence.com/login
calgaryheritageroastingco.com,none,,,https://canadianheritageroastingco.com/customer_authentication/redirect?locale=en&region_country=CA,https://account.canadianheritageroastingco.com/authentication/login?client_id=187922e8-cedb-480e-b0d3-7c2b3c3a2b87&locale=en-CA&redirect_uri=%2Fauthentication%2Foauth%2Fauthorize%3Fbuyer_flags%3DeyJhbGciOiJIUzI1NiJ9.eyJpc3MiOiJjYWxnYXJ5LWhlcml0YWdlLXJvYXN0aW5nLWNvbXBhbnkubXlzaG9waWZ5LmNvbSIsImZsYWdzIjpbXSwiZXhwIjoxNzgyNDUxNzM2LCJuYmYiOjE3ODE4NDY5MzZ9.wGMb_IC_TG994xPvnkM0smDnAIbAvz5iLqLug72esw0%26client_id%3D187922e8-cedb-480e-b0d3-7c2b3c3a2b87%26locale%3Den-CA%26nonce%3D2a674284-ca18-4ce7-bb09-e5521eaa30c7%26redirect_uri%3Dhttps%253A%252F%252Faccount.canadianheritageroastingco.com%252Fcallback%26region_country%3DCA%26response_type%3Dcode%26scope%3Dopenid%2Bemail%2Bcustomer-account-api%253Afull%26state%3DhWNDVa0K9FnDgJKdtxZscUhF&region_country=CA
calmpros.com,none,,ERR:dns,,
campusjob.com,none,,,https://campusjob.com/login,https://www.wayup.com/login
candle-shack.co.uk,none,,,https://candle-shack.co.uk/login,https://candle-shack.co.uk/login
capital49.com,none,,,https://capital49.com/login,https://www.capital49.com/login
capshare.com,none,,ERR:dns,,
carandaway.com,none,,,,
carbonequity.com,none,,,https://carbonequity.com/login,https://my.carbonequity.com/login/
cardea.work,none,,ERR:dns,,
careerfairy.io,none,,,https://careerfairy.io/login,https://www.careerfairy.io/login
carforyou.ch,none,,,https://carforyou.ch/login,https://carforyou.ch/login
cariloha.com,none,,,https://www.cariloha.com/login.php,https://www.cariloha.com/login.php
carputty.com,none,,,https://app.carputty.com/signin,https://app.carputty.com/signin
carts.guru,none,,,https://app.carts.guru/login,https://app.carts.guru/login
casengo.com,none,,,https://app.getgrasp.com/inbox,http://app.getgrasp.com/inbox/conversations
cashkaro.com,none,,,https://cashkaro.com/login,https://cashkaro.com/login
castofly.com,none,,,https://castofly.com/login,https://www.castofly.com/login
causal.app,none,,,https://causal.app/login,https://www.lucanet.com/en/solutions/extended-planning-and-analysis/
cavea.io,none,,,https://cavea.io/login,https://juno-ads.com/
ceastudyabroad.com,none,,,https://ceastudyabroad.com/login,https://www.ceastudyabroad.com/login
celonis.com,none,,,http://signup.celonis.com/ui/sign-up/get-started,http://signup.celonis.com/ui/sign-up/get-started
centercode.com,none,,,https://signin.centercode.com,https://signin.centercode.com/
certifaction.com,microsoft,,btn:Continue with Microsoft Account windowsl,https://app.certifaction.io/login,https://app.certifaction.io/login
cgtrader.com,none,,,https://cgtrader.com/login,https://www.cgtrader.com/
chamberlaincoffee.com,none,,,https://chamberlaincoffee.com/login,https://chamberlaincoffee.com/login
chargelab.co,none,,,https://chargelab.co/login,https://chargelab.co/login
charitystars.com,none,,,https://charitystars.com/login,https://www.charitystars.com/login
chaser.io,none,,,https://my.chaserhq.com/login,https://my.chaserhq.com/login
checklyhq.com,none,,,https://app.checklyhq.com/,https://auth.checklyhq.com/u/login/identifier?state=hKFo2SBXd1Q2cnRuQUFjWXpkSFlWLUFTaFJ2MHdYYTYwRmU1YqFur3VuaXZlcnNhbC1sb2dpbqN0aWTZIG1reWhRQ3VabURIb244dEdPY0VQUjhUUTRnbGItX01vo2NpZNkgeGc2SU1hSlhmNlAzSVlQb09aRzhHdHA2TVl2YUpQZVU
chefhero.com,none,,,https://chefhero.com/login,https://chefhero.com/login
cheqly.com,none,,,https://www.app.cheqly.com/#/login,https://www.app.cheqly.com/#/login
chipper.app,none,,ERR:dns,,
choosebright.com,none,,,https://brightbreaks.com/signup,https://brightbreaks.com/signup/id
chuffed.org,none,,,https://chuffed.org/login,https://chuffed.org/login
cipherstash.com,none,,,https://dashboard.cipherstash.com/sign-in,https://dashboard.cipherstash.com/sign-in
circular.io,none,,ERR:dns,,
cityline.io,none,,ERR:dns,,
claralabs.com,microsoft,,btn:Log in with Microsoft work email,https://beta.claralabs.com/login,https://beta.claralabs.com/login
classic.com,none,,,https://classic.com/login,https://classic.com/login
clay.run,none,,,https://app.clay.com/,https://app.clay.com/
cleanly.com,none,,,https://cleanly.com/login,https://bynext.co/
cledara.com,none,,,https://app.cledara.com/login,https://app.cledara.com/login
climate.ai,none,,,https://climate.ai/login,https://climate.ai/wp-login.php
clinone.com,none,,,https://clinone.com/Account/Login,https://clinone.com/Account/Login
clockwork.ai,none,,,https://id.clockwork.ai/login,https://id.clockwork.ai/login
cloudbusinesshq.com,none,,,https://go.synder.com/auth#/?product=ALL,https://go.synder.com/auth#/?product=ALL
cloudinary.com,microsoft,yes,net:login.microsoftonline.com,https://cloudinary.com/users/login,https://cloudinary.com/users/login
cloudtalk.io,none,,,https://www.cloudtalk.io/signup/,https://www.cloudtalk.io/signup/
clouthub.com,none,,,https://clouthub.com/login,https://new.clouthub.com/
clubgame.app,none,,,https://clubgame.app/login,https://clubgame.app/login
clutch.ca,none,,,https://clutch.ca/login,https://www.clutch.ca/
coachbetter.com,none,,,https://app.coachbetter.com/signup,https://app.coachbetter.com/signup
cobiro.com,none,,,https://app.cobiro.com/,https://app.cobiro.com/auth/login
cocoroco.com,none,,,https://my.cocoroco.com/login,https://my.cocoroco.com/login
codeit.kr,none,,,https://codeit.kr/login,https://www.codeit.kr/login
codeverse.com,none,,,https://codeverse.com/login,https://www.codeverse.com/login
cognex.com,none,,,https://cognex.com/login,https://cognex.com/login
cohere.ai,none,,,https://dashboard.cohere.com/welcome/login,https://dashboard.cohere.com/welcome/login
coinfirm.io,none,,,https://coinfirm.io/login,https://lukka.tech/
coinloan.io,none,,,https://app.coinloan.io/login/,https://app.coinloan.io/login/
coinrule.com,none,,,https://web.coinrule.com/login,https://web.coinrule.com/login
colexion.io,none,,,https://colexion.io/login,https://colexion.io/wp-login.php
collegeprowler.com,none,,,https://collegeprowler.com/login,https://www.niche.com/colleges/login
comcast.net,none,,,https://comcast.net/login,https://comcast.net/login
commandersact.com,none,,,https://commandersact.com/login,https://commandersact.com/login
commonsensemedia.org,none,,,https://commonsensemedia.org/login,https://www.commonsensemedia.org/login
competitivewedge.com,none,,,https://app.wedgehr.com/login,https://app.wedgehr.com/login
composer.trade,none,,,https://composer.trade/login,https://composer.trade/login
concilio.com,none,,,https://concilio.com/login,https://www.concilio.com/login/
confettisweets.ca,none,,,https://twitter.com/i/flow/login?redirect_after_login=%2Fconfettisweets,https://x.com/i/jf/onboarding/web?redirect_after_login=%2Fconfettisweets&mode=login
connection.com,none,,,https://connection.com/login,https://connection.com/login
constrafor.com,generic_sso,,txt:Single Sign-On,https://www.constrafor.com/auth/login,https://www.constrafor.com/auth/login
contents.com,none,,,https://app.contents.ai/login?ref=null,https://make.contents.ai/login
controlant.com,generic_sso,,txt:Sign in with SSO,https://scm.controlant.com/login,https://scm.controlant.com/login
cookieinformation.com,none,,,https://go.cookieinformation.com/login,https://go.cookieinformation.com/login
coop.dk,none,,,https://coop.dk/login,https://coop.dk/login/
copper.com,generic_sso,,txt:Sign in with SSO,https://app.copper.com/users/sign_in,https://app.copper.com/users/sign_in
cord.tech,none,,,https://app.encord.com/login,https://app.encord.com/login
corrux.io,none,,,https://corrux.io/author/admin/,https://corrux.io/author/admin/
costcertified.com,none,,,https://costcertified.com/login,https://www.bolsterbuilt.com/login
coursehorse.com,none,,,https://coursehorse.com/login,https://coursehorse.com/login
covetrus.com,none,,,https://www.mycovetrus.com/CVT-NA/en/USD/login,https://www.mycovetrus.com/CVT-NA/en/USD/login
craftsvilla.com,none,,,https://craftsvilla.com/login,https://craftsvilla.com/login
creatio.com,none,,,https://creatio.com/login,https://www.creatio.com/
creatoriq.com,none,,,https://www.creatoriq.com/login,https://www.creatoriq.com/login
creditspring.co,none,,,https://creditspring.co/login,https://creditspring.co/login
crescent.app,none,,,https://app.getcrescent.com/login,https://app.getcrescent.com/login
crezco.com,none,,,https://app.crezco.com/,https://app.crezco.com/
crosser.io,none,,,https://cloud.crosser.io/,https://cloud.crosser.io/login
crowded.me,none,,,https://crowded.me/login,https://crowded.me/login
crowdpac.com,none,,,https://crowdpac.com/login,https://crowdblue.com/user/login
crowdz.io,none,,,https://crowdz.io/login,https://crowdz.io/login
crunchyroll.com,none,,,https://crunchyroll.com/login,https://www.crunchyroll.com/login
cs.inc,none,,,https://cs.inc/login,https://cs.inc/login
cteleport.com,none,,,https://cteleport.com/login,https://cteleport.com/login/
culinahealth.com,none,,,https://my.culinahealth.com/users/sign_in?target_url=/,https://my.culinahealth.com/users/sign_in?target_url=/
curai.com,none,,,https://chat.curaihealth.com/?anonymousId=0489301f-1ff2-4e9b-a692-45bf7ecd2512,https://chat.curaihealth.com/welcome?anonymousId=0489301f-1ff2-4e9b-a692-45bf7ecd2512
curlmix.com,none,,,https://www.curlmix.com/account/login?return_url=%2Faccount,https://curlmix.com/account/login?return_url=%2Faccount
cwsellors.com,none,,,https://cwsellors.com/login,https://cwsellors.com/login
cybsafe.com,microsoft,,btn:Log in with Microsoft,https://app.cybsafe.com/login,https://app.cybsafe.com/login
cytk.io,none,,,https://cytk.io/login,https://cytk.io/wp-login.php
daffy.org,none,,,https://daffy.org/login,http://www.daffy.org/login
dallasnews.com,none,,,https://dallasnews.com/login,https://dallasnews.com/login
darklang.com,none,,,https://login.darklang.com,https://darklang.auth0.com/u/login?state=hKFo2SAwOXJoQ0J2bVlKVEtaWGY2Ni1oaF9xbmhJRGgxZmRoYqFur3VuaXZlcnNhbC1sb2dpbqN0aWTZIER6YnNmdHRmVGZZMlZUZ3lqN1k3WktFaUduSlJ5Y2tmo2NpZNkgUVNPODNMSlRHSTNwTnNOdTUyck9SbFdSaHRNdDFrbkY
dash.energy,none,,,https://dash.energy/login,https://dash.energy/login
databento.com,none,,,https://databento.com/login,https://databento.com/login
datafarming.com.au,none,,,https://maps.datafarming.com/,https://maps.datafarming.com/
datapeople.io,microsoft,,cfg:login.microsoftonline,https://app.datapeople.io/app/,https://app.datapeople.io/app/login
davidstea.com,none,,,https://davidstea.com/customer_authentication/redirect?locale=en&region_country=CA,https://account.davidstea.com/authentication/login?client_id=ab0fec5c-0aa3-4b03-af98-fe269a211cf8&locale=en-CA&redirect_uri=%2Fauthentication%2Foauth%2Fauthorize%3Fbuyer_flags%3DeyJhbGciOiJIUzI1NiJ9.eyJpc3MiOiI4N2UyNmUtNC5teXNob3BpZnkuY29tIiwiZmxhZ3MiOltdLCJleHAiOjE3ODI0NTQwMTksIm5iZiI6MTc4MTg0OTIxOX0.4_1ABMy7ofRsJnva2LwSXU8NyqQXYxeZNq745D40NSw%26client_id%3Dab0fec5c-0aa3-4b03-af98-fe269a211cf8%26locale%3Den-CA%26nonce%3D364f57e5-897f-4bd0-99b3-a67cda581bcc%26redirect_uri%3Dhttps%253A%252F%252Faccount.davidstea.com%252Fcallback%26region_country%3DCA%26response_type%3Dcode%26scope%3Dopenid%2Bemail%2Bcustomer-account-api%253Afull%26state%3DhWNDVdrM2873QAE2GqUhydYP&region_country=CA
dbmclouds.com,none,,,https://dbmclouds.com/login,https://dbmclouds.com/
decimated.net,none,,,https://decimated.net/login,https://decimated.net/login
deemea.com,none,,,https://deemea.com/login,https://deemea.com/login
deepwhale.ai,none,,,https://deepwhale.ai/login,https://deepwhale.ai/login
deliberry.com,none,,,https://www.hugeDomains.com/payment-plan-login.cfm,https://www.hugedomains.com/payment-plan-login.cfm
deliverr.com,none,,,https://deliverr.com/login,https://login.flexport.com/u/login/identifier?state=hKFo2SBPWnpRNUpSNFhRZl9zQ0N0T1oteHp4aWZoVHhCbUR3WKFur3VuaXZlcnNhbC1sb2dpbqN0aWTZIGtwbndpY3ZUS1FVX21KQkstUWFRb0ZOUVpDRHAxZUpzo2NpZNkgT1BTVlRyYnNReWN2Rmtya09aaEdKa2J6bUtzMERCMWU
demandjump.com,none,,ERR:dns,,
depop.com,none,,,https://www.depop.com/signup/?origin=homepage.view,https://www.depop.com/signup/?origin=homepage.view
desalitech.com,none,,,https://desalitech.com/login,https://desalitech.com/login
designerjourneys.com,none,,,https://designerjourneys.com/login,https://www.designerjourneys.com/login
destacame.cl,none,,,https://app.destacame.cl/accounts/login/?next=%2Fsubscription%2Fpro,https://app.destacame.cl/accounts/login/?next=%2Fsubscription%2Fpro
devicare.com,none,,,https://www.devicare.com/es/mi-cuenta,https://www.devicare.com/es/iniciar-sesion?back=my-account
dexmat.com,none,,,https://dexmat.com/login,https://dexmat.com/login/
dialpad.com,microsoft,,btn:Log in with Microsoft,https://dialpad.com/login,https://dialpad.com/login
diffusion.studio,none,,,https://diffusion.studio/login,https://diffusion.studio/login
digitalbrain.app,none,,,https://www.cloudflare.com/login?utm_source=error_100x,https://dash.cloudflare.com/login?utm_source=error_100x
diib.com,none,,,https://diib.com/app/login/,https://diib.com/app/login/
dirxhealth.com,none,,,https://dirxhealth.com/login,https://www.dirxhealth.com/login
disney.com,none,,,https://disney.com/login,https://www.disney.com/login
disqus.com,generic_sso,,txt:SSO,https://disqus.com/publishers/signup/,https://disqus.com/pricing/
diversifi.ai,none,,,https://platform.diversifi.ai/auth/login,https://platform.diversifi.ai/auth/login
dnanexus.com,none,,,https://platform.dnanexus.com/login,https://platform.dnanexus.com/login
dockethq.com,none,,,https://dockethq.com/login,https://dockethq.com/login
docsumo.com,microsoft,yes,btn:Sign in with Microsoft,https://app.docsumo.com/login?utm_source=website&utm_medium=navbar&utm_campaign=login-cta,https://app.docsumo.com/login?utm_source=website&utm_medium=navbar&utm_campaign=login-cta
doerz.com,none,,,https://doerz.com/login,https://forsale.godaddy.com/forsale/doerz.com?utm_source=TDFS_BINNS&utm_medium=parkedpages&utm_campaign=x_corp_tdfs-binns_base&traffic_type=TDFS_BINNS&traffic_id=binns&
dollyglot.com,none,,,https://dollyglot.com/login,https://www.dollyglot.com/login
doola.com,none,,,https://app.doola.com/login,https://app.doola.com/login
dorian.live,none,,,https://dorian.live/login,https://home.dorian.live/
dover.com,microsoft,,btn:Continue with Microsoft waad,https://app.dover.com,https://doverapp.auth0.com/u/login?state=hKFo2SA4OFRnSjRfdlZLYjI5bHlYUE9sdm0zVXhXV21fbmN1MqFur3VuaXZlcnNhbC1sb2dpbqN0aWTZIHpMaUN2dG9laHY4T2JHbFY5Mi1ka3NYWXNpLTJkbnpTo2NpZNkgN0xZeGlDTUc0TGlvNXE1WHE3ZThkN25TM1VBekxab20
dplfp.com,none,,,https://dplfp.com/login,https://www.dplfp.com/login
dreamfactory.com,none,,,https://dreamfactory.com/login,https://www.dreamfactory.com/login
drinkdesoi.com,none,,,https://drinkdesoi.com/login,https://drinkdesoi.com/login
drinkmaple.com,none,,,https://accounts.shopify.com/recovery/stores?utm_source=gurucopy&utm_medium=link&utm_campaign=Gurus,https://accounts.shopify.com/recovery/stores?utm_source=gurucopy&utm_medium=link&utm_campaign=Gurus
drinkspindrift.com,none,,,https://shopify.com/19625173/account/profile?locale=en&region_country=US&buyer_flags=eyJhbGciOiJIUzI1NiJ9.eyJpc3MiOiJzcGluZHJpZnRmcmVzaC5teXNob3BpZnkuY29tIiwiZmxhZ3MiOltdLCJleHAiOjE3ODI0NTQ4ODMsIm5iZiI6MTc4MTg1MDA4M30.3VqhDczwVsBgxUuRZv1_5_9fXnK6dp0vFJFlIG2f9BY,https://shopify.com/authentication/19625173/login?client_id=d49a83d2-c75a-4c4b-b266-7f45f90d984d&locale=en-US&redirect_uri=%2Fauthentication%2F19625173%2Foauth%2Fauthorize%3Fbuyer_flags%3DeyJhbGciOiJIUzI1NiJ9.eyJpc3MiOiJzcGluZHJpZnRmcmVzaC5teXNob3BpZnkuY29tIiwiZmxhZ3MiOltdLCJleHAiOjE3ODI0NTQ4ODMsIm5iZiI6MTc4MTg1MDA4M30.3VqhDczwVsBgxUuRZv1_5_9fXnK6dp0vFJFlIG2f9BY%26client_id%3Dd49a83d2-c75a-4c4b-b266-7f45f90d984d%26locale%3Den-US%26nonce%3Db9eb6379-87e5-42b7-9663-b5fcf6d534ca%26redirect_uri%3Dhttps%253A%252F%252Fshopify.com%252F19625173%252Faccount%252Fcallback%26region_country%3DUS%26response_type%3Dcode%26scope%3Dopenid%2Bemail%2Bcustomer-account-api%253Afull%26state%3DhWNDVfKGmi7hb0FUUf47Ikdu&region_country=US
drivelah.sg,none,,,https://drivelah.sg/login,https://www.drivelah.sg/login
dronebase.com,none,,ERR:dns,,
dropz.com,none,,,https://dropz.com/login,https://dropz.com/login
dspconcepts.com,none,,,https://dspconcepts.com/license-dashboard?hsLang=en,https://dspconcepts.com/_hcms/mem/login?redirect_url=https%3A%2F%2Fdspconcepts.com%2Flicense-dashboard
duffel.com,none,,,https://app.duffel.com/sign-in,https://app.duffel.com/sign-in
dunelm.com,none,,,https://dunelm.com/login,https://www.dunelm.com/login
duuoo.io,none,,,https://duuoo.io/login,https://www.duuoo.io/
dyzedesign.com,none,,,https://dyzedesign.com/login,https://dyzedesign.com/wp-login.php
earable.ai,none,,,https://earable.ai/login,https://frenzband.com/login
easy-tutor.eu,none,,,https://easy-tutor.eu/login,https://www.easy-tutor.eu/login?_do=desktop
easyship.com,none,,,https://app.easyship.com/login,https://auth.easyship.com/login
eatkitch.com,none,,,https://eatkitch.com/login,https://kitch.io/login
eatwith.com,none,,,https://eatwith.com/login,https://www.eatwith.com/login
echo.co.uk,none,,,https://echo.co.uk/login,https://www.pharmacy2u.co.uk/prescriptions/lloydsdirect
ecobase.earth,none,,,https://portal.ecobase.earth/login,https://portal.ecobase.earth/login
ecosophy.is,none,,,https://platform.ecosophy.is,https://platform.ecosophy.is/
ecwid.com,none,,,https://my.ecwid.com/cp/,https://my.ecwid.com/cp/
edenai.co,generic_sso,,txt:Sign in with SSO,https://app.edenai.run/user/login,https://app.edenai.run/login?to=%2Fuser%2Flogin
edgedelta.com,none,,,https://app.edgedelta.com/,https://app.edgedelta.com/
edjanalytics.com,none,,,https://edjanalytics.com/login,https://alexistogel012.com/
edrv.io,none,,,https://edrv.io/login,https://www.edrv.io/login
educative.io,none,,,https://educative.io/login,https://www.educative.io/
eezee.com.sg,none,,ERR:dns,,
ehealthnowsolutions.com,none,,,,
eko.investments,none,,,https://eko.investments/login,https://eko.investments/login
elektralabs.com,none,,,https://app.gohumanfirst.com/login,https://app.gohumanfirst.com/login
elicit.com,generic_sso,,txt:single sign-on,https://elicit.com/users/auth?show=signin,https://elicit.com/users/auth?show=signin
elvah.de,none,,,https://hub.elvah.de/sign-in?utm_source=hs_email&utm_medium=email,https://hub.elvah.de/sign-in?utm_source=hs_email&utm_medium=email
emma.ca,none,,,https://emma.ca/login,https://emma.ca/login
emperiavr.com,none,,,https://emperiavr.com/login,https://emperiavr.com/.well-known/sgcaptcha/?r=%2Flogin&y=ipc:136.113.108.52:1781850578.780
emproveit.com,none,,,https://emproveit.com/login,https://forsale.godaddy.com/forsale/emproveit.com?utm_source=TDFS_BINNS2&utm_medium=parkedpages&utm_campaign=x_corp_tdfs-binns2_base&traffic_type=TDFS_BINNS2&traffic_id=binns2&
encord.com,none,,,https://app.encord.com/login,https://app.encord.com/login
endlessfairs.com,none,,,https://endlessfairs.com/login,https://www.endlessfairs.com/login
energyhire.com,none,,,https://app.energyhire.com/auth/login,https://app.energyhire.com/auth/login
enginsight.com,none,,,https://app.enginsight.com/#/signup,https://app.enginsight.com/-/#/sites/sign-up
enkash.com,none,,,https://home.enkash.com/login?source=nav-bar,https://home.enkash.com/login?source=nav-bar
ensodata.com,none,,,https://dashboard.ensodata.com/login,https://dashboard.ensodata.com/login
envel.ai,none,,,https://envel.ai/login,https://envel.ai/login
epsagon.com,none,,ERR:dns,,
equitybee.com,none,,,https://equitybee.com/login,https://equitybee.com/login
erthos.com,none,,,https://erthos.com/login,https://erthos.com/login-page/
esports.one,none,,,https://esports.one/login,https://esportsone.com/login
estmob.com,none,,,https://estmob.com/login,https://estmob.com/login
eva.gg,none,,,https://app.eva.gg/fr-US/login?redirect=%2Ffr-US,https://app.eva.gg/fr-US/login?redirect=%2Ffr-US
eventfrog.ch,none,,,https://eventfrog.ch/login,https://eventfrog.ch/de/login.html
evercast.us,none,,,https://app.evercast.us/?__hstc=17958374.0f4c3d1453e96419a92fc795fa2e4560.1736343488722.1739468855194.1739478450765.89&__hssc=17958374.2.1739478450765&__hsfp=3254787884&_gl=1*rijlwg*_ga*MzY3MzY0NTU3LjE3MzYzNDM0ODg.*_ga_XFZYMQN8CV*MTczOTQ2MzY0NC4zOC4xLjE3Mzk0Nzg0NjguNDEuMC4w,https://app.evercast.us/?__hstc=17958374.0f4c3d1453e96419a92fc795fa2e4560.1736343488722.1739468855194.1739478450765.89&__hssc=17958374.2.1739478450765&__hsfp=3254787884&_gl=1*rijlwg*_ga*MzY3MzY0NTU3LjE3MzYzNDM0ODg.*_ga_XFZYMQN8CV*MTczOTQ2MzY0NC4zOC4xLjE3Mzk0Nzg0NjguNDEuMC4w
evergage.com,none,,,https://evergage.com/login,https://www.salesforce.com/products/marketing-cloud/customer-interaction/
everplans.com,none,,,https://webapps.everplans.com/#/auth/sign_in,https://webapps.everplans.com/#/auth/sign_in
everybodyeating.com,none,,,https://everybodyeating.com/login,https://everybodyeating.com/login
evinced.com,none,,,https://hub.evinced.com/login?referrer=website-login,https://auth.evinced.com/u/login/identifier?state=hKFo2SBDV01qMHdqVTdTUE9feGJzZ08xZnJ1UXlqOTFYZFQ2daFur3VuaXZlcnNhbC1sb2dpbqN0aWTZIEJma0R3UzNWY3VNSjZWdlNfZ0RQYTBGWDJNOWdUa0pMo2NpZNkgaUNUdUxkOFZXUnlOQ2J6bXdONUc1NnY1cmxBWU5zTzU
evos.com.au,none,,,https://evos.app/,https://evos.app/#error=login_required&state=bc6099d2-a47b-436f-8280-5769e4335320&iss=https%3A%2F%2Fauth.evos.app%2Frealms%2Fevos
examity.com,none,,,https://examity.com/login,https://examity.com/login
exoprise.com,none,,,https://accounts.exoprise.com/login,https://accounts.exoprise.com/login
experify.io,none,,,https://experify.io/login,https://experify.io/lander
exseedhealth.com,none,,,https://exseedhealth.com/login,https://www.exseedhealth.com/wp-login.php
ezewholesale.com,none,,,https://ezewholesale.com/login,https://www.ezewholesale.com/login
fable.co,none,,,https://fable.co/login,https://fable.co/login
factal.com,none,,,https://factal.com/login,https://www.factal.com/login
factoryfix.com,none,,,https://admin.factoryfix.com/login,https://admin.factoryfix.com/login
fairmint.com,none,,,https://admin.fairmint.com/auth/login,https://admin.fairmint.com/auth/login
fan.school,microsoft,yes,btn:Sign in with Microsoft,https://fan.school/login,https://fan.school/login
fanfoodapp.com,none,,,https://fanfoodapp.com/login,https://fanfoodapp.com/login
farm21.com,none,,,https://app.farm21.com,https://app.farm21.com/web/login?redirect_to=%2F
farmshelf.com,none,,,https://farmshelf.com/login,https://farmshelf.com/login
fastly.com,none,,,https://manage.fastly.com/,https://manage.fastly.com/
fcqplatform.com,none,,ERR:dns,,
feathery.tech,none,,,https://app.feathery.io,https://app.feathery.io/
fellow.app,microsoft,yes,btn:Log in with Microsoft,https://fellow.app/auth/login/?ajs_aid=44f29758-48b6-48a7-9c37-67517e7c54f8,https://fellow.app/auth/login/?ajs_aid=44f29758-48b6-48a7-9c37-67517e7c54f8
fernish.co,none,,,https://fernish.co/login,https://fernish.com/users/sign_in
fido.id,none,,,https://fido.id/login,https://trustfull.com/
fightingblindness.org,none,,,https://fightingblindness.org/login,https://fightingblindness.org/login
fiit.tv,none,,,https://fiit.tv/login,https://fiit.tv/login
finaeo.com,none,,,https://finaeo.com/login,https://finaeo.com/login
finary.io,none,,ERR:dns,,
findiq.de,none,,,https://findiq.de/login,https://findiq.de/login
fingerprintjs.com,microsoft,,btn:Continue with Microsoft,https://dashboard.fingerprint.com/login,https://dashboard.fingerprint.com/login
finja.pk,none,,,https://finja.pk/sign_in,https://finja.pk/sign_in
finnihealth.com,none,,,https://parents.finnihealth.com/login,https://parents.finnihealth.com/login
finstart.io,none,,,https://webapp.finstart.io/login,https://webapp.finstart.io/login
fintso.com,none,,,https://portal.wealthmagic.in/FintsoWMlogin.aspx,https://portal.wealthmagic.in/FintsoWMlogin.aspx
firmable.com,none,,,https://firmable.com/login,https://firmable.com/login
fishbowlapp.com,none,,,https://fishbowlapp.com/login,https://www.fishbowlapp.com/login
fitspotapp.com,none,,,https://www.hugeDomains.com/payment-plan-login.cfm,https://www.hugedomains.com/payment-plan-login.cfm
fixer.com,none,,,https://fixer.com/login,https://fixer.com/wp-login.php
flashpcb.com,none,,,https://flashpcb.com/login,https://www.flashpcb.com/login
flavorcloud.com,none,,,https://flavorcloud.com/signin,https://flavorcloud.com/signin
flexfinance.ai,none,,,https://app.useflexfinance.com,https://app.useflexfinance.com/
flickelectric.co.nz,none,,ERR:dns,,
flipgive.com,none,,,https://auth.flipgive.com/login,https://auth.flipgive.com/login?base_url=https%3A%2F%2Fwww.flipgive.com&client_id=jHb0NOaGJceZL7aWREPsmyEGmfFpkI71jNvt1Zm3gaE&code_challenge=OAwHVNa7gQaa4ip0pwgxm5WjkVqS1pYWaqT02AnEiAU&code_challenge_method=S256&r=&redirect_uri=https%3A%2F%2Fwww.flipgive.com%2Fauth%2Fcallback&site_base_url=https%3A%2F%2Fwww.flipgive.com&site_logo=https%3A%2F%2Fflipgive.twic.pics%2Fimages%2Fsites%2Flogos%2F000%2F000%2F031%2Foriginal%2Fflipgive_logo_black.png&state=fe80a7a9cf2f66033062cef5b9678b57
flodesk.com,none,,,https://app.flodesk.com/sign-in?fd-source=home,https://app.flodesk.com/sign-in?fd-source=home
flowace.ai,microsoft,,txt:Sign Up with Microsoft,https://signup.flowace.ai/,https://signup.flowace.ai/
fluencetraining.com,none,,,https://fluencetraining.com/login,https://www.fluencetraining.com/login
flutterflow.io,none,,,https://app.flutterflow.io,https://app.flutterflow.io/
flybuys.com.au,none,,,https://flybuys.com.au/login,https://experience.flybuys.com.au/
flyporter.com,none,,,https://flyporter.com/login,https://www.flyporter.com/login
fodyfoods.com,none,,,https://www.fodyfoods.com/customer_authentication/redirect?locale=en&region_country=US,https://shopify.com/authentication/16570407/login?client_id=66fc1e59-ef8b-45a8-a3d9-abf489c99859&locale=en-US&redirect_uri=%2Fauthentication%2F16570407%2Foauth%2Fauthorize%3Fbuyer_flags%3DeyJhbGciOiJIUzI1NiJ9.eyJpc3MiOiJmb2R5LWZvb2QtY28tY2FuYWRhLm15c2hvcGlmeS5jb20iLCJmbGFncyI6W10sImV4cCI6MTc4MjQ1NjMxNywibmJmIjoxNzgxODUxNTE3fQ.MY8hUxMu12FAP1QYhuteUc0JUMBYbpdOcy-JDptYZlM%26client_id%3D66fc1e59-ef8b-45a8-a3d9-abf489c99859%26locale%3Den-US%26nonce%3D10504001-aa97-4e99-bfcf-162792b04ddf%26redirect_uri%3Dhttps%253A%252F%252Fshopify.com%252F16570407%252Faccount%252Fcallback%26region_country%3DUS%26response_type%3Dcode%26scope%3Dopenid%2Bemail%2Bcustomer-account-api%253Afull%26state%3DhWNDVhjy4jrrVFTtaaxaQKyP&region_country=US
fonbnk.com,none,,,https://dashboard.fonbnk.com/,https://dashboard.fonbnk.com/login
foodmaven.com,none,,,https://foodmaven.com/login,https://www.foodmaven.com/login
footway.com,none,,,https://footway.com/login,https://footway.com/login
ford.com,none,,,https://ford.com/login,https://www.ford.com/login
forfarming.co,none,,,https://sudahalh.primemeisback.it.com/,https://sudahalh.primemeisback.it.com/
formstack.com,none,,,https://formstack.com/login,https://formstack.com/login
foundationmedicine.com,none,,,https://home.foundationmedicine.com/login,https://home.foundationmedicine.com/login
foursquare.com,none,,,https://foursquare.com/log-in/,https://foursquare.com/log-in/
frame.ai,microsoft,,btn:Sign in with Microsoft,https://app.hubspot.com/login?hubs_signup-url=www.hubspot.com%2Fproducts%2Fartificial-intelligence&hubs_signup-cta=nav-utility-login&hubs_content=www.hubspot.com%2Fproducts%2Fartificial-intelligence&hubs_content-cta=nav-utility-login&uuid=anonab0a44fa97ac58d5e3b4d1d9f910,https://app.hubspot.com/login?hubs_signup-url=www.hubspot.com%2Fproducts%2Fartificial-intelligence&hubs_signup-cta=nav-utility-login&hubs_content=www.hubspot.com%2Fproducts%2Fartificial-intelligence&hubs_content-cta=nav-utility-login&uuid=anonab0a44fa97ac58d5e3b4d1d9f910
franzy.com,none,,,https://franzy.com/login,https://franzy.com/login
freee.co.jp,none,,,https://freee.co.jp/login,https://www.freee.co.jp/login/
frenetic.ai,none,,,https://app.frenetic.ai/login?=origin-blue-banner,https://app.frenetic.ai/login?=origin-blue-banner
fresho.com.au,none,,,https://app.fresho.com/login,https://app.fresho.com/user/session/new
fring.work,none,,,https://app.fring.work/login,https://app.fring.work/login
ftrack.com,none,,,https://account.ftrack.com/login-workspace,https://account.ftrack.com/en/login-workspace
fulcrumlatam.com,none,,,https://www.HugeDomains.com/payment-plan-login.cfm,https://www.hugedomains.com/payment-plan-login.cfm
fundinggates.com,none,,ERR:dns,,
fundthrough.com,none,,,https://invoices.fundthrough.com/signin,https://invoices.fundthrough.com/signin
futurelearn.com,none,,,https://futurelearn.com/login,https://futurelearn.com/login
fyxer.com,microsoft,,btn:Continue with Microsoft,https://app.fyxer.com/auth/log-in?device_id=d9655c67-8e27-433b-8a60-a9715186ee60,https://app.fyxer.com/auth/log-in
gaiadesign.com.mx,none,,,https://gaiadesign.com.mx/login,https://gaiadesign.com.mx/login
galliumstudios.com,none,,,https://galliumstudios.com/login,https://galliumstudios.com/login
gameflip.com,none,,,https://gameflip.com/login,https://gameflip.com/login
gamma-ar.com,none,,,https://portal.gamma-ar.com/region/signin,https://portal.gamma-ar.com/signin
gardrops.com,none,,,https://gardrops.com/login,https://gardrops.com/login
gatheround.com,none,,,https://gatheround.com/login,https://gatheround.com/login
gdprregister.eu,none,,,https://app.gdprregister.eu/login,https://app.gdprregister.eu/login
gemist.co,none,,,https://gemist.co/login,https://gemist.io/login
gengo.com,none,,,https://gengo.com/auth/form/login/,https://gengo.com/auth/form/login/
genomeinsight.net,none,,,https://portal.inocras.com/login,https://portal.inocras.com/login
geographica.gs,none,,,https://geographica.gs/login,https://geographica.com/login
getacceptd.com,none,,,https://app.getacceptd.com/login,https://app.getacceptd.com/login
getbeam.cash,none,,,https://app.moderntreasury.com/login,https://auth.moderntreasury.com/login?state=hKFo2SBiSkl2VTZCd2lDV0NVcVhNUDZ4SGc0WXlHblNiYm5vWqFupWxvZ2luo3RpZNkgbkU5OGcyUlRuWTBMekNkSUx3d1hrZjB4U3lFZmlJNk6jY2lk2SBJZEF4QkRrWHhlcWNlM01tU2ptTlF6VDdtS0p4MnlHNw&client=IdAxBDkXxeqce3MmSjmNQzT7mKJx2yG7&protocol=oauth2&leeway=60&nonce=b08886311cd91ff6681f7f4d3f10f46b&redirect_uri=https%3A%2F%2Fapp.moderntreasury.com%2Fauth%2Fauth0%2Fcallback&response_type=code&scope=openid%20email%20profile
getbraavo.com,none,,,https://app.getbraavo.com/sign-in?int_src=getbraavo.com&int_med=login_btn,https://app.getbraavo.com/sign-in?int_src=getbraavo.com&int_med=login_btn
getcensus.com,microsoft,,btn:Sign in with Microsoft,https://fivetran.com/login,https://fivetran.com/login
getcoconut.com,none,,,https://web.getcoconut.com/login,https://web.getcoconut.com/login
getfibr.co,none,,,https://getfibr.co/login,https://fibr.ai/login
getgc.ai,none,,,https://app.gc.ai,https://app.gc.ai/auth/sign-in?return=%2F
gethorizon.net,none,,,https://app.gethorizon.net/,https://app.gethorizon.net/
getjoyfood.com,none,,,https://getjoyfood.com/login,https://getjoyfood.com/login
getmaple.ca,none,,,https://app.getmaple.ca/login,https://app.getmaple.ca/login
getmuffin.io,none,,,https://app.getmuffin.io/login,https://app.getmuffin.io/login
getonce.com,none,,,https://getonce.com/login,https://www.getonce.com/login
getpitstop.com,none,,,https://getpitstop.com/login,https://getpitstop.com/login
getquin.com,none,,,https://app.getquin.com/login?lang=en,https://app.getquin.com/en/login?lang=en
getrevue.co,none,,,https://getrevue.co/login,https://getrevue.co/login
getsirena.com,none,,,https://getsirena.com/login,https://getsirena.com/login
getsquire.com,none,,,https://app.getsquire.com/login?_gl=1*gogohl*_gcl_aw*R0NMLjE3NzY3ODM2MzAudGVzdF9nY2xpZA..*_gcl_au*ODExODE1NjAxLjE3NzY4OTA2NzguMjcxMTE5MjcxLjE3NzcwNTYxOTYuMTc3NzA1NjE5Ng..*_ga*MTYwMDA5MjYxOC4xNzY5MTEwODk3*_ga_H3RBNL7H5X*czE3NzcyOTU3MDAkbzUwJGcxJHQxNzc3Mjk2MjM4JGozNyRsMCRoMTIwNjc1NDg5MQ..*_ga_PEZQXH52TW*czE3NzcyOTU3MDAkbzUwJGcxJHQxNzc3Mjk2MjM4JGozNyRsMCRoMA..,https://app.getsquire.com/login?_gl=1*gogohl*_gcl_aw*R0NMLjE3NzY3ODM2MzAudGVzdF9nY2xpZA..*_gcl_au*ODExODE1NjAxLjE3NzY4OTA2NzguMjcxMTE5MjcxLjE3NzcwNTYxOTYuMTc3NzA1NjE5Ng..*_ga*MTYwMDA5MjYxOC4xNzY5MTEwODk3*_ga_H3RBNL7H5X*czE3NzcyOTU3MDAkbzUwJGcxJHQxNzc3Mjk2MjM4JGozNyRsMCRoMTIwNjc1NDg5MQ..*_ga_PEZQXH52TW*czE3NzcyOTU3MDAkbzUwJGcxJHQxNzc3Mjk2MjM4JGozNyRsMCRoMA..
gettactic.com,none,,,https://gettactic.com/auth/login,https://id.gettactic.com/login?ReturnUrl=%2fconnect%2fauthorize%3fresponse_type%3dcode%26client_id%3dtactic_web%26redirect_uri%3dhttps%253A%252F%252Funion.gettactic.com%252Fauth%252Fcallback%26scope%3dopenid%2520api%2520offline_access%26state%3dOEledbuTHTKzgckI7qSspsAJXXRiKcKsR-sSMzjY9KA%26code_challenge_method%3dS256%26code_challenge%3dbOjtc8_GrArsToDyb55wqLUBQNsarmS-ShTi4UrnBQQ%26slug%3d&slug=
getunblocked.com,generic_sso,,txt:SSO,https://getunblocked.com/login,https://getunblocked.com/login/
getwanted.com,none,,,https://getwanted.com/login,https://www.hugedomains.com/domain_profile.cfm?d=getwanted.com
ghst.io,none,,,https://app.ghst.io/,https://app.ghst.io/sign-in
gigeasy.com,none,,,https://gigeasy.com/login,https://gigeasy.com/login
gilt.com,none,,,https://gilt.com/login,https://www.gilt.com/login
givelegacy.com,none,,,https://client.givelegacy.com/,https://auth.givelegacy.com/login?state=hKFo2SBzd3RCNEE0THFkeHVoNzdaZlM2Z3MxcTRfLTdaMXR6LaFupWxvZ2luo3RpZNkgRHpTNWtPMUNrRGxEMU1kZ2hDb2NnU29CbzhlV1JaMDCjY2lk2SBvY3BiU3ZSdUJaNk5hczE0UDIwdk5meThqRmpUVnhvaw&client=ocpbSvRuBZ6Nas14P20vNfy8jFjTVxok&protocol=oauth2&scope=openid%20profile%20email&redirect_uri=https%3A%2F%2Fclient.givelegacy.com&audience=https%3A%2F%2Fdashboard.givelegacy.com%2F&response_type=code&response_mode=query&nonce=WXJ6OGFSeDAwRTUuaGZvY2dCb21qTGlxYXgyaWZhaXh3WGozM2NFTjZIRg%3D%3D&code_challenge=VUX0BbnWOnMheLZNPcrg33f-keWKoyqGadYBDTbaYtU&code_challenge_method=S256&auth0Client=eyJuYW1lIjoiYXV0aDAtdnVlIiwidmVyc2lvbiI6IjIuMi4xIn0%3D
glamcorner.com.au,none,,,https://glamcorner.com.au/login,https://www.glamcorner.com.au/login
gleen.ai,none,,,https://gleen.ai/login,https://app.alhena.ai/login/
globalknowledge.com,none,,,https://globalknowledge.com/login,https://www.globalknowledge.com/us-en/login
glooko.com,generic_sso,,txt:SSO,https://my.glooko.com/users/sign_in,https://my.glooko.com/users/sign_in
glowrecipe.com,none,,,https://glowrecipe.com/login,https://www.glowrecipe.com/login
go-koala.com,none,,,https://go-koala.com/login,https://www.go-koala.com/login
gocanvas.com,generic_sso,,txt:Single Sign On,https://gocanvas.com/login,https://www.gocanvas.com/login
godutch.com,none,,,https://banking.godutch.com/auth/login,https://banking.godutch.com/auth/login
goguardian.com,generic_sso,,txt:Single Sign On,https://account.goguardian.com/,https://account.goguardian.com/#/
goldbelly.com,none,,,https://goldbelly.com/login,https://www.goldbelly.com/log-in
gonoodle.com,none,,,https://gonoodle.com/login,https://www.gonoodle.com/login
gooddog.com,none,,,https://gooddog.com/login,https://www.gooddog.com/login
goodlawyer.ca,none,,,https://goodlawyer.ca/login,https://www.goodlawyer.ca/login
goodshuffle.com,none,,,https://goodshuffle.com/login,https://www.goodshuffle.com/login
google.com,none,,,https://accounts.google.com/ServiceLogin?hl=en&passive=true&continue=https://www.google.com/&ec=futura_exp_og_so_72776762_e,https://accounts.google.com/v3/signin/identifier?continue=https%3A%2F%2Fwww.google.com%2F&dsh=S-1002867112%3A1781852752388543&ec=futura_exp_og_so_72776762_e&hl=en&passive=true&flowName=GlifWebSignIn&flowEntry=ServiceLogin&ifkv=AcDsRvzHIO_C4z9HmCZrRTuf6kRIw2WBUAx7FbvPAiz6F_thmuu5VLE5eN6Yf5ds4KiT96FNWMstPQ
gopangea.com,none,,,https://app.pangeamoneytransfer.com/login,https://app.pangeamoneytransfer.com/login
gopuff.com,none,,,https://gopuff.com/login,https://gopuff.com/login
gorumpl.com,none,,,https://shopify.com/2728131/account?locale=en&buyer_flags=eyJhbGciOiJIUzI1NiJ9.eyJpc3MiOiJnb3J1bXBsLm15c2hvcGlmeS5jb20iLCJmbGFncyI6W10sImV4cCI6MTc4MjQ0ODQ2OSwibmJmIjoxNzgxODQzNjY5fQ.7G4lNcbZXHH4ytfRK149Z071si8XoeimtqEdYfNuJoY,https://shopify.com/authentication/2728131/oauth/authorize?buyer_flags=eyJhbGciOiJIUzI1NiJ9.eyJpc3MiOiJnb3J1bXBsLm15c2hvcGlmeS5jb20iLCJmbGFncyI6W10sImV4cCI6MTc4MjQ0ODQ2OSwibmJmIjoxNzgxODQzNjY5fQ.7G4lNcbZXHH4ytfRK149Z071si8XoeimtqEdYfNuJoY&client_id=30cb7382-7fb4-41f6-9a87-390b9a087aff&locale=en-US&nonce=0014697a-c53e-45ec-8cbe-8bc8f81d0a6d&redirect_uri=https%3A%2F%2Fshopify.com%2F2728131%2Faccount%2Fcallback&response_type=code&scope=openid+email+customer-account-api%3Afull&state=hWNDVjsRxzduKfwv4Zw805GD
gostudent.org,none,,,https://gostudent.org/login,https://www.gostudent.org/login/
govolition.com,none,,,https://govolition.com/login,https://govolition.com/login
goyellowbird.com,none,,,https://goyellowbird.com/login,https://www.goyellowbird.com/login
gradual.io,none,,,https://gradual.io/login,https://gradual.io/login
graphite.dev,none,,,https://app.graphite.com/signup,https://app.graphite.com/signup
greatjonesgoods.com,none,,,https://greatjonesgoods.com/login,https://greatjonesgoods.com/login
greenlearning.ca,none,,,https://programs.greenlearning.ca/start,https://programs.greenlearning.ca/start
gridium.com,generic_sso,,txt:SSO,https://snapmeter.com,https://snapmeter.com/login
grolift.com,none,,,https://grolift.com/login,https://www.hugedomains.com/domain_profile.cfm?d=grolift.com
growgeneration.com,none,,,https://www.growgeneration.com/customer/account/index/,https://www.growgeneration.com/customer/account/login/referer/aHR0cHM6Ly93d3cuZ3Jvd2dlbmVyYXRpb24uY29tL2N1c3RvbWVyL2FjY291bnQvaW5kZXgv/
grunfin.com,none,,,https://grunfin.com/login,https://grunfin.com/login
gtechapparel.com,none,,,https://gtechapparel.com/login,https://www.gtechapparel.com/login
guidecx.com,generic_sso,,txt:Continue with SSO,https://app.guidecx.com/auth/login,https://app.guidecx.com/auth/login
gumroad.com,none,,,https://gumroad.com/login,https://gumroad.com/login
gwi.com,microsoft,,btn:Microsoft,https://signin.globalwebindex.com/?__hstc=93079362.dc0b3ff06af1ef21460fdc24aa1b347a.1781853082903.1781853082903.1781853082903.1&__hssc=93079362.1.1781853082903&__hsfp=754f769d5c6cb91903196b3d8be0efce,https://signin.globalwebindex.com/?__hstc=93079362.dc0b3ff06af1ef21460fdc24aa1b347a.1781853082903.1781853082903.1781853082903.1&__hssc=93079362.1.1781853082903&__hsfp=754f769d5c6cb91903196b3d8be0efce
hackajob.co,none,,,https://hackajob.co/login,https://hackajob.com/talent/not-found
haikudeck.com,none,,,https://haikudeck.com/login,https://haikudeck.com/login
hallyhair.com,none,,,https://hallyhair.com/login,https://hallyhair.com/login
handle.com,none,,,https://handle.com/login,https://www.handle.com/wp-login.php
happeo.com,microsoft,,btn:Sign in with Microsoft Sign in with Micr,https://app.happeo.com/?,https://app.happeo.com/login?redirectPath=%2F%3F
harbourshare.com,microsoft,yes,btn:Sign in with Microsoft,https://signup.myharbourshare.com/createworkspace?si=navmenu,https://secure.myharbourshare.com/login?destination_url=https%3A%2F%2Fsignup.myharbourshare.com%2Fcreateworkspace%3Fsi%3Dnavmenu
harrowsports.com,none,,,https://harrowsports.com/login,https://www.harrowsports.com/login
hatchcollection.com,none,,,https://hatchcollection.com/login,https://www.hatchcollection.com/account/login
havenskitchen.com,none,,,https://havenskitchen.com/login,https://havenskitchen.com/login
headout.com,none,,,https://headout.com/login,https://www.headout.com/
healthhero.com,none,,,https://healthhero.com/login,https://www.healthhero.com/login
hedgehog.com,none,,,https://hedgehog.com/login,https://hedgehog.com/login
helio.exchange,none,,,https://helio.exchange/login,https://helio.exchange/login
hellobrigit.com,none,,,https://app.hellobrigit.com/login,https://app.hellobrigit.com/login
hellohr.co.za,none,,,https://hellohr.co.za/login,https://hellohr.co.za/login
hellopearl.com,none,,,,
hellotech.com,none,,,https://hellotech.com/login,https://www.hellotech.com/login
helport.ai,none,,,https://helport.ai/login,https://www.helport.ai/login
heptainsights.com,none,,,https://api.heptainsights.com/login?redirect=https://app.heptainsights.com/,https://api.heptainsights.com/login?redirect=https://app.heptainsights.com/
heritagetype.com,none,,,https://heritagetype.com/login,https://www.heritagetype.com/login
heva.co,none,,,https://heva.co/login,https://heva.co/
heymarket.com,microsoft,,btn:Sign in with Microsoft,https://app.heymarket.com/account/login,https://app.heymarket.com/account/login/
hiberworld.com,none,,,https://hiberworld.com/login,https://hiberworld.com/login
highnote.com,none,,,https://dashboard.highnote.com/auth/signin,https://auth.highnoteplatform.com/u/login/identifier?state=hKFo2SBrMUVnclNwa1JiVE1EWWlDYkhSdlpNRmV0YTlEdHJRMaFur3VuaXZlcnNhbC1sb2dpbqN0aWTZIEQyOWJsenpEcXR6LTlCVF9zTThNVl9wMlFHUGNfRmhvo2NpZNkgSjM2Y2piZUI0OHkxUm1UaHF4ME9ydFRoY3pPcExKdU0
highwaybenefits.com,none,,,https://highwaybenefits.com/login,https://www.highwaybenefits.com/login
hillhousehome.com,none,,,https://hillhousehome.com/login,https://www.hillhousehome.com/login
hinelson.com,none,,,https://hinelson.com/login,https://hinelson.com/login
hirebee.ai,none,,,https://hirebee.ai/login,https://hirebee.ai/login
histowiz.com,none,,,https://app.histowiz.com/,https://app.histowiz.com/
hiverhq.com,none,,,https://hiverhq.com/login,https://hiverhq.com/login
hololink.io,none,,,https://auth.hololink.io/realms/hololink-prod/protocol/openid-connect/registrations?client_id=editor&response_type=code&scope=openid&redirect_uri=https%3A%2F%2Feditor.hololink.io%2F,https://auth.hololink.io/realms/hololink-prod/protocol/openid-connect/registrations?client_id=editor&response_type=code&scope=openid&redirect_uri=https%3A%2F%2Feditor.hololink.io%2F
homefromcollege.com,none,,,https://homefromcollege.com/login,https://homefromcollege.com/login
homethrive.com,none,,,https://app.homethrive.com/login?utm_source=website&utm_medium=referral&utm_campaign=header-login,https://app.homethrive.com/auth/login
honeycomb.tv,none,,,https://honeycomb.tv/login,https://www.peach.me/login
hopequre.com,none,,,https://www.hopequre.com/corporate-login,https://login.hopequre.com/
hopsworks.ai,none,,,https://run.hopsworks.ai/api/auth/signup,https://auth.hopsworks.ai/u/signup?state=hKFo2SBuQzg4ZnVvT0RFdHB1QWQydE9xMy1pdldBRHktR3pELaFur3VuaXZlcnNhbC1sb2dpbqN0aWTZIHFsaVlhX2V4LXQza1ZBTWVKbTNvWXQwWGx0VndDSndPo2NpZNkgZktzcDZaQnpNUHV4azc5ZlAxQzFUSjRGMlRCT2ZSdlo
hotailors.com,generic_sso,,txt:Sign in with SSO,https://user.worktrips.com/,https://login.worktrips.com/realms/worktrips/protocol/openid-connect/auth?client_id=auth&redirect_uri=https%3A%2F%2Fuser.worktrips.com%3Fbackground%3Dhttps%253A%252F%252Fimages.unsplash.com%252Fphoto-1530521954074-e64f6810b32d%253Fixid%253DM3wzMzEzMjR8MHwxfHJhbmRvbXx8fHx8fHx8fDE3ODE4NTM5MDV8%2526ixlib%253Drb-4.1.0%2526w%253D1920%2526q%253D80&state=2e9f748b-5fb6-430f-821a-02b0b5cfbc2f&response_mode=fragment&response_type=code%20id_token%20token&scope=openid&nonce=18dd9b08-bfae-4574-8290-5698a0bc847d&code_challenge=o2U5Ly-quibxnPF6z1orKmBT8YfrDJIJLhkw4WpmXxQ&code_challenge_method=S256
hotmart.com.br,none,,,https://hotmart.com.br/login,https://hotmart.com/pt-br/login
houseofmath.com,none,,,https://houseofmath.com/login,https://www.houseofmath.com/login
howitzer.cc,none,,ERR:dns,,
hrlocker.com,none,,,https://login.hrlocker.com/SignIn,https://login.hrlocker.com/SignIn
hubble-docs.com,none,,,https://app.hubble-docs.com/login?returnUrl=%2Fmy-folder,https://app.hubble-docs.com/login?returnUrl=%2Fmy-folder
huckleberry-labs.com,none,,,https://huckleberry-labs.com/login,https://huckleberry-labs.com/login
humanapi.co,none,,,https://members.worldcompliance.com/SignIn.aspx,https://members.worldcompliance.com/SignIn.aspx
hungryharvest.net,none,,,https://shop.hungryharvest.net/login.php,https://shop.hungryharvest.net/login
hurdlr.com,none,,,https://web.hurdlr.com/login?utm_source=hurdlr&utm_medium=site&utm_campaign=desktop&utm_content=login,https://web.hurdlr.com/login?utm_source=hurdlr&utm_medium=site&utm_campaign=desktop&utm_content=login
hyber.com,none,,ERR:dns,,
hype.co,none,,,https://hype.co/login,https://www.hype.co/login
hyrecar.com,none,,ERR:dns,,
ibeat.com,none,,,https://my.ibeat.com/?&_ga=2.243876997.120191419.1669840030-1660753158.1665006136#/account/login/,https://login.ibeat.com/u/login/identifier?state=hKFo2SBGcjJRWVRiRDNjcmJCWFhJNklGSDBlOXJmTm1mQ3k3WKFur3VuaXZlcnNhbC1sb2dpbqN0aWTZIDRmdTlKOXRBbVg0Xzk5bkV3UHdEMFdnTWd2cnBwdllZo2NpZNkgZTV5anVtYnk3Ymc4MUphWVc5dFNIUUJudkZjOTZZbmg
iclick.com,none,,,https://iclick.com/login,https://iclick.com/login
id.me,none,,,https://account.id.me,https://api.id.me/en/session/new
ideraos.com,none,,,https://ideraos.com/signin,https://ideraos.com/signin
idyllum.com,none,,,https://www.hugeDomains.com/payment-plan-login.cfm,https://www.hugedomains.com/payment-plan-login.cfm
iifm.net,none,,,https://iifm.net/login,https://iifm.net/login
ikoshq.com,none,,,,
imbesharam.com,none,,,https://imbesharam.com/login,https://in.imbesharam.com/collections/fleshlight
immersive-fox.com,none,,,https://app.immersive-fox.com/login?lang=en,https://app.immersive-fox.com/login?lang=en
impactalpha.com,none,,,https://impactalpha.com/designing-broad-based-ownership-of-ai-to-share-power-along-with-wealth/,https://impactalpha.com/designing-broad-based-ownership-of-ai-to-share-power-along-with-wealth/
impossiblekicks.com,none,,,https://impossiblekicks.com/login,https://impossiblekicks.com/login
incision.care,microsoft,,btn:Microsoft,https://my.incision.care/login,https://my.incision.care/login
incrediblehq.com,none,,,https://app.incrediblehealth.com/users/sign_in,https://app.incrediblehealth.com/users/sign_in
indigoag.com,none,,,https://www.indigoag.com/log-in,https://www.indigoag.com/log-in
infineon.com,none,,,https://infineon.com/login,https://www.infineon.com/
infinityy.com,none,,,https://infinityy.com/login,https://infinityy.com/login
influencer.com,none,,,https://waves.influencer.com/,https://waves-crm.influencer.com/
infoshare.pl,none,,,https://infoshare.pl/login/,https://infoshare.pl/login/
ingestro.com,none,,,https://dashboard.ingestro.com/login,https://dashboard.ingestro.com/login
innago.com,none,,,https://my.innago.com/login,https://auth.innago.com/login
innovaprep.com,none,,,https://innovaprep.com/login,https://www.innovaprep.com/login
inrix.com,none,,,https://inrix.com/wp-content/uploads/2021/03/Computer-With-IQ-Login-1.png,https://inrix.com/wp-content/uploads/2021/03/Computer-With-IQ-Login-1.png
inspecthoa.com,none,,,https://inspecthoa.com/signin,https://inspecthoa.com/signin
instantscripts.com.au,none,,,https://instantscripts.com.au/login,https://www.instantscripts.com.au/login
instream.io,none,,,https://app.instream.io/login?lang=en,https://app.instream.io/login?lang=en
auditfile.com,none,,,https://auditfile.com/login,https://auditfile.com/
awakechocolate.com,none,,,https://awakechocolate.com/login,https://awakechocolate.com/login
backblaze.com,none,,,https://secure.backblaze.com/user_signin.htm,https://secure.backblaze.com/user_signin.htm
barmej.com,none,,,https://barmej.com/login,https://barmej.com/login
bcferries.com,none,,,https://bcferries.com/login,https://www.bcferries.com/login
beaufort.io,none,,,https://beaufort.io/login,https://stoe.no/tjenester/kyc
belongly.com,none,,,https://my.belong.ly/,https://my.belong.ly/sign-in?redirectURL=/home
betdex.com,none,,,https://betdex.com/login,https://www.betdex.com/login
bf02x.hubspotemail.net,none,,ERR:dns,,
biktrix.com,none,,,https://shopify.com/11446508/account/pages/63180ea1-edac-4010-98d1-d6a29078e7d5?locale=en&region_country=US&buyer_flags=eyJhbGciOiJIUzI1NiJ9.eyJpc3MiOiJiaWt0Lm15c2hvcGlmeS5jb20iLCJmbGFncyI6W10sImV4cCI6MTc4MjQ0MTMyOCwibmJmIjoxNzgxODM2NTI4fQ.IY8Dt0zZjqR-WNREMpJwQnc-fRl5JiityzXXHoH63-g,https://shopify.com/authentication/11446508/login?client_id=6e4f8c93-0413-4c93-bee9-dfae32f2a6a8&locale=en-US&redirect_uri=%2Fauthentication%2F11446508%2Foauth%2Fauthorize%3Fbuyer_flags%3DeyJhbGciOiJIUzI1NiJ9.eyJpc3MiOiJiaWt0Lm15c2hvcGlmeS5jb20iLCJmbGFncyI6W10sImV4cCI6MTc4MjQ0MTMyOCwibmJmIjoxNzgxODM2NTI4fQ.IY8Dt0zZjqR-WNREMpJwQnc-fRl5JiityzXXHoH63-g%26client_id%3D6e4f8c93-0413-4c93-bee9-dfae32f2a6a8%26locale%3Den-US%26nonce%3D00ae45f2-cc02-4448-905f-925c5fb6d6ca%26redirect_uri%3Dhttps%253A%252F%252Fshopify.com%252F11446508%252Faccount%252Fcallback%26region_country%3DUS%26response_type%3Dcode%26scope%3Dopenid%2Bemail%2Bcustomer-account-api%253Afull%26state%3DhWNDVYXVMZ9BiTdBpGjLzwO1&region_country=US
bioeffect.com,none,,,https://bioeffect.com/login,https://www.bioeffect.com/login?retry=1
birdies.com,none,,,https://birdies.com/login,https://birdies.com/login
bite.lt,none,,,https://bite.lt/login,https://bite.lt/login
bitmama.io,none,,,https://dashboard.bitmama.io/,https://dashboard.bitmama.io/login?rto=/
bito.co,none,,,https://bito.co/login,https://bito.co/login
bitwage.com,none,,,https://app.bitwage.com/,https://app.bitwage.com/login
blackopalbeauty.com,none,,,https://blackopalbeauty.com/login,https://blackopalbeauty.com/login
blent.io,none,,,https://app.blent.io,https://app.blent.io/login
blktatu.com,none,,,https://blktatu.com/login,https://blktatu.com/login
blockspaces.io,none,,,https://blockspaces.io/login,https://blockspaces.io/login
bloom.co,none,,,https://bloom.co/login,https://mediaoptions.com/brokered-domains/bloom-co/
bloomscape.com,none,,,https://shopify.com/85264826664/account,https://shopify.com/authentication/85264826664/login?client_id=2b1cf66a-cce8-417a-8ce7-037a1887ae78&locale=en-US&redirect_uri=%2Fauthentication%2F85264826664%2Foauth%2Fauthorize%3Fclient_id%3D2b1cf66a-cce8-417a-8ce7-037a1887ae78%26locale%3Den-US%26nonce%3D654fb452-af12-4212-8134-fd0623e9777e%26redirect_uri%3Dhttps%253A%252F%252Fshopify.com%252F85264826664%252Faccount%252Fcallback%26response_type%3Dcode%26scope%3Dopenid%2Bemail%2Bcustomer-account-api%253Afull%26state%3DhWNDVZ72yfBBgkPJ5CXs71xh
blueberrypediatrics.com,none,,,https://app.blueberrypediatrics.com/login,https://app.blueberrypediatrics.com/login
blueland.com,none,,,https://blueland.com/login,https://www.blueland.com/account/login
bluerush.com,none,,,https://auth.individeo.com/,https://auth.individeo.com/#/login
bluewin.ch,none,,,https://www.swisscom.ch/login,https://www.swisscom.ch/login/
boardable.com,microsoft,,btn:Microsoft,https://app.boardable.com/login,https://app.boardable.com/login
boclips.com,microsoft,,btn:Microsoft,https://app.boclips.com/,https://login.boclips.com/realms/boclips/protocol/openid-connect/auth?client_id=boclips-web-app&redirect_uri=https%3A%2F%2Fapp.boclips.com%2F&state=3ebbb844-a6e6-4885-b842-16a2f1a6827d&response_mode=fragment&response_type=code&scope=openid&nonce=fb126b8e-bb8a-4a76-abd0-804adc3f9aa0&code_challenge=A4LyPXHvllsk8otLe28UVbt9odbMuhmYiTkZTf4tTPE&code_challenge_method=S256
bokio.se,none,,,http://app.bokio.se/sign-up,https://app.bokio.se/sign-up/signup-or-login
bolt.eu,none,,,https://business.bolt.eu/signup,https://business.bolt.eu/signup/choose-auth
bondevalue.com,none,,,https://bondevalue.com/login,https://bondevalue.com/login
bookclubs.com,none,,,https://bookclubs.com/login,https://bookclubs.com/login
bookmate.com,none,,,https://bookmate.com/login,https://bookmate.com/login
boom.tv,none,,,https://boom.tv/login,https://boom.tv/login
boomy.com,none,,,https://boomy.com/login,https://boomy.com/login
bosta.co,none,,,https://business.bosta.co/signup?ref=https://bosta.co,https://business.bosta.co/signup?ref=https%3A%2F%2Fbosta.co
bound360.com,none,,,https://admin.bound360.com/,https://admin.bound360.com/login
boxunion.com,none,,,https://boxunion.myperformanceiq.com/user/login?set_location=8500,https://boxunion.myperformanceiq.com/user/login?set_location=8500
brainly.com,none,,,https://brainly.com/login?entry=2&source=Homepage Navigation,https://brainly.com/login?entry=2&source=Homepage%20Navigation
brandembassy.com,none,,,https://login.incontact.com/inContact/Login.aspx?ReturnUrl=%2f,https://cxone.niceincontact.com/auth/authorize?response_type=code&scope=openid&client_id=0b697ebb-4ea2-4052-b12b-d3cf12a53eca&redirect_uri=https%3a%2f%2fcxone.niceincontact.com%2fua%2fv1%2fcallback
braster.eu,none,,,https://braster.eu/login,https://www.braster.eu/pl/login/
breezit.com,none,,,https://breezit.com/login,https://breezit.com/featured
brickbro.com,none,,,https://brickbro.com/login,https://www.brickbro.com/es/iniciar-sesion
bright.com,none,,,https://bright.com/login,https://bright.com/404
brikl.com,microsoft,,btn:Log in with Microsoft Account windowsliv,https://platform.brikl.com/,https://brikl-platform-prd.us.auth0.com/u/login?state=hKFo2SBvb3ZhbHhHRjg1MFpkV0FORlV1Tm5JazdnY2RSSHBoZKFur3VuaXZlcnNhbC1sb2dpbqN0aWTZIGdPU1g1RkozNWE4V09VRnFia2NpVWxnYWZrMUZ5dURXo2NpZNkgQW1xOVNrVWhCakVFVldlNjNDNXBKSUZ2TFVEbVZFUGg
browseai.com,none,,,https://dashboard.browse.ai/signup,https://auth.browse.ai/u/signup?state=hKFo2SB0b0NMNlAzdjF0ZE5GV0lIVERac1NNQWZPNDJXeWc5caFur3VuaXZlcnNhbC1sb2dpbqN0aWTZIEh0MzE3ZTNNZWc1MmsyRFhwNjFhaFU1YzlKa0RCMVVio2NpZNkgQkNsS1pibTM5cE1ZcmgwWU1meVBjNXM3VkNIeWpFV2g
bsci.com,none,,,https://www.bostonscientific.com/us/en/auth/my-account.html,https://login2.bostonscientific.com/am/XUI/?realm=/alpha&locale=en&authIndexType=composite_advice&authIndexValue=%3CAdvices%3E%0A%20%20%20%20%3CAttributeValuePair%3E%0A%20%20%20%20%20%20%20%20%3CAttribute%20name%3D%22TransactionConditionAdvice%22/%3E%0A%20%20%20%20%20%20%20%20%3CValue%3Efc273fae-1bce-4080-bf4a-27b24a0b206f%3C/Value%3E%0A%20%20%20%20%3C/AttributeValuePair%3E%0A%3C/Advices%3E%0A&goto=https://login2.bostonscientific.com:443/am/oauth2/authorize?client_id%3DAEM%26nonce%3DdefaultNonce%26redirect_uri%3Dhttps://www.bostonscientific.com/us/en/login.authenticate.html%26scope%3Dopenid%2520profile%2520fr:idm:*%2520profile_all%2520profession%26response_type%3Dcode%26code_challenge%3Df4bVX0jWPWIJ-g_NbfKx0uPhn7D06xW2WI1AlO35_N8%26code_challenge_method%3DS256%26profession_sublist_id%3D54d84add-b9d8-4904-a779-5b4a7ff18bc0%26specialty_sublist_id%3D6b1eeab9-28c7-484b-ab37-b03f118866cf%26locale%3Den%26acr%3Dbsci-sign-in%26acr_sig%3DlwDjA_wskyP8y4TbKTDAEQbaKMRIWhdsFEqh5tuG9lw%26TxId%3Dfc273fae-1bce-4080-bf4a-27b24a0b206f#/login/
buddyfit.club,none,,,https://app.buddyfit.club/login,https://app.buddyfit.club/en/login
bugswagger.com,none,,,https://bugswagger.com/login,https://bugswagger.com/login
builder.io,generic_sso,,txt:SSO,https://builder.io/login,https://builder.io/login
builtin.com,none,,,https://builtin.com/login,https://builtin.com/login
bunch.live,none,,,https://bunch.live/login,https://www.mini.party/login
burnalong.com,none,,,https://well.burnalong.com/,https://well.burnalong.com/login
buscentrum.pl,none,,,https://buscentrum.pl/login,https://buscentrum.pl/wp-login.php
busuu.com,generic_sso,,txt:single sign-on,https://www.busuu.com/en/login,https://www.busuu.com/en/login
buzzoole.com,none,,,https://brands.buzzoole.com/app/#/login,https://brands.buzzoole.com/app/#/login
bzaar.com,none,,,https://bzaar.com/login,https://bzaar.com/lander
caibeitv.com,none,,,https://caibeitv.com/signin,https://caibeitv.com/signin
caliberdatalabs.ai,none,,ERR:dns,,
calyptia.com,none,,,https://calyptia.com/login,https://chronosphere.io/login
campuswire.com,none,,,https://campuswire.com/login,https://campuswire.com/login
candu.ai,none,,,https://app.candu.ai/login,https://app.candu.ai/login
capitalise.com,none,,,https://capitalise.com/login,https://capitalise.com/gb/login
captainexperiences.com,none,,,https://captainexperiences.com/login,https://captainexperiences.com/login
carandclassic.co.uk,none,,,https://carandclassic.co.uk/login,https://www.carandclassic.com/login
carbonfarmed.com,none,,,https://carbonfarmed.com/login,https://carbonfarmed.com/login
cardtapp.com,none,,,https://login.cardtapp.com/login/,https://login.cardtapp.com/login/
carepatron.com,none,,,https://app.carepatron.com/login?referrer_path=home,https://app.carepatron.com/login?referrer_path=home
cargobot.io,none,,,https://cargobot.io/login,https://www.cargobot.io/login
cariloop.com,none,,,https://plan.cariloop.com/login,https://plan.cariloop.com/login
carrothr.com,none,,,https://carrothr.com/login,https://carrothr.com/login
cartwheel.ai,none,,,https://cartwheel.ai/login,https://cartwheel.ai/login
casetext.com,none,,,https://casetext.com/login,https://casetext.com/login
cast.ai,generic_sso,,txt:SSO,https://console.cast.ai/,https://login.cast.ai/login?state=hKFo2SBwR2F3WVozOXh2SGxUQ3E3LUpveXI3X1ZFYm9wV2ZwVqFupWxvZ2luo3RpZNkgR0xpT2FyZUt1YlVnWVFfYm5LNC1wVlZNeGRNNEVRUmejY2lk2SBDM3dKT2FCdmRJR0ljU3BkSGhMZWlONnNJVkExaURoSw&client=C3wJOaBvdIGIcSpdHhLeiN6sIVA1iDhK&protocol=oauth2&redirect_uri=https%3A%2F%2Fconsole.cast.ai%2Fapi%2Fauth&response_type=code&scope=openid%20profile%20email
castore.co.uk,none,,,https://castore.co.uk/login,https://castore.com/
causaly.com,none,,,https://med.causaly.com/,https://auth.causaly.com/u/login/identifier?state=hKFo2SBSRjZ1dk9IMnpZSzE1MUpEV2hkUTVuWGlZUmhyWlVMOaFur3VuaXZlcnNhbC1sb2dpbqN0aWTZIEF6MnhqRnVqbmlhaEVoWVVRNkhQQndoMGRnc3N6Qm1No2NpZNkgekN1Qm1PV3dzdDlIWFRKMUNEdXFOWnlIcGRrWmxBdGQ
cazana.com,none,,,https://cazana.com/login,https://cazana.com/login
ceezer.earth,none,,,https://app.ceezer.earth/sign-in/,https://app.ceezer.earth/sign-in
celsius.network,none,,,https://claimsportal.celsius.network,https://claimsportal.celsius.network/
centrcorp.com,none,,,https://centrcorp.com/login,https://centrcorp.com/lander
certificial.com,none,,,https://my.certificial.com/login,https://my.certificial.com/login
chabber.com,none,,,https://chabber.com/login,https://chabber.com/login
channelmeter.com,none,,,https://channelmeter.com/login,https://channelmeter.com/login
chargepoint.com,none,,,https://chargepoint.com/login,https://sso.chargepoint.com/?locale=en
charlottesweb.com,none,,,https://charlottesweb.com/login,https://www.charlottesweb.com/login
chatdesk.com,none,,,https://chatdesk.com/login,https://www.chatdesk.com/login
checkpoint.com,none,,,https://usercenter.checkpoint.com/usercenter/index.jsp,https://login.checkpoint.com/u/login/identifier?state=hKFo2SBiLVhoS3JBX2pybDhSdktBZWpMd09XOW9xQXNpOEZPZKFur3VuaXZlcnNhbC1sb2dpbqN0aWTZIFJsaVJKUjFHU1FPUFRIdDZ0SmlHOUpkdkl0R3BFTzNVo2NpZNkgcHdjZUxMajBaWlNLWU92dThuSGhnVTFOVzZpVU53UWo
chefsplate.com,none,,,https://chefsplate.com/login,https://www.chefsplate.com/login
cherryblossomintimates.com,none,,,https://cherryblossomintimates.com/login,https://myya.com/login
chiselstrike.com,none,,,https://chiselstrike.com/login,https://app.turso.tech/login?redirect_url=https%3A%2F%2Fapp.turso.tech%2Fcallback
choosechickapea.com,none,,,https://choosechickapea.com/login,https://choosechickapea.com/login
churchofjesuschrist.org,none,,,https://churchofjesuschrist.org/login,https://www.churchofjesuschrist.org/login?lang=eng
circana.com,none,,,https://circana.com/login,https://www.circana.com/login
cirrusmd.com,none,,,https://my.cirrusmd.com/sign_in,https://my.cirrusmd.com/sign_in
cl.ly,generic_sso,,txt:SSO,https://share.zight.com/login,https://share.zight.com/login
clare.com,none,,,https://clare.com/login,https://www.clare.com/login
classlist.com,none,,,https://login.classlist.com/,https://app.classlist.com/login/#/
clayfulhealth.com,none,,,https://clayfulhealth.com/login,https://www.clayfulhealth.com/login
clearbrief.ai,none,,,https://clearbrief.ai/login,https://clearbrief.com/login
cleerlyhealth.com,none,,,https://labs.cleerlyhealth.com/login,https://labs.cleerlyhealth.com/login
climate.com,none,,,https://climate.com/static/field-view/#/auth/login,https://climate.com/static/field-view/#/auth/login
clipboardhealth.com,none,,,https://clipboard.health/login,https://clipboard.health/login
clocr.com,none,,,,
cloudcampaign.io,none,,,https://app.cloudcampaign.com/login,https://app.cloudcampaign.com/login
cloudpaper.co,none,,,https://cloudpaper.co/login,https://savetrees.co/login
cloudthread.io,none,,,https://app.cloudthread.io/login,https://app.cloudthread.io/login
cloutjam.com,none,,,https://www.hugeDomains.com/payment-plan-login.cfm,https://www.hugedomains.com/payment-plan-login.cfm
clubhouse.io,none,,,https://clubhouse.io/login,https://www.shortcut.com/login
clutch.io,none,,,https://clutch.io/login,https://clutch.io/login
coachnow.io,none,,,https://app.coachnow.io/signin,https://app.coachnow.io/signin
cochl.ai,none,,,https://cochl.ai/login,https://www.cochl.ai/
cocunat.com,none,,,https://cocunat.com/login,https://cocunat.com/en-us/
codementor.io,none,,,https://arc.dev/login?service=codementor,https://arc.dev/login?service=codementor
codi.com,none,,,https://codi.com/login,https://www.codi.com/login
cognifit.com,none,,,https://cognifit.com/login,https://www.cognifit.com/login
cohere.com,none,,,https://dashboard.cohere.com/welcome/login,https://dashboard.cohere.com/welcome/login
coinhako.com,none,,,https://coinhako.com/login,https://www.coinhako.com/login
coinmarketcap.com,none,,,https://coinmarketcap.com/login,https://coinmarketcap.com/login/
coins.ph,none,,,https://coins.ph/login,https://www.coins.ph/en-ph/login
collbox.co,none,,,https://app.collbox.co/login,https://app.collbox.co/login
collegevine.com,none,,,https://collegevine.com/auth/login,https://auth.collegevine.com/login?state=hKFo2SBwZkJlcHZOOEdSOWN2Skx3Z0p2SFhrX2xMZWtPNTFSYaFupWxvZ2luo3RpZNkgYmpGMmxQRFlHQ1k3ekNrdzljSS00M3VKcTBpWU9SaTOjY2lk2SBSNGgyYk1WUVlTM0RkdTFrMEhzRVpOajZieXZsckkzOA&client=R4h2bMVQYS3Ddu1k0HsEZNj6byvlrI38&protocol=oauth2&leeway=60&nonce=fcd3acca776a8832d3ec057203d91c10&redirect_uri=https%3A%2F%2Fwww.collegevine.com%2Fusers%2Fauth%2Fauth0%2Fcallback%3Fscreen_hint%3Dlogin&response_type=code&scope=openid%20profile%20email&screen_hint=login
comdocks.com,none,,,https://dashboard.ingestro.com/login,https://dashboard.ingestro.com/login
commoditrader.com,none,,,https://commoditrader.com/login,https://agreena.com/
commscope.com,none,,,https://commscope.com/login,https://www.commscope.com/login/
compliancejunction.com,none,,,https://learn.compliancejunction.com/,https://learn.compliancejunction.com/
comscore.com,none,,,https://comscore.com/login,https://www.comscore.com/login
conduit.ai,none,,,https://base.conduit.ai,https://base.conduit.ai/sign-in
confidotech.com,none,,,https://app.confidotech.com/,https://app.confidotech.com/
connexity.com,none,,,https://account.connexity.com/ra/login,https://merchant.connexity.com/en-US/login
constructioncloud.com.au,none,,,https://constructioncloud.com.au/login,https://constructioncloud.com.au/login
context.ai,none,,,https://workspace.context.ai,https://workspace.context.ai/sign-in
convai.com,none,,,https://convai.com/login,https://convai.com/login
cookin.com,none,,,https://my.cookin.com/sign-up?utm_source=cookin.com&utm_content=hp_header&utm_medium=organic,https://my.cookin.com/sign-up?utm_source=cookin.com&utm_content=hp_header&utm_medium=organic
coordinatehq.com,none,,,https://app.coordinatehq.com/login,https://app.coordinatehq.com/login
coppercowcoffee.com,none,,,https://coppercowcoffee.com/login,https://coppercowcoffee.com/login
cordada.com,none,,,https://app.cordada.com/Account/Login,https://app.cordada.com/Account/Login
corti.ai,none,,,https://console.corti.app/auth,https://console.corti.app/auth/
cotopaxi.com,none,,,https://cotopaxi.com/login,https://www.cotopaxi.com/
coursenetworking.com,none,,,https://coursenetworking.com/login,https://coursenetworking.com/login
coworker.ai,none,,,https://app.coworker.ai,https://app.coworker.ai/
crankwheel.com,none,,,https://meeting.is/ss/,https://meeting.is/ss/auth
creativeforce.io,generic_sso,,txt:SSO,https://app.creativeforce.io/,https://app.creativeforce.io/
creatornow.com,none,,ERR:dns,,
crediwire.com,none,,,https://app.crediwire.com/login,https://app.crediwire.com/login
crescenta.com,none,,,https://login.crescenta.com,https://login.crescenta.com/createAccount
cribl.io,none,,,https://login.cribl.cloud/u/login/identifier/?state=hKFo2SAxQ2ZvX2tqZG52Q29QbW9KbGRGelFYUWVpVHdocV9XRqFur3VuaXZlcnNhbC1sb2dpbqN0aWTZIHh1bVJLTGVIYnh5MG1GdjNaVnEwQ01GTnlnTHdvWGR0o2NpZNkgOHlQOXNIRWhWUzZZSThpSG44Mmk3eDQxNmYxWnE3WVQ,https://manage.cribl.cloud/login/identifier
crowdaa.com,none,,,https://app.crowdaa.com/login,https://app.crowdaa.com/login
crowdfarming.com,none,,,https://crowdfarming.com/login,https://www.crowdfarming.com/login
crowdproperty.com,none,,,https://login.crowdproperty.com,https://login.crowdproperty.com/
crowe.com,none,,,https://www.crowe.com/login,https://www.crowe.com/login
cruworldwine.com,none,,,https://cruworldwine.com/login,https://uk.cruworldwine.com/
csats.com,none,,,https://csats.com/login,https://csats.com/login
cthesigns.co.uk,none,,,https://app.cthesigns.co.uk/app,https://app.cthesigns.co.uk/
culinaryagents.com,none,,,https://culinaryagents.com/login,https://culinaryagents.com/login
curehydration.com,none,,,https://www.curehydration.com/a/account/login,https://www.curehydration.com/a/account/login
currensea.com,none,,,https://currensea.com/login,https://www.currensea.com/login
cxcompany.com,none,,,https://login.cm.com/,https://auth.cm.com/Account/Login
cyclefans.com,none,,,https://cyclefans.com/login,https://cyclefans.com/login
cytora.com,none,,,https://uwp.cytora.com,https://uwp.cytora.com/
dagoma3d.com,none,,,https://dagoma3d.com/login,https://www.dagoma3d.com/login
damafinancial.com,none,,,https://www.leaflink.com/accounts/login/,https://auth.leaflink.com/u/login?state=hKFo2SA5VmlkTkpMZ2d4dWluYkxST3F0cVBscGRrYy0yY1A2QaFur3VuaXZlcnNhbC1sb2dpbqN0aWTZIEkwM3lKR05uWTZuc3ZSV1FwZk9BaWg5QU5PR3ctdXJno2NpZNkgcmZoMjhHc3dUMlpQQmROdEJPQUZUdkRQZGM5ZEJZYVA
dartfish.com,generic_sso,,txt:SSO,https://www.dartfish.tv/AccountSettings,https://settings.dartfish.tv/Login/SignIn?ru=https%3a%2f%2fsettings.dartfish.tv%2fAccount%2fAccountSummary&ii=False
dash0.com,none,,,https://app.dash0.com,https://accounts.dash0.com/sign-in?redirect_url=https%3A%2F%2Fapp.dash0.com%2F
databox.com,generic_sso,,txt:SSO,https://app.databox.com,https://auth.databox.com/oauth2/authorize?client_id=cc8d57fe-9af3-4f9b-966f-e9be481ba55c&nonce=zPGiFBB1qWWjVdi0i0hAZ0T9jD6UevVXzuwrw_Q9oYI&redirect_uri=https%3A%2F%2Fauth-api.databox.com%2Fcallback%2Fauthorize%3Fclient_id%3Dcc8d57fe-9af3-4f9b-966f-e9be481ba55c&response_type=code&state=eyJjbGllbnRTdGF0ZSI6ImV5Sm9kWFJySWpvaU1HVTFaalE0WTJJeFpXTXlNR0k0WWprelpqYzROR1ZrTkRkbU5XUTBPV0VpZlE9PSIsImNsaWVudElkIjoiY2M4ZDU3ZmUtOWFmMy00ZjliLTk2NmYtZTliZTQ4MWJhNTVjIn0%3D&tenantId=0c7593e4-9d4a-43c1-c851-e333d382e54f&showPasswordField=true&scope=openid%20offline_access
dataform.co,none,,ERR:dns,,
dataroomhq.com,none,,,https://app.dataroomhq.ai,https://app.dataroomhq.ai/login?redirect=eyJ1cmwiOiIvIn0=
davtonlearn.com,none,,,https://davtonlearn.com/login,https://davtonlearn.com/login
dbr77.com,none,,,https://auth.dbr77.ai/,https://auth.dbr77.ai/auth/login?flow=ccaa62d5-1cee-448a-8757-215923f794dc
decisionquest.com,none,,,https://decisionquest.com/login,https://trialquest.com/login
deepgram.com,none,,,https://console.deepgram.com/login,https://console.deepgram.com/login
defacto.com.tr,none,,,https://defacto.com.tr/login,https://www.defacto.com.tr/login
delightree.com,microsoft,yes,btn:Continue with Microsoft,https://app.delightree.com/,https://app.delightree.com/login
deliverzero.com,none,,,https://deliverzero.com/login,https://www.deliverzero.com/login
demoboost.com,generic_sso,,txt:SSO,https://app.demoboost.com/login,https://app.demoboost.com/login
deporvillage.com,none,,,https://deporvillage.com/login,https://www.deporvillage.com/login
deschoolonline.com,none,,,https://deschoolonline.com/signin,https://deschoolonline.com/signin
designstripe.com,none,,,https://designstripe.com/login,https://visual.app/login
detail.co,none,,,https://accounts.detail.co/,https://accounts.detail.co/login
devpost.com,none,,,https://secure.devpost.com/users/login?ref=top-nav-login,https://secure.devpost.com/users/login?ref=top-nav-login
dgraph.io,none,,,https://dgraph.io/login,https://dgraph.io/login
dibtravel.com,none,,,https://app.dibtravel.com/login,https://app.dibtravel.com/login
digger.dev,none,,,https://digger.dev/login,https://digger.dev/login
digitalmarketinginstitute.com,none,,,https://my.digitalmarketinginstitute.com,https://my.digitalmarketinginstitute.com/auth/login?redirect=
dillysocks.com,none,,,https://dillysocks.com/login,https://dillysocks.com/login
disclo.com,none,,,https://secure.disclo.com/login,https://auth.disclo.com/u/login?state=hKFo2SA0NlFkaDI4MDJMb25PR2RfSmVjTmhhbUJwLVc3am9mRqFur3VuaXZlcnNhbC1sb2dpbqN0aWTZIFZkV19venZIQTRmMUFkaFRxN1ZKMjVERHFidUdncUEwo2NpZNkgUkRBYzBlZXY3dHpwTzJQUXJoSnp6WGxFZW0zWTRjdFI
dispatchit.com,generic_sso,,txt:Sign in with SSO,https://app.dispatchit.com/users/sign_in,https://app.dispatchit.com/users/sign_in
disruptthebay.org,none,,,https://fortune.com/author/john-nosta/,https://fortune.com/author/john-nosta/
diversyfund.com,none,,,https://portal.diversyfund.com/sign-in?redirect_url=%2F,https://access.diversyfund.com/?client_id=client_01KG81HAC64X2746R1CA9183S0&redirect_uri=https%3A%2F%2Fportal.diversyfund.com%2Fcallback&state=%7B%22returnPathname%22%3A%22%2F%22%7D&authorization_session_id=01KVF8Y89472FNJSC7HZTTY1R7&organization_id=org_01KGN20VZ1EK3XB2RZTNFD2NC9
dnb.com,none,,,https://my.dnb.com/login,https://my.dnb.com/login
docontrol.io,none,,,https://app.docontrol.io/login,https://app.docontrol.io/login
doctify.co.uk,none,,,https://doctify.co.uk/login,https://www.doctify.com/uk
doji.co,none,,,https://doji.co/login,https://doji.co/login
domainmoney.com,none,,,https://app.domainmoney.com,https://app.domainmoney.com/
dooly.ai,none,,,https://start.dooly.ai/login,https://www.dooly.ai/wp-login.php
dormify.com,none,,,https://dormify.com/login,https://www.dormify.com/
doversaddlery.com,none,,,https://doversaddlery.com/login,https://doversaddlery.com/login
draftbit.com,none,,,https://draftbit.com/login,https://draftbit.com/login/
drewry.co.uk,none,,,https://drewry.co.uk/login,https://drewry.co.uk/login
drinkgt.com,none,,,https://drinkgt.com/login,https://drinkgt.com/login
drinkmoment.com,none,,,https://drinkmoment.com/login,https://drinkmoment.com/login
drinktreo.com,none,,,https://drinktreo.com/login,https://drinktreo.com/login
drivemyway.com,none,,,https://match.drivemyway.com/login,https://match.drivemyway.com/login
droneharmony.com,none,,,https://www.droneharmony.com/login,https://www.droneharmony.com/login
drowl.com,none,,,https://patientportal.drowl.com/login,https://patientportal.drowl.com/login
dstld.la,none,,,https://dstld.la/login,https://www.dstld.la/login
dugga.com,microsoft,,btn:Microsoft,https://auth.dugga.com,https://auth.dugga.com/
duokan.com,none,,,,
dwell.com,none,,,https://dwell.com/login,https://www.dwell.com/login
e27.co,none,,,https://e27.co/login,https://e27.co/login
earin.com,none,,,https://earin.com/login,https://www.earin.com/login
easycrypto.ai,none,,,https://easycrypto.ai/login,https://easycrypto.com/login
eatapp.co,none,,,https://eatapp.co/login,https://eatapp.co/login
eatmezcla.com,none,,,https://eatmezcla.com/login,https://eatmezcla.com/login
ebth.com,none,,,https://ebth.com/login,https://www.ebth.com/login
echoar.xyz,none,,,https://console.echo3d.com/#/auth/login,https://console.echo3d.com/#/auth/login
ecoenclose.com,none,,,https://www.ecoenclose.com/login.php,https://www.ecoenclose.com/login.php
ecotonerenewables.com,none,,,https://athenarenewables.com/login,https://athenarenewables.com/login
ecxx.com,none,,,https://ecxx.com/login,https://ecxx.com/login
edenlife.ng,none,,,https://edenlife.ng/login,https://edenlife.ng/login
edgegap.com,none,,,https://app.edgegap.com/auth/login,https://app.edgegap.com/auth/login
edlight.com,none,,,https://app.edlight.com/login,https://app.edlight.com/login
edsurge.com,none,,,https://edsurge.com/login,https://www.edsurge.com/login
educrowdhq.com,none,,,https://educrowdhq.com/login,https://educrowdhq.com/login
efabless.com,none,,,https://efabless.com/login,https://efabless.com/login
eideasy.com,none,,,https://id.eideasy.com/,https://id.eideasy.com/
ekool.eu,none,,,https://login.ekool.eu/#/en/,https://login.ekool.eu/#/en/
element.io,none,,,https://element.io/login,https://element.io/login
elion.health,none,,,https://elion.health/login,https://elion.health/login
ember.co,none,,,https://app.ember.co,https://auth.ember.co/u/login?state=hKFo2SBFZl9ZQUJJT0lSN0lPZjlRT05iV0pKd21TZFpJTFhRR6Fur3VuaXZlcnNhbC1sb2dpbqN0aWTZIGd6ZE5hYUtSU1VPREtIVkJvVkZrSzVNeUQ1Vl9qbS1Ro2NpZNkgYklFTUJOTkEzSGVxWU4xbzQ0ZXRNMENIN0FsNG1Wckg
emma.ms,none,,,https://portal.emma.ms/login,https://portal.emma.ms/login
emperorchampagne.com.au,none,,,https://emperorchampagne.com.au/customer_authentication/redirect?locale=en&region_country=AU,https://shopify.com/19221617/account?buyer_flags=eyJhbGciOiJIUzI1NiJ9.eyJpc3MiOiJlbXBlcm9yLW9ubGluZS5teXNob3BpZnkuY29tIiwiZmxhZ3MiOltdLCJleHAiOjE3ODI0NTU3OTUsIm5iZiI6MTc4MTg1MDk5NX0.gspJQLZy35NmP6Tum3MrjuEYE8_sgozwORZYt_oZUwA&locale=en&region_country=AU
emqx.io,none,,,https://emqx.io/login,https://www.emqx.com/login
endearhq.com,none,,,https://app.endearhq.com,https://app.endearhq.com/admin/auth/login?post_auth_redirect=%2Fadmin%2Fcrm%2Fhome
endowus.com,none,,,https://app.sg.endowus.com,https://app.sg.endowus.com/
energysage.com,none,,,https://www.energysage.com/login/,https://accounts.energysage.com/login/get-link
englishcentral.com,microsoft,yes,net:msauth.net,https://englishcentral.com/login,https://www.englishcentral.com/authentication/login
enki.com,none,,,https://learn.enki.com/auth,https://learn.enki.com/auth
enteligent.com,none,,,https://enteligent.com/login,https://www.enteligent.com/login
epicorebiosystems.com,none,,,https://ch.epicorebiosystems.com/?_gl=1*1wnb0ce*_gcl_au*MTM5ODYwNDc3LjE3NDIzNDg2NzUuODM3MzU2OTc5LjE3NDMyOTQyNjUuMTc0MzI5NDI2NA..,https://ch.epicorebiosystems.com/?_gl=1*1wnb0ce*_gcl_au*MTM5ODYwNDc3LjE3NDIzNDg2NzUuODM3MzU2OTc5LjE3NDMyOTQyNjUuMTc0MzI5NDI2NA..
epuja.co.in,none,,,https://epuja.co.in/twitter/login_to_twitter.php,https://epuja.co.in/twitter/login_to_twitter.php
equitymultiple.com,none,,,https://app.equitymultiple.com/users/sign_in,https://app.equitymultiple.com/users/sign_in
esage.cn,none,,,https://esage.cn/login,https://esage.cn/login
essentialist.com,none,,,https://travel.essentialist.com/login,https://travel.essentialist.com/login
eterneva.com,none,,,https://eterneva.com/login,https://www.eterneva.com/login
evabot.ai,none,,,https://dashboard.evabot.ai/login,https://dashboard.evabot.com/login
eventnoire.com,none,,,https://partner.eventnoire.com/sign-up-and-create-organizer-account,https://partner.eventnoire.com/sign-up-and-create-organizer-account
evercharge.com,none,,,https://evercharge.com/login,https://glance.evercharge.com/login
evergreen.de,none,,,https://mein.evergreen.de/anmelden,https://mein.evergreen.de/anmelden
eversports.com,none,,,https://eversports.com/login,https://www.eversports.com/login
everyware.com,none,,,https://portal.everyware.com/Account/Login,https://portal.everyware.com/Account/Login
evine.com,none,,,,
evulpo.com,none,,,https://app.evulpo.com/en/uk/dashboard,https://app.evulpo.com/en/uk/login
exchange.art,none,,,https://exchange.art/login,https://exchange.art/404
exotel.com,generic_sso,,txt:SSO,https://id.accounts.exotel.com/u/login/identifier?state=hKFo2SBtYjN1cVRXRHI0cjZkc3hSVWd2bnpIY3JyTXltek5fMaFur3VuaXZlcnNhbC1sb2dpbqN0aWTZIF9QMmVqYllaeFBuZXY4VFltemFJTldSZDdrODMwaFUxo2NpZNkgSEVhSnpwMHVmTUxVRHc3ZzIzR1RNYXBxc2p4OFdnMGo,https://id.accounts.exotel.com/u/login/identifier?state=hKFo2SBNbHhJdHl1b0gwYXJEeW1UY3JwMkEzQmRxV0Z4RmIwQqFur3VuaXZlcnNhbC1sb2dpbqN0aWTZIFpwamJlOU5Yam00Q1gzNnF5OE9aVUtJRWw0S2lqOXVVo2NpZNkgSEVhSnpwMHVmTUxVRHc3ZzIzR1RNYXBxc2p4OFdnMGo
expertfile.com,none,,,https://expertfile.com/login,https://expertfile.com/login
extend.ai,none,,,https://extend.ai/login,https://www.extend.ai/login
eztexting.com,none,,,https://spa.eztexting.com/,https://spa.eztexting.com/guest/login
fable.com,none,,,https://fable.com/login,https://fable.com/login
factionskis.com,none,,,https://factionskis.com/login,https://factionskis.com/login
factris.com,none,,,https://factris.com/login,https://www.factris.com/en/404-error/
fairmoove.fr,none,,,https://fairmoove.fr/login,https://www.fairmoove.fr/login
fanbank.com,none,,ERR:dns,,
fanimal.com,none,,,https://fanimal.com/login,https://www.tickpick.com/?fanimal=y
farm21.tech,none,,ERR:dns,,
farmtogether.com,none,,,https://farmtogether.com/login,https://farmtogether.com/login
fatlama.com,none,,,https://fatlama.com/login,https://hygglo.com/uk/login
fearlessplus.com,none,,,https://fearlessplus.com/login,https://fearlessplus.com/login
federa.com,none,,,https://federa.com/login,https://federa.com/login
fellowproducts.com,none,,,https://fellowproducts.com/login,https://fellowproducts.com/account/login?return_url=%2Faccount
fetch.ai,none,,,https://asi1.ai/login?source=fetch_ai_main,https://auth.flockx.io/u/login?state=hKFo2SBQUXEza3RIWDEtRDdpNHR3UXE1eFk5YTBUVGI3VHZURKFur3VuaXZlcnNhbC1sb2dpbqN0aWTZIGVQbWl5TG9RdFVEU3Z5dzZUTUVSM2FwMS10OFRuaVg2o2NpZNkgdVQ1cDdLSVc0N3BVM3NwbEt4aFZ3TmNGZUxudzhPa0w
fieldagent.net,none,,,https://fieldagent.net/login,https://storesight.com/login
figopara.com,none,,,https://figopara.onelink.me/W0pX?pid=Website&c=app_icon&af_web_dp=https%3A%2F%2Fportal.figopara.com%2Flogin%3Futm_source%3DWebsite%26utm_medium%3D%26utm_campaign%3D%26channel_code%3DWebsite,https://apps.apple.com/tr/app/figopara/id6447234926
fileandserve.com,none,,,https://www.fileandservexpress.com/login/,https://www.fileandservexpress.com/login/
finally.com,none,,,https://apply.finally.com/product-login,https://auth.finally.com/u/login/identifier?state=hKFo2SA2SkozS0tSOWx2cVF1S2RaLTJqS2o2LXo2RFo3XzYyTaFur3VuaXZlcnNhbC1sb2dpbqN0aWTZIHpBemdKSTdHN3NHX2dGaS11ZmVhejE4eHpfeURjQVFYo2NpZNkgRURzZmdQMmtyZjNUT3lLS3F1NkJsSTZmTEQ2aXJGb3I
finbee.lt,none,,,https://finbee.lt/login,https://www.finbee.lt/login
findmyfactory.eu,microsoft,,btn:Continue with Microsoft Account waad,https://sci.findmyfactory.eu,https://sci.findmyfactory.eu/
finhabits.com,none,,,https://app.finhabits.com/signin.html?language=en&utm_source=website&utm_medium=header&utm_campaign=website_header&utm_term=header_login-button&utm_content=en,https://app.finhabits.com/signin.html?language=en&utm_source=website&utm_medium=header&utm_campaign=website_header&utm_term=header_login-button&utm_content=en
finli.com,none,,,https://portal.finli.com/signup,https://portal.finli.com/signup
finofo.com,none,,,https://www.app.finofo.com/login,https://www.payments.finofo.com/login
fintech-galaxy.com,none,,,https://fintech-galaxy.com/login,https://fintech-galaxy.com/login
finveo.mn,none,,,https://finveo.mn/login,https://finveo.mn/login
firstbase.io,none,,,https://app.firstbase.io/auth/login,https://app.firstbase.io/auth/login
fit3d.com,none,,,https://dashboard.fit3d.com/,https://auth0.fit3d.com/login?state=hKFo2SB1VGU4c3RHRnVxT08wOThDc2h1WlJ2VVVDWVE4aHZOWqFupWxvZ2luo3RpZNkgVnlENkhncmp0cXhlenA4UDJnVWhLQ0ZhWTFmcHhWdU2jY2lk2SBqaTk5YkVsbVZNRmVtZzJoTjVwcWdCb2d0eW44RG4zaw&client=ji99bElmVMFemg2hN5pqgBogtyn8Dn3k&protocol=oauth2&response_type=token%20id_token&redirect_uri=https%3A%2F%2Fdashboard.fit3d.com&scope=openid%20profile&audience=fit3d-api-prod&nonce=I6G9Ofzy5HaJp5fUf.yoDo-CH9M-ZldR&auth0Client=eyJuYW1lIjoiYXV0aDAuanMiLCJ2ZXJzaW9uIjoiOS4xMC4wIn0%3D
fiveable.me,none,,,https://fiveable.me/login,https://fiveable.me/login
fixr.co,none,,,https://fixr.co/login,https://fixr.co/login
flashpoint-intel.com,none,,,https://flashpoint.io/login/,https://flashpoint.io/login/
flavus.com,none,,,https://flavus.com/login,https://flavus.com/login
flexiapilates.com,none,,,https://flexiapilates.com/login,https://flexiapilates.com/login
flickplay.co,none,,,https://flickplay.co/login,https://flickplay.co/login
flippa.com,none,,,https://flippa.com/login?to=https%3A%2F%2Fflippa.com%2F,https://flippa.com/login?flow=4718d985-5d88-4bf0-8901-ab5462497033
flooringsuperstore.com,none,,,https://www.flooringsuperstore.com/customer/account/,https://www.flooringsuperstore.com/customer/account/login/
flowbank.com,none,,,https://flowbank.com/login,https://flowbank-liquidator.com/wp-login.php
fluent-forever.com,none,,,https://fluent-forever.com/login,https://fluent-forever.com/wp-login.php
flutterwave.com,none,,,https://app.flutterwave.com/login,https://app.flutterwave.com/login
flydesk.com,none,,,https://flydesk.com/login,https://flydesk.com/?popup=login
flytedesk.com,none,,,https://platform.flytedesk.com/auth/users/sign_in,https://platform.flytedesk.com/auth/users/sign_in
fold3.com,none,,,https://fold3.com/login,https://www.fold3.com/login
fonbulucu.com,none,,,https://fonbulucu.com/login,https://fonbulucu.com/login
foodready.ai,none,,,https://app.foodready.ai/app/signin,https://app.foodready.ai/app/signin
forbes.com,none,,,https://forbes.com/login,https://forbes.com/login
fordays.com,none,,,https://app.trashie.io/signup,https://app.trashie.io/login
forij.co,none,,,https://www.cloudflare.com/login?utm_source=error_100x,https://dash.cloudflare.com/login?utm_source=error_100x
formswim.com,none,,,https://formswim.com/login,https://www.formswim.com/pages/login
foundercollective.com,none,,,https://foundercollective.com/author/dave-bisceglia/,https://foundercollective.com/author/dave-bisceglia/
fourvenues.com,none,,,https://fourvenues.com/login,https://www.fourvenues.com/login
framebridge.com,none,,,https://framebridge-shopify-01.us.auth0.com/authorize?response_type=code&client_id=otxCCAOW2bU3SH7ixBn01X7pc5oIuJLm&return_to=https://production.framebridge.dev/account,https://framebridge-shopify-01.us.auth0.com/u/login/identifier?state=hKFo2SBIVE5VNzY1M2ZIblVvSFo5cWMxUmRFdmxRa1pfTnpYVKFur3VuaXZlcnNhbC1sb2dpbqN0aWTZIEJkWlQtRUh4aXJtMm95dVpxLTFPTG9Rb251dDRPV21Go2NpZNkgb3R4Q0NBT1cyYlUzU0g3aXhCbjAxWDdwYzVvSXVKTG0
fraud0.com,none,,,https://admin.fraud0.com/login,https://admin.fraud0.com/login
freeletics.com,none,,,https://freeletics.com/login,https://www.freeletics.com/en/login
frenter.com,none,,,https://frenter.com/login,https://frenter.com/login
freshprep.ca,none,,,https://freshprep.ca/login,https://www.freshprep.ca/?code=login
frisco.pl,none,,,https://frisco.pl/login,https://www.frisco.pl/login
fuegodance.com,none,,,https://fuegodance.com/customer_authentication/redirect?locale=en&region_country=US,https://shopify.com/authentication/13604388964/login?client_id=3372a7ca-0a12-47e7-a9fd-ff1d80362a20&locale=en-US&redirect_uri=%2Fauthentication%2F13604388964%2Foauth%2Fauthorize%3Fbuyer_flags%3DeyJhbGciOiJIUzI1NiJ9.eyJpc3MiOiJmdWVnb3Nob2VzLm15c2hvcGlmeS5jb20iLCJmbGFncyI6W10sImV4cCI6MTc4MjQ1NzIwNywibmJmIjoxNzgxODUyNDA3fQ.T7NB1fwP9Ks9lUA5e5QZH0fqCdkBzXat4XrGGTtkF5E%26client_id%3D3372a7ca-0a12-47e7-a9fd-ff1d80362a20%26locale%3Den-US%26nonce%3D4ff50c91-d455-45e8-809a-878dc2d1f76b%26redirect_uri%3Dhttps%253A%252F%252Fshopify.com%252F13604388964%252Faccount%252Fcallback%26region_country%3DUS%26response_type%3Dcode%26scope%3Dopenid%2Bemail%2Bcustomer-account-api%253Afull%26state%3DhWNDVjF4P74O4c5mngTe2WFG&region_country=US
fullharvest.com,none,,,https://profile.fullharvest.com/sign-up,https://profile.fullharvest.com/sign-up
fundingmove.com,none,,ERR:dns,,
fundwise.me,none,,,https://fundwise.me/login,https://fundwise.me/login
futuremtech.com,none,,,https://futuremtech.com/login,https://futuremtech.com/lander
g1sw.com,none,,,https://g1sw.com/login,https://g1sw.com/login
gaiia.com,microsoft,,btn:Continue with Microsoft,https://app.gaiia.com/,https://app.gaiia.com/
galtea.ai,generic_sso,,txt:SAML,https://platform.galtea.ai/?ref=websiteTopNavSignIn,https://platform.galtea.ai/?ref=websiteTopNavSignIn
gamerabble.com,none,,,https://gamerabble.com/login,https://gamerabble.ai/
gamma.app,none,,,https://gamma.app/login,https://gamma.app/login
garmin.com,none,,,https://www.garmin.com/en-US/account/?redirect=https%3A%2F%2Fwww.garmin.com%2Fen-US%2F,https://sso.garmin.com/portal/sso/en-US/sign-in?clientId=ACCOUNT_MANAGEMENT_CENTER&service=https%3A%2F%2Fwww.garmin.com%2Fen-US%2Faccount%2F%3Fredirect%3Dhttps%253A%252F%252Fwww.garmin.com%252Fen-US%252F
gatsbyjs.com,none,,,https://gatsbyjs.com/login,https://www.gatsbyjs.com/login
gearflow.com,microsoft,,btn:Continue with Microsoft,https://gearflow.com/login,https://login.gearflow.com/login
genability.com,generic_sso,,txt:Sign in with SSO,https://dashboard.arcadia.com/,https://dashboard.arcadia.com/signin?callbackUrl=%2Foverview
genial.ly,generic_sso,,txt:single sign-on,https://auth.genially.com/login?from=home-variant,https://auth.genially.com/login?from=home-variant
genomes.io,none,,,https://app.genomes.io/login,https://app.genomes.io/login
geomiq.com,none,,,https://app.geomiq.com/login,https://app.geomiq.com/login
getadmiral.com,none,,,https://www.getadmiral.com/cs/c/?cta_guid=5feb92d9-8cbe-4cff-b564-3d6d9ea7c081&signature=AAH58kGVw4qzolUicUjPSs3XH5XC5htoqA&portal_id=4763680&pageId=26718334783&placement_guid=faf0219a-31f4-4e6f-81fc-6040a5f74109&click=2087dfd1-2456-4604-8157-7fe253bda745&redirect_url=APefjpGKXeQ1fIyCLF1F7LfvqD1LSxtxRGxFXysA9hSWTwBFVEauEwcR-iy5menA4tAjPNCoo-lTtcZh7k-hagoZyPQnCJRqtDVrvXZI2QNA5VYAISFepAgTM1nqcUwZGEhNwgiWsUWn&hsutk=c3b5545258474e2ae8b090dca1678c6e&canon=https%3A%2F%2Fwww.getadmiral.com%2F&ts=1781852606447&__hstc=185205238.c3b5545258474e2ae8b090dca1678c6e.1781852606370.1781852606370.1781852606370.1&__hssc=185205238.1.1781852606370&contentType=standard-page,https://app.getadmiral.com/login?__hstc=185205238.c3b5545258474e2ae8b090dca1678c6e.1781852606370.1781852606370.1781852606370.1&__hssc=185205238.1.1781852606370&__hsfp=&hsCtaTracking=faf0219a-31f4-4e6f-81fc-6040a5f74109%7C5feb92d9-8cbe-4cff-b564-3d6d9ea7c081
getbellway.com,none,,,https://getbellway.com/customer_authentication/redirect?locale=en&region_country=US,https://shopify.com/authentication/27174699056/login?client_id=f1ed72a3-8e09-425a-b710-a3fa416074df&locale=en-US&redirect_uri=%2Fauthentication%2F27174699056%2Foauth%2Fauthorize%3Fbuyer_flags%3DeyJhbGciOiJIUzI1NiJ9.eyJpc3MiOiJiZWxsd2F5LWluYy5teXNob3BpZnkuY29tIiwiZmxhZ3MiOltdLCJleHAiOjE3ODI0NTc0MjIsIm5iZiI6MTc4MTg1MjYyMn0.ojT3WdbN3SE5wz0HJR1Uiai2gjFJXoP2IB7HBCvAyMc%26client_id%3Df1ed72a3-8e09-425a-b710-a3fa416074df%26locale%3Den-US%26nonce%3D3060c3c5-1cb7-4127-8ed7-fd529b767fb8%26redirect_uri%3Dhttps%253A%252F%252Fshopify.com%252F27174699056%252Faccount%252Fcallback%26region_country%3DUS%26response_type%3Dcode%26scope%3Dopenid%2Bemail%2Bcustomer-account-api%253Afull%26state%3DhWNDVjbaFwM0kOyyfOEEcTPF&region_country=US
getbring.com,none,,,https://getbring.com/login,https://getbring.com/login
getcerebral.com,none,,,https://cerebral.com/app,https://auth.cerebral.com/u/login?state=hKFo2SBsa3NxWE1fQ2szMzhacWNTU3c5NGlmY05JWGJDTi1jR6Fur3VuaXZlcnNhbC1sb2dpbqN0aWTZIGpSN2ZpWkxXS1NnN2M2NkZVSGF3U0FBRXROUFozU2pZo2NpZNkgNHh6MHBrVm1KcnE0bHZUMm9FY2U1WThtWVRabFJtTm8
getcrossbeam.com,none,,,https://getcrossbeam.com/login,https://www.crossbeam.com/login
getfluence.com,none,,,https://getfluence.com/login,https://getfluence.com/wp-login.php
getguru.com,none,,,https://app.getguru.com,https://app.getguru.com/signin
getimpala.com,none,,,https://getimpala.b-cdn.net/,https://getimpala.b-cdn.net/
getliner.com,none,,,https://getliner.com/login,https://getliner.com/login
getmaude.com,none,,,https://getmaude.com/login,https://getmaude.com/login
getneuro.com,none,,,https://getneuro.com/login,https://neurogum.com/login
getpaloma.com,none,,,https://app.getpaloma.com/login,https://app.getpaloma.com/login
getply.com,none,,,https://app.getply.com,https://app.getply.com/
getquipu.com,none,,,https://getquipu.com/login,https://getquipu.com/login
getrileynow.com,none,,,https://getrileynow.com/login,https://getrileynow.com/login/
getsmarter.com,microsoft,,btn:Microsoft,https://getsmarter.com/login,https://www.getsmarter.com/login
getstake.com,none,,,https://app.getstake.com/login?lang=en,https://app.getstake.com/login
gettespo.com,none,,,https://gettespo.com/login,https://tespovitamins.com/wp-login.php
getunboxt.com,none,,,https://getunboxt.com/login,https://getunboxt.com/login
gfuel.com,none,,,https://gfuel.com/login,https://gfuel.com/login
giblib.com,none,,,https://watch.giblib.com/login,https://watch.giblib.com/login
gigfinesse.com,none,,,https://artist.gigfinesse.com,https://artist.gigfinesse.com/signin?next=%2F
ginie.ai,none,,ERR:dns,,
givingway.com,none,,ERR:dns,,
aurahealth.io,none,,,https://www.aurahealth.io/aura?login=true,https://www.aurahealth.io/aura?login=true
axismundilabs.com,none,,,https://us.app.homecoming.health/login,https://auth.homecoming.health/u/login?state=hKFo2SBFSFl2aG5CVzg3OExuN2xGUXQ0b3RNUTRydzFnLU9YM6Fur3VuaXZlcnNhbC1sb2dpbqN0aWTZIDRnZDBjbnk0VmNDS0JOMlBnVlJoaFdoTVY3TG5iMkhvo2NpZNkgSTdTSEZtOXFvRU0zNXhBcHcyQ1pDSVNiNlNURHlHUVQ
backlight.co,none,,,https://account.ftrack.com/en/try,https://account.ftrack.com/en/try
barn2door.com,none,,,https://app.barn2door.com/login,https://app.barn2door.com/login
bd.com,none,,,https://bd.com/login,https://www.bd.com/login
beconfidential.com,none,,ERR:dns,,
bendhealth.com,none,,,https://app.bendhealth.com/home,https://auth.bendhealth.com/realms/production/protocol/openid-connect/auth?client_id=member-portal&redirect_uri=https%3A%2F%2Fapp.bendhealth.com%2Fhome&response_type=code&scope=openid&state=60c49d1353ab41fc848d662883a434ca&code_challenge=5UGMxlXk45jH460GCETZKc8likHXyPHfyDHIHRHJaBs&code_challenge_method=S256&login_hint=login
bettermode.com,none,,,https://bettermode.com/account/login,https://bettermode.com/account/login
bidgala.com,none,,,https://bidgala.com/login,https://forsale.godaddy.com/forsale/bidgala.com?utm_source=TDFS_BINNS2&utm_medium=parkedpages&utm_campaign=x_corp_tdfs-binns2_base&traffic_type=TDFS_BINNS2&traffic_id=binns2&
billin.eu,none,,,https://billin.eu/login,https://billin.eu/login
biorender.io,microsoft,,btn:Continue with Microsoft,https://app.biorender.com/user/signin,https://app.biorender.com/user/signin
bisep.org,none,,,https://www.bisepinnovations.com/customer_authentication/redirect?locale=en&region_country=CA,https://shopify.com/authentication/88540643623/oauth/authorize?buyer_flags=eyJhbGciOiJIUzI1NiJ9.eyJpc3MiOiJhcm1tZGV2aWNlLm15c2hvcGlmeS5jb20iLCJmbGFncyI6W10sImV4cCI6MTc4MjQ1MDY5NiwibmJmIjoxNzgxODQ1ODk2fQ.z7Y932OZoo-s6aWmJxYCcbKSO5EG1dZODEc5Vh3vE2E&client_id=ce8b2bfd-391d-4f3c-aec1-06fb70cf3106&locale=en-CA&nonce=c47ad6f8-9456-403e-a2da-5b1fd4abaff8&redirect_uri=https%3A%2F%2Fshopify.com%2F88540643623%2Faccount%2Fcallback&region_country=CA&response_type=code&scope=openid+email+customer-account-api%3Afull&state=hWNDVYFGI3sZCYksmK6VZm4n
biteable.com,microsoft,yes,btn:Log in with Microsoft,https://app.biteable.com/client/login,https://app.biteable.com/client/login
bitmart.com,none,,,https://bitmart.com/login,https://www.bitmart.com/login
bitofproperty.com,none,,ERR:dns,,
bitwave.io,none,,,https://app.bitwave.io/,https://app.bitwave.io/
blacksmith.sh,none,,,https://app.blacksmith.sh,https://app.blacksmith.sh/
blerp.com,none,,,https://blerp.com/login,https://blerp.com/login
blockcerts.com,none,,,https://blockcerts.com/login,https://blockcerts.com/login
blockspring.com,none,,,https://blockspring.com/login,https://blockspring.com/login
bloomandwild.com,none,,,https://bloomandwild.com/login,https://www.bloomandwild.com/login
blossom.team,none,,,https://blossom.team/login,https://blossom.team/lander
bluebirds.ai,none,,,https://bluebirds.ai/login,https://bluebirds.ai/login
bluematador.com,generic_sso,,txt:SAML,https://app.bluematador.com/ur/signin,https://app.bluematador.com/ur/signin#/
bluesheets.io,microsoft,,btn:Sign up with Microsoft Entra,https://orion.file.ai/en/sign-up,https://orion.file.ai/en/sign-up
blumira.com,none,,,https://app.blumira.com/,https://app.blumira.com/
boards.com,none,,,https://boards.onelink.me/0fu0/login,https://app.boards.com/signin?af_xp=custom&shortlink=login&source_caller=ui&pid=Boards.com+Homepage+-+Login+CTA+-+May_2026
boddlelearning.com,none,,,https://lms.boddlelearning.com/signup?for=teacher,https://lms.boddlelearning.com/signup?for=teacher
boldly.app,none,,,https://boldly.app/signup,https://boldly.app/signup
bombayshavingcompany.com,none,,,https://bombayshavingcompany.com/login,https://www.bombayshavingcompany.com/
bondex.app,none,,,https://network.bondex.app/auth/login?utm_source=bondex.app&utm_medium=button&utm_campaign=shared&utm_content=footer_cta_banner,https://network.bondex.app/auth/login?utm_source=bondex.app&utm_medium=button&utm_campaign=shared&utm_content=footer_cta_banner
bookis.com,none,,,https://bookis.com/login,https://bookis.com/login
bookoutdoors.com,none,,,https://bookoutdoors.com/login,https://bookoutdoors.com/login
boomandbucket.com,none,,,https://boomandbucket.com/login,https://www.boomandbucket.com/login
boopos.com,none,,,https://app.boopos.com/?auth_hint=login,https://auth.boopos.com/u/login/identifier?state=hKFo2SByNUJrZjUtOUg1UzlLVjN5UWdBLVFFRXlMWTJaLVhIX6Fur3VuaXZlcnNhbC1sb2dpbqN0aWTZIGN4Ujg1V3JuaHZScHRGLUg2a1VfcGpBajVhX21jbjJto2NpZNkgWVhLaDdialV4TFlzNldkRmhkVE82MWJTV0hJR0E2MjY
bot-hive.com,none,,ERR:dns,,
boutiqaat.com,none,,,https://boutiqaat.com/login,https://boutiqaat.com/login
bp.com,none,,,https://bp.com/login,https://www.bp.com/login
braintrustdata.com,none,,,https://braintrustdata.com/login,https://www.braintrust.dev/login
brandly.com,none,,,https://brandly.com/login,https://www.brandly.com/login
bravesoles.life,none,,,https://bravesoles.life/customer_authentication/redirect?locale=en&region_country=CA,https://shopify.com/authentication/59585462374/login?client_id=7fb752b1-880d-4081-b468-69b4c2263a01&locale=en-CA&redirect_uri=%2Fauthentication%2F59585462374%2Foauth%2Fauthorize%3Fbuyer_flags%3DeyJhbGciOiJIUzI1NiJ9.eyJpc3MiOiJlZThiMTYtOGUubXlzaG9waWZ5LmNvbSIsImZsYWdzIjpbXSwiZXhwIjoxNzgyNDUxOTU4LCJuYmYiOjE3ODE4NDcxNTh9.w3qgERruuEQcb27z_9ltMzWOVTjY-ubLp0ia4NMQ2l4%26client_id%3D7fb752b1-880d-4081-b468-69b4c2263a01%26locale%3Den-CA%26nonce%3D94d160dd-63cd-4232-a39a-55c02c6136b4%26redirect_uri%3Dhttps%253A%252F%252Fshopify.com%252F59585462374%252Faccount%252Fcallback%26region_country%3DCA%26response_type%3Dcode%26scope%3Dopenid%2Bemail%2Bcustomer-account-api%253Afull%26state%3DhWNDVaNUFyGWP9s6ijggME3W&region_country=CA
brenger.co,none,,,https://brenger.co/login,https://brenger.co/login
bricksave.com,none,,,https://bricksave.com/login,https://www.bricksave.com/login/
brightbreaks.com,none,,,https://brightbreaks.com/signup,https://brightbreaks.com/signup/id
brilliant.org,none,,,https://brilliant.org/login,https://brilliant.org/login/
browserstack.com,none,,,https://browserstack.com/login,https://www.browserstack.com/login
btq.tv,none,,,https://btq.tv/login,https://btq.tv/login
budgetbakers.com,none,,,https://web.budgetbakers.com/login,https://web.budgetbakers.com/sign-in
bugswagger.net,none,,,https://bugswagger.net/login,https://bugswagger.net/login
builderprime.com,none,,,https://app.builderprime.com/admin/login,https://app.builderprime.com/admin/login
buka.tv,none,,ERR:dns,,
bunnycdn.com,none,,,https://dash.bunny.net/auth/login?pk_buttonlocation=menu,https://dash.bunny.net/auth/login?pk_buttonlocation=menu
burnghost.com,none,,,https://burnghost.com/login,https://www.burnghost.com/login/
busforfun.com,none,,,https://www.busforfun.com/it/login,https://www.busforfun.com/it/login
busyboxsign.com,none,,,https://busyboxsign.com/login,https://www.busyboxsign.com/login
bybi.com,none,,,https://account.bybi.com/profile?locale=en&region_country=GB&buyer_flags=eyJhbGciOiJIUzI1NiJ9.eyJpc3MiOiJqeTcyZWMtaTMubXlzaG9waWZ5LmNvbSIsImZsYWdzIjpbXSwiZXhwIjoxNzgyNDUyMjQ1LCJuYmYiOjE3ODE4NDc0NDV9.ajUhxjYTcjSTnGkXcCKZVeRb93lgu0O9JLH-NGYH0h4,https://account.bybi.com/authentication/login?client_id=934da98f-1424-4589-b442-f31775f5edf8&locale=en-GB&redirect_uri=%2Fauthentication%2Foauth%2Fauthorize%3Fbuyer_flags%3DeyJhbGciOiJIUzI1NiJ9.eyJpc3MiOiJqeTcyZWMtaTMubXlzaG9waWZ5LmNvbSIsImZsYWdzIjpbXSwiZXhwIjoxNzgyNDUyMjQ1LCJuYmYiOjE3ODE4NDc0NDV9.ajUhxjYTcjSTnGkXcCKZVeRb93lgu0O9JLH-NGYH0h4%26client_id%3D934da98f-1424-4589-b442-f31775f5edf8%26locale%3Den-GB%26nonce%3D0a219bb0-356d-481f-82e4-8b55e75ff35b%26redirect_uri%3Dhttps%253A%252F%252Faccount.bybi.com%252Fcallback%26region_country%3DGB%26response_type%3Dcode%26scope%3Dopenid%2Bemail%2Bcustomer-account-api%253Afull%26state%3DhWNDVasLOGMb6n9gx69oOofG&region_country=GB
ca.la,none,,,https://app.mercer.design/login,https://app.mercer.design/login
caisgroup.com,none,,,https://members.caisgroup.com,https://login.caisgroup.com/login?state=hKFo2SBzaTQ2WlhvZG95N1J1QVFQMkxfaHV2MWlOd3I3NkZlYqFupWxvZ2luo3RpZNkgNG5YZ3dSQ2RtQnd0ano1SENnWUltUmFnSDA1a3hyM0qjY2lk2SBYV2RrUExNVWMyb3ZOZ29ZMVNBM2FYV2Y1SVNQN3VTUQ&client=XWdkPLMUc2ovNgoY1SA3aXWf5ISP7uSQ&protocol=oauth2&scope=openid%20profile%20email&authorizationParams=%7B%7D&audience=https%3A%2F%2Fmembers.caisgroup.com%2Fapi%2Fgraphql%2Fv1&redirect_uri=https%3A%2F%2Fmembers.caisgroup.com%2Fhomepage%2Fauth-redirect&response_type=code&response_mode=query&nonce=enIzUnF5MnZqQ0lDeDVQOVRkUGVuUnNuMDQyZHBJcHItSUFIZGVIOXdYZw%3D%3D&code_challenge=EAGMhdEVjS0_ltjCHJF1G9JVcIAJn2WPSfbcPUUmQvc&code_challenge_method=S256&auth0Client=eyJuYW1lIjoiYXV0aDAtcmVhY3QiLCJ2ZXJzaW9uIjoiMi4xNS4xIn0%3D
calixa.io,none,,,https://eggsentriccafe.co.nz/,https://eggsentriccafe.co.nz/
cameralyze.com,none,,,https://cameralyze.com/login,https://www.plugger.ai/login
camtouch3d.com,none,,,https://camtouch3d.com/login,https://camtouch3d.com/wp-login.php
cantozil.com,none,,ERR:dns,,
caplight.com,none,,,https://platform.caplight.com/signin,https://platform.caplight.com/signin
captec.io,none,,,https://captec.io/login,https://www.captec.io/login
carandclassic.com,none,,,https://carandclassic.com/login,https://www.carandclassic.com/login
carbonfuture.earth,none,,,https://platform.carbonfuture.earth/login,https://platform.carbonfuture.earth/login
cardup.co,none,,,https://app.cardup.co/business/sign_in,https://app.cardup.co/business/sign_in
carepoynt.com,none,,,https://app.carepoynt.com/login,https://app.carepoynt.com/login
cargofy.com,microsoft,,txt:Continue with Microsoft,https://app.cargofy.com/?utm_source=&utm_medium=organic&utm_campaign=cargofy_com_landing&utm_term=null&utm_content=v2_header_login&locale=en-US-US,https://app.cargofy.com/auth?utm_source=&utm_medium=organic&utm_campaign=cargofy_com_landing&utm_term=null&utm_content=v2_header_login&locale=en-US-US
carnival.com,none,,,https://carnival.com/login,https://www.carnival.com/login
cart.com,microsoft,,btn:Continue with Microsoft,https://console.cart.com/login,https://authenticate.cart.com/login?state=hKFo2SB5VUhfbXZIdkRFSFY4cVVQa0tWWmhhN2o0XzhndjQ0aKFupWxvZ2luo3RpZNkgcW5xV21OYlltMHhrZnZxcWY3VjhOb3hITEQ0dzdfRzGjY2lk2SB4YWE3ZVpjT0s3MG1DR2h5dmEzZWU0OVZhNWIyOWt4Tw&client=xaa7eZcOK70mCGhyva3ee49Va5b29kxO&protocol=oauth2&scope=openid%20profile%20email&redirect_uri=https%3A%2F%2Fconsole.cart.com%2Fcallback&audience=api.local&appState=%5Bobject%20Object%5D&screen_hint=login&response_type=code&response_mode=query&nonce=azctcHBWRklCaTFpLUtlQXRPemxxQ2JoYUdZOUhwbGdPbE5jdV9mZWQ1Yw%3D%3D&code_challenge=u68btuolgFIvQLKppzYuijDyeyKjRyIcwfbwLMbN6oA&code_challenge_method=S256&auth0Client=eyJuYW1lIjoiYXV0aDAtcmVhY3QiLCJ2ZXJzaW9uIjoiMi4yLjQifQ%3D%3D
casafari.com,none,,,https://casafari.com/login,https://www.casafari.com/login
cash360.cn,none,,,https://cash360.cn/login,https://cash360.cn/login
castellum.ai,none,,,https://search.castellum.ai/login,https://auth.castellum.ai/u/login/identifier?state=hKFo2SBocWQzT2JKZjllVHYzcnFnMmw1LTN1VXVoc0NoNnpMbaFur3VuaXZlcnNhbC1sb2dpbqN0aWTZIEU4Z3k2WnE1TE5URkZOSWh4Q0VlSjlqMTA0dFJpSmMyo2NpZNkgTlFHRUs4RVBGdzJLOWJYTUJxRVpFakQ5S1lBVXRzbEk
catalate.com,none,,,https://catalate.com/login,https://catalate.com/login
causalytics.ai,none,,,https://app.causalytics.ai/signup/create-account,https://app.causalytics.ai/signup/create-account?path=analytics
cbancnetwork.com,none,,,https://community.cbancnetwork.com/s/login?startURL=%2Fs%2Fwelcome,https://community.cbancnetwork.com/home?startURL=%2Fs%2Fwelcome&tab=All%20Posts
cefinn.com,none,,,https://cefinn.com/login,https://cefinn.com/login
celtx.com,none,,,https://celtx.com/login,https://www.celtx.com/login
century.tech,none,,,https://app.century.tech/login/,https://app.century.tech/login/?appUpdater=1781847869029
certifid.com,none,,,https://certifid.com/login,https://www.certifid.com/login
chain.io,none,,,https://chain.io/login,https://chain.io/login/
channelmum.com,none,,ERR:dns,,
chargetrip.com,none,,,https://account.chargetrip.io/sign-in,https://account.chargetrip.io/sign-in
charmindustrial.com,none,,,https://charmindustrial.com/login,https://charmindustrial.com/login
chatterbug.com,none,,,https://app.chatterbug.com/login,https://app.chatterbug.com/login
checkr.com,none,,,https://checkr.com/login,https://checkr.com/login
chegg.com,none,,,https://chegg.com/login,https://www.chegg.com/login
chess.com,none,,,https://www.chess.com/login_and_go?returnUrl=https://www.chess.com/,https://www.chess.com/login_and_go?returnUrl=https://www.chess.com/
chkk.io,microsoft,,btn:Sign in with Microsoft,https://app.chkk.io/login,https://app.chkk.io/login
chownow.com,none,,,https://chownow.com/login,https://get.chownow.com/login/
churnkey.co,none,,,https://app.churnkey.co/login,https://app.churnkey.co/login
circle.com,none,,,https://app.circle.com/signin,https://app.circle.com/signin
citizen.com,none,,,https://citizen.com/login,https://citizen.com/login
claap.io,generic_sso,,txt:SSO,https://app.claap.io/sign-in,https://app.claap.io/sign-in
clarifai.com,none,,,https://clarifai.com/login,https://clarifai.com/login
classpass.com,none,,,https://classpass.com/login,https://classpass.com/login
cleanchoiceenergy.com,none,,,https://cleanchoiceenergy.com/login,https://cleanchoiceenergy.com/login
clearcalcs.com,microsoft,,btn:Log in with Microsoft,https://app.calcs.com/login,https://app.calcs.com/login
clevelandmetroparks.com,none,,,https://clevelandmetroparks.com/login,https://www.clevelandmetroparks.com/login
climateimpactx.com,none,,,https://exchange.climateimpactx.com/#/login,https://exchange.climateimpactx.com/#/login
clipmoney.com,none,,,https://clipmoney.com/dashboard/login,https://clipmoney.com/dashboard/login
clora.com,microsoft,,btn:Sign in with Microsoft,https://app.clora.com/sign-in,https://app.clora.com/sign-in
cloudcapital.co,generic_sso,,txt:Sign in with SSO,https://app.cloudcapital.co/sign-in,https://app.cloudcapital.co/sign-in
cloudprinter.com,none,,,https://account.cloudprinter.com,https://account.cloudprinter.com/
cloudvisor.io,none,,,https://cloudvisor.io/login,https://cloudvisor.io/login
cloverleaf.me,none,,,https://app.cloverleaf.me/signin,https://app.cloverleaf.me/signin
cluedin.com,none,,,https://cluedin.com/login,https://cluedin.com/login
cm.com,none,,,https://login.cm.com/,https://auth.cm.com/Account/Login
coachup.com,none,,,https://coachup.com/signin,https://coachup.com/signin
cockroachlabs.com,microsoft,yes,btn:Log in with Microsoft,https://cockroachlabs.cloud/,https://cockroachlabs.cloud/
coda.xyz,none,,ERR:dns,,
coderabbit.ai,none,,,https://coderabbit.ai/login,https://coderabbit.ai/login
codingninjas.in,none,,,https://economictimes.indiatimes.com/jobs/fresher/tech-grads-sign-up-for-bootcamps-to-be-more-employable/articleshow/104074729.cms?utm_source=contentofinterest&utm_medium=text&utm_campaign=cppst,https://economictimes.indiatimes.com/jobs/fresher/tech-grads-sign-up-for-bootcamps-to-be-more-employable/articleshow/104074729.cms?utm_source=contentofinterest&utm_medium=text&utm_campaign=cppst
cognitivevr.co,microsoft,,btn:Sign in with Microsoft,https://app.cognitive3d.com/,https://app.cognitive3d.com/login
coherence.io,none,,,https://coherence.io/login,https://coherence.io/login
coinify.com,none,,,https://coinify.com/login,https://www.coinify.com/login
coinmartshop.com,none,,,https://coinmartshop.com/login,https://coinmartshop.com/login/
coinsmart.com,none,,,https://app.bitbuy.ca/en/sign-in/,https://app.bitbuy.ca/sign-in
collectable.com,none,,,https://collectable.com/login,https://collectable.com/cgi-sys/suspendedpage.cgi
collibra.com,none,,,https://collibra.com/login,https://collibra.com/login
comeet.co,none,,,https://comeet.co/login,https://comeet.co/login
commoncurriculum.com,none,,,https://commoncurriculum.com/login,https://www.commonplanner.com/login
companisto.com,none,,,https://www.companisto.com/de/login/login,https://www.companisto.com/de/login/login
complyadvantage.com,none,,,https://complyadvantage.com/login,https://complyadvantage.com/wp-login.php
conceivable.life,none,,,https://conceivable.life/login,https://www.conceivable.life/login
conduit.app,none,,,https://base.conduit.ai,https://base.conduit.ai/sign-in
configit.com,none,,,https://configit.com/login,https://configit.com/wp-login.php
consensus-app.com,none,,,https://consensus-app.com/login,https://consensus.app/
consumers.bank,none,,,https://consumers.bank/login,https://www.consumers.bank/login
contexttravel.com,none,,,https://contexttravel.com/login,https://www.contexttravel.com/login
conversion.ai,none,,,https://app.conversion.ai/sign-in,https://app.conversion.ai/sign-in
cooksventure.com,none,,,https://cooksventure.com/login,https://cooksventure.com/login
copatient.com,none,,,https://copatient.com/login,https://copatient.com/login
copy.ai,microsoft,,btn:Continue with Microsoft,https://app.copy.ai/login,https://login.copy.ai/?client_id=client_01H9K5DP1DBFE11WNA648XCRPP&redirect_uri=https%3A%2F%2Fapp.copy.ai%2Flogin&state=%7B%7D&authorization_session_id=01KVF7MG84NVCFVW8ZYRCKKBEX
corecare.io,none,,,https://dashboard.corecare.ai/,https://dashboard.corecare.ai/login
coru.com,none,,,https://coru.com/login,https://coru.com/wp-login.php
couchbase.com,none,,,https://couchbase.com/login,https://couchbase.com/login
courseticket.com,none,,,https://courseticket.com/login,https://www.courseticket.com/de/login
cowrywise.com,none,,,https://cowrywise.com/login,https://cowrywise.com/login
cratejoy.com,none,,,https://cratejoy.com/login,https://www.cratejoy.com/account/login
creativeintell.com,none,,,https://user-portal.creativeintell.com/,https://user-portal.creativeintell.com/
credavenue.com,none,,,https://credavenue.com/login,https://credavenue.com/login
credix.finance,none,,,https://credix.finance/login,https://credix.finance/login
crescentinvest.io,none,,,https://app.getcrescent.com/login,https://app.getcrescent.com/login
cribmd.com,none,,,https://app.cribmd.com/login,https://app.cribmd.com/login
crowdai.com,none,,,https://crowdai.com/signin,https://crowdai.com/signin
crowdfunder.com,none,,,https://crowdfunder.com/login,https://www.crowdfunder.com/login
crowdstreet.com,none,,,https://app2.crowdstreet.com/sign-in?type=password,https://app2.crowdstreet.com/sign-in?type=password
crownaffair.com,none,,,https://crownaffair.com/login,https://crownaffair.com/login
cryptio.co,none,,,https://app.cryptio.co/login,https://app.cryptio.co/login
cshs.org,none,,,https://app.cedars-sinai.org/app.html,https://mycslink.cedars-sinai.org/mycslink/Authentication/Login
cube.dev,generic_sso,,txt:single sign-on,https://cubecloud.dev/auth,https://cubecloud.dev/auth
cultmia.com,none,,,https://account.cultmia.com/?locale=en&buyer_flags=eyJhbGciOiJIUzI1NiJ9.eyJpc3MiOiJjdWx0LW1pYS5teXNob3BpZnkuY29tIiwiZmxhZ3MiOltdLCJleHAiOjE3ODI0NTIyNTAsIm5iZiI6MTc4MTg0NzQ1MH0.-IvVrmXpgp8FsXOYvaIWo5RD9fsrkEWoQM5GFj_6IH0&region_country=GB&consent_id=60359344-fbeb-424b-bc23-0c19338ea32c&consent=a1m1p1,https://account.cultmia.com/authentication/login?client_id=b4b1475c-d21b-4387-ba88-2230eb4ff251&locale=en-GB&redirect_uri=%2Fauthentication%2Foauth%2Fauthorize%3Fbuyer_flags%3DeyJhbGciOiJIUzI1NiJ9.eyJpc3MiOiJjdWx0LW1pYS5teXNob3BpZnkuY29tIiwiZmxhZ3MiOltdLCJleHAiOjE3ODI0NTIyNTAsIm5iZiI6MTc4MTg0NzQ1MH0.-IvVrmXpgp8FsXOYvaIWo5RD9fsrkEWoQM5GFj_6IH0%26client_id%3Db4b1475c-d21b-4387-ba88-2230eb4ff251%26locale%3Den-GB%26nonce%3D770ca28c-8907-4e57-a392-7ee89dc432ea%26redirect_uri%3Dhttps%253A%252F%252Faccount.cultmia.com%252Fcallback%26region_country%3DGB%26response_type%3Dcode%26scope%3Dopenid%2Bemail%2Bcustomer-account-api%253Afull%26state%3DhWNDVePhCLvZLpifXCn0SZfC&region_country=GB
curio.io,none,,,https://curio.io/login,https://curio.io/login
customerlabs.co,none,,ERR:dns,,
cyberspray.com,none,,,https://www.HugeDomains.com/payment-plan-login.cfm,https://www.hugedomains.com/payment-plan-login.cfm
cyclopure.com,none,,,https://cyclopure.com/login,https://cyclopure.com/wp-login.php
cyware.com,none,,,https://my.vartopia.com/VartopiaV2/Login/Cyware,https://my.vartopia.com/Login/Cyware
dagshub.com,none,,,https://dagshub.com/login,https://dagshub.com/user/login
dameproducts.com,none,,,https://dameproducts.com/login,https://dame.com/
dartscorner.co.uk,none,,,https://dartscorner.co.uk/login,https://www.dartscorner.co.uk/login
dashbot.io,none,,,https://dashbot.io/login,https://www.dimensionlabs.io/login
databrokerdao.com,none,,,https://databrokerdao.com/signin,https://databrokerdao.com/signin
datagran.io,none,,,,
datatalks.se,none,,,https://app.datatalks.se/,https://app.datatalks.se/
dawrat.com,none,,,https://dawrat.com/login,https://dawrat.com/login
deale.es,none,,,https://app.deale.es/auth,https://app.deale.es/auth
deck.co,none,,,https://console.deck.co/,https://console.deck.co/
deepl.com,generic_sso,,txt:Continue with SSO,https://deepl.com/login,https://auth.deepl.com/login
default.com,none,,,https://app.default.com/login,https://app.default.com/login
deliveright.com,none,,,https://app.deliveright.com/react/login,https://app.deliveright.com/react/login
delmarpharma.com,none,,,https://delmarpharma.com/login,https://delmarpharma.com/login
demodesk.com,microsoft,,txt:Sign in with Office 365,https://demodesk.com/manage/auth/login?seatType=ci,https://demodesk.com/manage/auth/login?seatType=ci
depositphotos.com,none,,,https://depositphotos.com/login,https://depositphotos.com/login.html
descope.com,none,,,https://app.descope.com,https://app.descope.com/
deskbookers.com,none,,,https://deskbookers.com/login,https://www.spacebase.com/en/login/?from=deskbookers
devcondetect.com,none,,,https://devcondetect.com/login,https://devcondetect.com/login/
devrev.ai,none,,,https://devrev.ai/login,https://devrev.ai/login
dhiwise.com,none,,,https://dhiwise.com/login,https://www.dhiwise.com/login
dicle.edu.tr,none,,,https://dicle.almscloud.com/Account/LoginBefore,https://dicle.almscloud.com/almsp
digicert.com,generic_sso,,btn:My company's SSO,https://www.digicert.com/account/login.php,https://www.digicert.com/account/login.php
digitalprezence.com,none,,,https://digitalprezence.com/login,https://digitalprezence.com/login
dimo.zone,none,,ERR:dns,,
disco.co,none,,,https://app.disco.co/login,https://app.disco.co/login
dispatchwithus.com,generic_sso,,txt:Sign in with SSO,https://app.dispatchit.com/users/sign_in,https://app.dispatchit.com/users/sign_in
dissolve.com,none,,,https://dissolve.com/login,https://dissolve.com/login
dividendfinance.com,none,,,https://dividendfinance.com/login,https://www.dividendfinance.com/wp-login.php
dnsfilter.com,none,,,https://app.dnsfilter.com/login?_gl=1*1lzz0rb*_ga*NzE4NjcwMjc5LjE2ODI5NDg4Njk.*_ga_MMR27NNV7M*MTY4MzA4MjYyOS43LjAuMTY4MzA4MjYzMy4wLjAuMA..,https://app.dnsfilter.com/login?_gl=1*1lzz0rb*_ga*NzE4NjcwMjc5LjE2ODI5NDg4Njk.*_ga_MMR27NNV7M*MTY4MzA4MjYyOS43LjAuMTY4MzA4MjYzMy4wLjAuMA..
docosan.com,none,,,https://docosan.com/login,https://www.docosan.com/
doctorcareanywhere.com,none,,,https://member.doctorcareanywhere.com/Account/Login?_gl=1*iosmyo*_gcl_aw*R0NMLjE3NzM4MzQ2MDAuQ2owS0NRandtdW5OQmhEYkFSSXNBT25kS3BrakJoM0Jpem95dDVrVm1OT2lwdzdtTHhlUFBBc2RmRGdWQ0Z1RFJ1dkM4NkRiUmlMSDctY2FBbVFkRUFMd193Y0I.*_gcl_au*Nzg5NTc0MDg1LjE3NzM1OTk1OTY.*_ga*MjA0MTM2ODYxMy4xNzczNTk5NTk0*_ga_NCXK35N8R0*czE3NzczNjk5MDkkbzU1JGcxJHQxNzc3MzcyNDMwJGo0MyRsMCRoMA..,https://accounts.doctorcareanywhere.com/dcaprodb2c.onmicrosoft.com/b2c_1a_signup_signin/oauth2/v2.0/authorize?client_id=d450265f-27be-409c-b65e-60cd6d4bdf03&redirect_uri=https%3A%2F%2Fmember.doctorcareanywhere.com%2Fcallback&response_type=code&scope=openid%20https%3A%2F%2Fdcaprodb2c.onmicrosoft.com%2Fdaa09b5c-d2c1-a64f-8717-a1424d84ac7d%2Ftoken.exchange&code_challenge=ag5zKl_Eiwsc8WYT6_ejSStz9wSD7HkoWaVdbbU0Leg&code_challenge_method=S256&state=OpenIdConnect.AuthenticationProperties%3D9XfZ8bH5_D_lVD7o0lQfoeVqjxhUwfMDgYCVijE-eX0vzwNPL7T2u9SwbWRBX6WORYEDbVd8plm3uqL-8OvWoPit5U32Fc1QM8yD7qIaQX9KrDcY06H9DrvvfsJHhAu99mj3qG7OW-AxmyDDvriM_VBKqdRRULDaUrApTwNO8mlzFoqxB3U9IL-i5BPYnYlwLw84iy1-LetNhzTOJSKZYmxZEI92JLVJXSwAEX949dbEdXkGlKF0ObnUcqCkZHSC6WSaMeuVH-rlePfUMWNkLCQPzTFSRq-GmqVEvR3cR6umUqP_-Meh5WteVRdovSRxQKlzhn8Vc721iUDGAoYlaLz1_lNKRRYO21Du_7jv6WbpOceUgaak3vLYjlk3yI5-kvGf4rvKBUM2oBmu7T6IwwDwgWl_qMYPRosHfgwD7alTjVx2u8_BiMVSLL3F3H4hX30762Fj_2e7vwpvDueDZ7siF5BuwFvev74opWTmVgByIBrdIFd4PMcpxuoKzLn9ufGSvXYLqbZcRKpcvKDkYs96CEV61aw3SfoKXWMpiNMCkVVYG1_I9j6SMZ-Sb8XrCGldRbwrLi4n1XwwR3qFqrviW08w66UYcp2Rm12dwFbRb1mSZe1jk-56InqwFTHRsHKGwAu53KnMJzG8x-1Izo4k4L2R-x9WqgyslBChJrynoDOP0_K8HKw6qwIEoqzFmqdXi9xIHoyR0x2JcGEJ6VnMn5k&response_mode=form_post&nonce=639174471809435235.MDkzMTVkOTItZWQ5Mi00ZGU5LWJmMWMtOWMzODRkZTc3YTgzM2VmZjNhMjctZWE4Yy00M2UxLTg2OTUtYzNhZjI0MzRkNzE5&x-client-SKU=ID_NET472&x-client-ver=7.6.3.0
dokbot.io,none,,,https://portal.dokbot.io/,https://portal.dokbot.io/#/login?next=/
domo.health,none,,,https://billing.stripe.com/p/login/4gw7sVc0cfrgd7a4gg?locale=en,https://billing.stripe.com/p/login/4gw7sVc0cfrgd7a4gg?locale=en
doorhub.io,none,,ERR:dns,,
dosejuice.com,none,,,https://dosejuice.com/login,https://dosejuice.com/login
dovly.com,none,,,https://app.dovly.com/login/,https://app.dovly.com/login
draftboard.co,none,,,https://intros.draftboard.com/login,https://intros.draftboard.com/login
drexi.com,none,,,https://drexi.com/login,https://drexi.com/login
drinkhint.com,none,,,https://www.drinkhint.com/customer_authentication/redirect?locale=en&region_country=US,https://shopify.com/authentication/1430159418/login?client_id=dbdd627d-50b5-4cf8-ad02-37d4217a5417&locale=en-US&redirect_uri=%2Fauthentication%2F1430159418%2Foauth%2Fauthorize%3Fbuyer_flags%3DeyJhbGciOiJIUzI1NiJ9.eyJpc3MiOiJkcmlua2hpbnQubXlzaG9waWZ5LmNvbSIsImZsYWdzIjpbXSwiZXhwIjoxNzgyNDU1MjcyLCJuYmYiOjE3ODE4NTA0NzJ9.5N1H0Wg8nMQ1WD9jbOebCWCNR6eCUr0Sj05npBZD7IY%26client_id%3Ddbdd627d-50b5-4cf8-ad02-37d4217a5417%26locale%3Den-US%26nonce%3De445f3a2-8f0f-4321-aebb-43e626591a67%26redirect_uri%3Dhttps%253A%252F%252Fshopify.com%252F1430159418%252Faccount%252Fcallback%26region_country%3DUS%26response_type%3Dcode%26scope%3Dopenid%2Bemail%2Bcustomer-account-api%253Afull%26state%3DhWNDVfyU6J6f1eONIgF3rcHa&region_country=US
drinkmorning.com,none,,,https://drinkmorning.com/login,https://www.drinkmorning.com/login
dripdrop.com,none,,,https://shopify.com/2676839/account/orders?locale=en&buyer_flags=eyJhbGciOiJIUzI1NiJ9.eyJpc3MiOiJkcmlwLWRyb3AubXlzaG9waWZ5LmNvbSIsImZsYWdzIjpbXSwiZXhwIjoxNzgyNDQ3NDU2LCJuYmYiOjE3ODE4NDI2NTZ9.qyxJXezciSh7N4hGO3ak4BeQEFyJ1neokE0A1qclza0&region_country=US,https://shopify.com/authentication/2676839/oauth/authorize?buyer_flags=eyJhbGciOiJIUzI1NiJ9.eyJpc3MiOiJkcmlwLWRyb3AubXlzaG9waWZ5LmNvbSIsImZsYWdzIjpbXSwiZXhwIjoxNzgyNDQ3NDU2LCJuYmYiOjE3ODE4NDI2NTZ9.qyxJXezciSh7N4hGO3ak4BeQEFyJ1neokE0A1qclza0&client_id=1eaf9579-77f9-4287-8b79-641e06fe4a53&locale=en-US&nonce=02263873-24bc-4c5e-be59-930d84dee8f8&redirect_uri=https%3A%2F%2Fshopify.com%2F2676839%2Faccount%2Fcallback&region_country=US&response_type=code&scope=openid+email+customer-account-api%3Afull&state=hWNDVg21hcdCFwTtKQnWO2cb
drivepoint.io,none,,,https://drivepoint.io/login,https://www.drivepoint.ai/login
dronelogbook.com,none,,,https://dronelogbook.com/signin,https://dronelogbook.com/signin
drumsfood.com,none,,,https://drumsfood.com/login,https://drumsfood.com/login
dtc.top,none,,ERR:dns,,
dugun.com,none,,,https://dugun.com/login,https://dugun.com/login
durable.co,none,,,https://durable.co/login,https://durable.com/login
dwellwell.com,none,,,,
e2open.com,none,,,https://e2open.com/login,https://www.e2open.com/login
earlytrade.com,none,,,https://auth.earlytrade.com/,https://auth.earlytrade.com/
easyexpunctions.com,none,,,https://easyexpunctions.com/login,https://www.easyexpunctions.com/
eatbanza.com,none,,,https://eatbanza.com/login,https://www.eatbanza.com/login
eatmush.com,none,,,https://eatmush.com/login,https://eatmush.com/login
ebu.ch,none,,,https://ebu.ch/login,https://www.ebu.ch/login
echoeshq.com,none,,,https://echoeshq.com/login,https://echoeshq.com/login
ecoflow.com,none,,,https://ecoflow.com/login,https://us.ecoflow.com/login
ecourier.co.uk,none,,,https://www.ecourier.co.uk/portal,https://www.ecourier.co.uk/portal/
edamama.ph,none,,,https://edamama.ph/login,https://www.edamama.ph/account
edetepta.com,none,,,https://edetepta.com/login,https://edetepta.com/wp-login.php
edgeimpulse.com,none,,,https://studio.edgeimpulse.com/login,https://studio.edgeimpulse.com/login
edly.info,none,,,https://edly.info/login,https://edly.info/login
edu-nation.net,none,,,https://edu-nation.net/login,https://edu-nation.net/login
edulia.it,none,,,https://edulia.it/login,https://edulia.it/
efg.gg,none,,,https://efg.gg/login,https://eslfaceitgroup.com/
einblick.ai,none,,,https://einblick.ai/login,https://einblick.ai/login
ekumenlabs.com,none,,,https://ekumenlabs.com/login,https://ekumenlabs.com/login
eleos.health,none,,,https://eleos.health/login,https://eleos.health/wp-login.php
ello.co,none,,,https://nogamscasino.co/author/mcqueens/,https://nogamscasino.co/author/mcqueens/
embodiaapp.com,none,,,https://embodiaapp.com/login,https://embodiaapp.com/login
emnify.com,none,,,https://portal.emnify.com/sign,https://portal.emnify.com/sign
empirehempco.com,none,,,https://empirehempco.com/login,https://www.empirehempco.com/login
emtech.com,none,,,https://app.emtech.com,https://auth.emtech.com/realms/FSP/protocol/openid-connect/auth?client_id=react-auth&redirect_uri=https%3A%2F%2Fapp.emtech.com%2F%3FconfigHash%3D63fde4fa&response_type=code&scope=openid+profile&state=df0d30541cc641d193d1bce24956d069&code_challenge=06hV8bkOS70vPe-EORulN8uD2dUQR8jkYF5dR1olzmw&code_challenge_method=S256&response_mode=query
endeavor.org,none,,,https://endeavor.org/login,https://endeavor.org/wp-login.php
endpointsnews.com,none,,,https://endpointsnews.com/login,https://endpointsnews.com/login
energyshift.eu,none,,,https://energyshift.eu/login,https://energyshift.eu/login
enhencer.com,none,,,https://enhencer.com/login,https://enhencer.com/login
enlaps.io,none,,,https://enlaps.io/login,https://enlaps.io/login
entendre.finance,none,,,https://entendre.finance/login,https://entendre.ai/login/
epigamia.com,none,,,https://epigamia.com/login,https://epigamiastore.com/login
equidateinc.com,none,,,https://equidateinc.com/login,https://equidateinc.com/login
equitysim.com,none,,,https://equitysim.com/login,https://equitysim.com/login
escribers.net,none,,,https://gateway.escribers.net/newportal/user/login,https://gateway.escribers.net/newportal/user/login
estably.com,none,,,https://secure.estably.com/login,https://secure.estably.com/login
etf.com,none,,,https://etf.com/login,https://www.etf.com/login
eved.com,none,,,https://web.eved.com/#/login,https://web.eved.com/#/login
eventornado.com,none,,,https://eventornado.com/login,https://eventornado.com/login
evercommerce.com,none,,,https://evercommerce.com/login,https://www.evercommerce.com/wp-login.php
everlane.com,none,,,https://everlane.com/login,https://www.everlane.com/login
evervault.com,none,,,https://app.evervault.com/login,https://auth.evervault.com/u/login/identifier?state=hKFo2SA3ZTVqZS1MWWJrMnBBZHJwT2N1cXRMVTVIT2ttM3dGSaFur3VuaXZlcnNhbC1sb2dpbqN0aWTZIGtzdHFnV2djWnJ0azNqdGhpbmw3YXJ5M3pxb0N5TWpYo2NpZNkgNmRlbm5VY1p1YjFCTm82QUdmQnh1eFVhcWIxeHFIakw
evezy.co.uk,none,,ERR:dns,,
evivenutrition.com,none,,,https://evivenutrition.com/login,https://evivenutrition.com/login
evvy.com,none,,,https://my.evvy.com/login/,https://my.evvy.com/login/
execthread.com,none,,,https://execthread.com/login,https://execthread.com/login
exoticca.com,none,,,https://exoticca.com/login,https://www.exoticca.com/us/404
expertvoice.com,none,,,https://expertvoice.com/login,https://expertvoice.com/login
extensis.com,none,,,https://buy.extensis.com/,https://auth.extensis.com/oauth2/austknddvooXjPkVO5d6/v1/authorize?response_type=code&client_id=0oandlo9h8ioGl3g65d7&state=N0JMTWZiUHhKSHVhZjItN1oyeFZYNXk0OG9FRWlVZENGZUV-RmZlfmpMUUc4&redirect_uri=https%3A%2F%2Fbuy.monotype.com%2Fcontinue&scope=openid%20profile%20email%20address%20offline_access&code_challenge=fjgVQvtDO8yYnv4rWtVA2kY4csPgdgqUzCByIP76L_Y&code_challenge_method=S256&nonce=N0JMTWZiUHhKSHVhZjItN1oyeFZYNXk0OG9FRWlVZENGZUV-RmZlfmpMUUc4
ezyhaul.com,none,,, https://carrier.digihaul.com/login,https://carrier.digihaul.com/login
fablelabs.com,none,,,https://www.cloudflare.com/login?utm_source=error_100x,https://dash.cloudflare.com/login?utm_source=error_100x
factorialhr.com,none,,,https://factorialhr.com/login,https://factorialhr.com/login
fadada.com,none,,,https://fadada.com/login,https://www.fadada.com/login
fairygodboss.com,none,,,https://fairygodboss.com/login,https://fairygodboss.com/login
fanbants.com,none,,,,
fanplayr.com,none,,,https://portal.fanplayr.com/#/site/login/,https://portal.fanplayr.com/#/site/login/
farmable.tech,none,,,https://my.farmable.tech/,https://my.farmable.tech/login
farmy.ch,none,,,https://farmy.ch/login,https://farmy.ch/login
fattmerchant.com,none,,,https://fattmerchant.com/login,https://staxpayments.com/login
feast-it.com,none,,,https://togather.com/login,https://togather.com/login
fedml.ai,none,,,https://fedml.ai/login,https://fedml.ai/login
felux.com,none,,,https://felux.com/login,https://www.felux.com/login
fibr.ai,none,,,https://fibr.ai/login,https://fibr.ai/login
fieldcomplete.com,none,,,https://login.mrtask.com,https://login.mrtask.com/
figure.com,none,,,https://www.figure.com/account/heloc/register/,https://www.figure.com/account/heloc/register
filestage.io,none,,,https://filestage.io/login,https://filestage.io/login
finaloffer.com,none,,,https://finaloffer.com/login,https://www.finaloffer.com/login
finbeeverslui.lt,none,,,https://finbeeverslui.lt/login,https://www.finbee.lt/paskolos-verslui/
fine-tuner.ai,none,,,https://fine-tuner.ai/login,https://fine-tuner.ai/login
finhaven.com,none,,,https://finhaven.com/login,https://www.finhaven.com/wp-login.php
finmark.com,none,,,https://finmark.com/login,https://www.bill.com/
finom.co,none,,,https://app.finom.co/en/signup/?fnm_product=business,https://app.finom.co/en/signup/?fnm_product=business
fintechstudios.com,none,,,https://studio.fintechstudios.com/api/login?returnTo=%2Fapp,https://auth.fintechstudios.com/u/login?state=hKFo2SBHaS01bFotNG5tbHVGM0VvRXBXckNWNEYzdExtYVdvMKFur3VuaXZlcnNhbC1sb2dpbqN0aWTZIGsza281UkFzblR0b2NTc2VwV2NISVdqdmtXb2VHb3dvo2NpZNkgYTZXeUE1YXpqR2VvdUFoN1F3cGNJR25zb2lVV0p6bFI
fireandflower.com,none,,,https://fireandflower.com/login,https://fireandflower.com/login
firstleaf.com,none,,,https://firstleaf.com/login,https://firstleaf.com/login
fitbod.me,none,,,https://app.fitbod.me/login/,https://app.fitbod.me/login
fiveonefour.com,none,,,https://fiveonefour.boreal.cloud/sign-in,https://fiveonefour.boreal.cloud/sign-in
fjdynamics.com,none,,,https://dms.fjdac.com/login?redirect=/dashboard,https://dms.fjdac.com/login?redirect=/dashboard
flashtract.com,none,,,https://app.flashtract.com/auth/login,https://app.flashtract.com/auth/login
fleep.io,microsoft,yes,btn:SIGN IN WITH MICROSOFT,https://fleep.io/login,https://fleep.io/login
flexidao.com,none,,,https://cfesuite.flexidao.com/,https://flexidao.eu.auth0.com/u/login/identifier?state=hKFo2SBWcEQtbHhROElTMER3UFEtUFlHQ3dOZ2wtY2xyZnI2MaFur3VuaXZlcnNhbC1sb2dpbqN0aWTZIDVhbFZDcUpSSE13TTBEWjQ0LVpuYVMzbjlPRVVQZXRXo2NpZNkgMTc0OXBDNzVoWkJ5UkVsU216blVaWHQxMFdvbUVoMm8
flightaware.com,none,,,https://login.flightaware.com?redirect_uri=https://www.flightaware.com/,https://login.flightaware.com/signin?redirect_uri=https://www.flightaware.com/
flir.com,none,,,https://flir.com/login,https://www.flir.com/login/
floranow.com,none,,,https://floranow.com/login,http://www.floranow.com/login/
flowerbx.com,none,,,https://www.flowerbx.com/customer/account/index/,https://www.flowerbx.com/customer/account/login/referer/aHR0cHM6Ly93d3cuZmxvd2VyYnguY29tL2N1c3RvbWVyL2FjY291bnQvaW5kZXgv/
fluentbe.com,none,,,https://space.fluentbe.com/pl/login,https://space.fluentbe.com/pl/login
fluz.app,none,,,https://fluz.app/login,https://go.fluzapp.com/?isUnified=true&referrer=https%3A%2F%2Ffluz.app%2Flogin%3FredirectTo%3Dhttps%253A%252F%252Ffluz.app%252F
flyfrontier.com,none,,,https://flyfrontier.com/login,https://www.flyfrontier.com/login
flytographer.com,none,,,https://app.flytographer.com/login/,https://app.flytographer.com/login/
folio.works,none,,,https://app.folioworks.com/login,https://app.folioworks.com/login
fongogo.com,none,,,https://fongogo.com/login,https://fongogo.com/login
foodsteps.earth,microsoft,,btn:Log in with Microsoft,https://platform.foodsteps.earth/login?next=/,https://platform.foodsteps.earth/login?next=/
forbesbusinesscouncil.com,none,,,https://forbesbusinesscouncil.com/login,https://forbesbusinesscouncil.com/login
fordecloud.com,none,,ERR:dns,,
formaloo.com,none,,,https://admin.formaloo.com/w,https://admin.formaloo.com/w
fortifi.io,none,,,https://fortifi.io/login,https://fortifi.io/login
foundersuite.com,none,,,https://foundersuite.com/login,https://foundersuite.com/login
foxhire.com,none,,,https://foxhire.com/login,https://www.foxhire.com/login
framen.com,none,,,https://framen.com/login,https://www.framen.com/login
frec.com,none,,,https://frec.com/login,https://frec.com/login
freeplay.ai,none,,,https://freeplay.ai/login,https://freeplay.ai/login
fresha.com,none,,,https://fresha.com/login,https://www.fresha.com/login
freshvictor.com,none,,,https://freshvictor.com/login,https://shop.freshvictor.com/login
fromourplace.com,none,,,https://fromourplace.com/login,https://fromourplace.com/login
fuel.me,none,,,https://portal.fuel.me/login,https://portal.fuel.me/login
fullstory.com,none,,,,
fundingoptions.com,none,,,https://fundingoptions.com/login,https://www.fundingoptions.com/login
funnelstory.ai,none,,,https://funnelstory.ai/login,https://funnelstory.ai/login
futurepet.care,none,,ERR:dns,,
g2esports.com,none,,,https://g2esports.com/login,https://g2esports.com/login
gain.com.tr,none,,,https://gain.com.tr/login,https://www.gain.tv/login
gam3s.gg,none,,,https://gam3s.gg/login,https://games.gg/login
gamerefinery.com,none,,,https://gamerefinery.com/login,https://www.gamerefinery.com/wp-login.php
gan.studio,none,,,https://gan.studio/login,https://studio.gan.ai/login
garrettmotion.com,none,,,https://garrettmotion.com/login,https://garrettmotion.com/login
gavelytics.com,none,,,,
gecbklyn.org,none,,,https://gecbklyn.org/login,https://www.gecbklyn.org/index.php
gencove.com,none,,,https://consumer.gencove.com/user/login/,https://consumer.gencove.com/user/login/
genieai.co,microsoft,,btn:Microsoft,https://app.genieai.co/login,https://app.genieai.co/login
genopalate.com,none,,,https://genopalate.com/login,https://www.genopalate.com/login
georginagoodman.com,none,,,https://georginagoodman.com/login,https://georginagoodman.com/login
getairspeed.com,none,,,https://getairspeed.com/login,https://getairspeed.github.io/airspeed-farewell/
getbenepass.com,none,,,https://getbenepass.com/login,https://getbenepass.com/login
getbud.co,none,,,https://getbud.co/login,https://getbud.co/pt-BR/login
getchange.io,none,,,https://api.getchange.io/sign_up?nonprofit&_gl=1*1mi8l3i*_ga*MTkyNjkyNjIzNS4xNzE1ODc5NjU2*_ga_RRP82SF4WP*MTcxNjcyNDY0My4xNS4wLjE3MTY3MjQ2NDMuMC4wLjA.,https://api.getchange.io/sign_up?nonprofit&_gl=1*1mi8l3i*_ga*MTkyNjkyNjIzNS4xNzE1ODc5NjU2*_ga_RRP82SF4WP*MTcxNjcyNDY0My4xNS4wLjE3MTY3MjQ2NDMuMC4wLjA.
getcurricula.com,none,,,https://hub.huntress.com/#/page/login,https://hub.huntress.com/#/page/login
getflywheel.com,none,,,https://app.getflywheel.com,https://app.getflywheel.com/login
gethank.com,none,,,https://gethank.com/login,https://login.gethank.com/u/login?state=hKFo2SBoRUx4RW5VazhkUm9raHZ1Qm56X3NzY1R0d1VXUjdiaaFur3VuaXZlcnNhbC1sb2dpbqN0aWTZIHdodHFMbFM0dzRScjZtdjdfMWpMSEJoNktFYzlNZEcyo2NpZNkgeTlOMHR6VWsxcDdZRVc5ZkQxczFqSmtpNHI1a0pEZTY
getincome.com,none,,,https://getincome.com/login,https://getincome.com/login
getloki.com,none,,,https://www.cloudflare.com/login?utm_source=error_100x,https://dash.cloudflare.com/login?utm_source=error_100x
getmeez.com,none,,,https://app.getmeez.com/,https://app.getmeez.com/login
getniche.com,none,,,https://getniche.com/login,https://getniche.com/login/
getpayper.com,none,,,https://getpayper.com/login,https://getpayper.com/login
getpocket.com,none,,,https://getpocket.com/login,https://getpocket.com/home
getrad.co,none,,,https://getrad.co/login,https://radicalmotion.com/
getrodeo.io,none,,,https://getrodeo.io/login,https://getrodeo.io/
getsocialcrowd.com,none,,,https://getsocialcrowd.com/login,https://getsocialcrowd.com/login
getstark.co,generic_sso,,txt:SSO,https://app.getstark.co/sign-in,https://app.getstark.co/sign-in
getthera.com,none,,,https://app.getthera.com/sign-in,https://app.getthera.com/sign-in
getunomi.com,microsoft,,btn:Continue with Microsoft,https://getunomi.com/account/,https://getunomi.com/login/?redirect=https://getunomi.com/account/
gfycat.com,none,,ERR:dns,,
giftbit.com,none,,,https://app.giftbit.com/login/auth,https://auth.giftbit.com/f7f47cfc-63c8-4b3c-9818-e949cc1824a1/oauth2/v2.0/authorize?p=b2c_1a_userjourneys_signin_v8_production&client_id=d463b74e-3d03-4b67-b86c-42577942098f&nonce=defaultNonce&redirect_uri=https://app.giftbit.com/login/oauth2/code&scope=openid&response_type=code&prompt=login&state=e0c7bec658be228e161f6cf5dec7aae9aae2dcf0d9b19866769fb660bf8ed61a&option=signin&oauthClientName=&hc=8d693fab5aea47ca0c2eff54415f550c&dn=production
gigimot.com,none,,ERR:dns,,
givebacks.com,none,,,https://npo.givebacks.com/welcome,https://npo.givebacks.com/welcome
givsum.com,none,,,https://givsum.com/login,https://www.givsum.com/login
glamsquad.com,none,,,https://glamsquad.com/login,https://glamsquad.com/login
glimpsecorp.com,none,,,https://glimpsecorp.com/login,https://www.glimpsecorp.com/login/
globalpredictions.com,none,,,http://portfoliopilot.com/login,http://portfoliopilot.com/login
glossgenius.com,none,,,https://app.glossgenius.com/?_gl=1*iyazql*_ga*MzA1MTUxMDc4LjE3MTcyNjc3ODI.*_ga_WW872X2QWJ*MTcxNzQzMzczMi40My4wLjE3MTc0MzM3MzIuNjAuMC4w,https://app.glossgenius.com/login?redirectto=%2Fcalendar%3F_gl%3D1*iyazql*_ga*MzA1MTUxMDc4LjE3MTcyNjc3ODI.*_ga_WW872X2QWJ*MTcxNzQzMzczMi40My4wLjE3MTc0MzM3MzIuNjAuMC4w
glukosenergy.com,none,,,https://glukosenergy.com/login,https://www.glukosenergy.com/password
goatofficial.com,none,,,https://goatofficial.com/login,https://goatfuel.com/login
gocharlie.ai,none,,ERR:dns,,
gofor.io,none,,,https://gofor.io/login,https://gofor.io/login
gohenry.co.uk,none,,,https://app.gohenry.com/uk/login?site_version=variant_1,https://app.gohenry.com/uk/auth/login?site_version=variant_1
golee.it,none,,,https://auth.golee.it/signup,https://auth.golee.it/signup
goodbuygear.com,none,,,https://goodbuygear.com/login,https://goodbuygear.com/collections/shop-all
goodeggs.com,none,,,https://goodeggs.com/login,https://www.goodeggs.com/login
goodnatured.ca,none,,,https://goodnatured.ca/login,https://goodnaturedproducts.com/
goodtime.io,none,,,https://goodtime.io/login,https://goodtime.io/login/
goopti.com,none,,,https://www.goopti.com/en/sign_in,https://www.goopti.com/en/sign_in
gopeer.org,none,,,https://gopeer.org/login,https://il-sessions.imaginelearning.com/auth
goreact.com,none,,,https://app.goreact.com/dashboard/auth/login,https://app.goreact.com/dashboard/auth/login
goshippo.com,none,,,https://apps.goshippo.com/login,https://apps.goshippo.com/login
gotcourts.com,none,,,https://apps.gotcourts.com/,https://apps.gotcourts.com/de/
gowabi.com,none,,,https://gowabi.com/login,https://www.gowabi.com/en
grabrfi.com,none,,,https://app.grabrfi.com/login?ad-personalization=pending&itm_source=landing&referrer=https%3A%2F%2Fwww.grabrfi.com%2Fen%2F,https://app.grabrfi.com/login?ad-personalization=pending&itm_source=landing&referrer=https%3A%2F%2Fwww.grabrfi.com%2Fen%2F
grafbase.com,none,,,https://app.grafbase.com/_auth/authenticate?signInType=sign-in&redirectUrl=https%3A%2F%2Fapp.grafbase.com,https://trim-curtain-68.authkit.app/?client_id=client_01HGTJ0BJY89TZMMYRV3CQT16Y&redirect_uri=https%3A%2F%2Fapp.grafbase.com%2F_auth%2Fcallback&state=eyJyZWRpcmVjdFVybCI6Imh0dHBzOi8vYXBwLmdyYWZiYXNlLmNvbSJ9&authorization_session_id=01KVFBWW1RCKQCRNJ91103EH0V
graudata.com,none,,,https://www.graudata.com/login/,https://www.graudata.com/login/
greatschools.org,none,,,https://greatschools.org/login,https://www.greatschools.org/login
greenrush.com,none,,ERR:dns,,
gridspace.com,none,,,https://gridspace.com/login,https://goguava.ai/login
groundfloor.us,none,,,https://groundfloor.us/login,https://groundfloor.com/login
growmyharvest.com,none,,,https://app.acorns.com/,https://oak.acorns.com/sign-in
gruposalinas.com,none,,,https://gruposalinas.com/login,https://gruposalinas.com/login
guesthouseshop.com,none,,,https://app.guesthouseshop.com/,https://app.guesthouseshop.com/
guidestar.org,none,,,https://guidestar.org/login,https://www.guidestar.org/Account/Login
gupshup.io,none,,,https://apps.gupshup.io/whatsapp/dashboard,https://apps.gupshup.io/whatsapp/dashboard
gympluscoffee.com,none,,,https://gympluscoffee.com/login,https://gympluscoffee.com/login
hackerone.com,none,,,https://hackerone.com/users/sign_in,https://hackerone.com/users/sign_in
hal.xyz,none,,ERR:dns,,
haloinvesting.com,none,,,https://notes.haloinvesting.com/logon,https://notes.haloinvesting.com/react/app/onboarding/login
handspringhealth.com,none,,,https://app.handspringhealth.com/login,https://app.handspringhealth.com/login
happiestbaby.com,none,,,https://happiestbaby.com/login,https://www.happiestbaby.com/login
harperdb.io,none,,,https://fabric.harper.fast/#/sign-in,https://fabric.harper.fast/#/sign-in
haruinvest.com,none,,,https://haruinvest.com/login,https://haruinvest.com/login
hatchfi.co,none,,ERR:dns,,
haystraws.com,none,,,https://haystraws.com/login,https://haystraws.com/login
headset.io,none,,,https://insights.headset.io/app/public/login,https://insights.headset.io/app/public/login
healthycow.ca,none,,,https://healthycow.ca/login,https://healthycow.ca/login
hefringmarine.com,microsoft,yes,btn:Continue with Microsoft,https://console.hefringmarine.com,https://console.hefringmarine.com/signin
hello-neighbour.com,none,,,https://hello-neighbour.com/login,https://hello-neighbour.com/.well-known/sgcaptcha/?r=%2Flogin&y=ipc:146.148.42.91:1781853834.520
hellocarbo.com,none,,,https://pro.hellocarbo.com/users/sign_in,https://pro.hellocarbo.com/users/sign_in
hellojuniper.com,none,,,https://hellojuniper.com/login,http://partners.junipercreates.com/login
helloprenup.com,none,,,https://helloprenup.com/login,https://helloprenup.com/login
hellotushy.com,none,,,https://hellotushy.com/customer_authentication/redirect?locale=en&region_country=US,https://shopify.com/authentication/8812654/login?client_id=0fe4ff8b-7dc4-4688-9c60-13a10797d0ff&locale=en-US&redirect_uri=%2Fauthentication%2F8812654%2Foauth%2Fauthorize%3Fbuyer_flags%3DeyJhbGciOiJIUzI1NiJ9.eyJpc3MiOiJ0dXNoeW1lLm15c2hvcGlmeS5jb20iLCJmbGFncyI6W10sImV4cCI6MTc4MjQ1ODY4NywibmJmIjoxNzgxODUzODg3fQ.ZDVsG7BrYixjcjoPnZA0Vi-dHkJ609fhSKGuVIyROgE%26client_id%3D0fe4ff8b-7dc4-4688-9c60-13a10797d0ff%26locale%3Den-US%26nonce%3Db14defd7-02ec-4983-a24c-da8bba71f827%26redirect_uri%3Dhttps%253A%252F%252Fshopify.com%252F8812654%252Faccount%252Fcallback%26region_country%3DUS%26response_type%3Dcode%26scope%3Dopenid%2Bemail%2Bcustomer-account-api%253Afull%26state%3DhWNDVlk7hKO7Uvx9u2iz8zAH&region_country=US
hemlane.com,none,,,https://hemlane.com/login,https://www.hemlane.com/login/
herd.eco,none,,,https://herd.eco/login,https://herd.eco/login
hero-software.de,none,,,https://login.hero-software.de,https://login.hero-software.de/login
heydayskincare.com,none,,,https://heydayskincare.com/login,https://www.heydayskincare.com/account/login?return_url=%2Faccount
heynannyly.de,none,,,https://heynannyly.de/login,https://www.heycare.com/login
hiemile.com,none,,,https://app.subject.com/login,https://app.subject.com/login
highnoteplatform.com,none,,,https://dashboard.highnote.com/auth/signin,https://auth.highnoteplatform.com/u/login/identifier?state=hKFo2SBhZHp6VzlKY0VudFp1Z3J5V3VFcVBWX2ZEa1ZBczl6SqFur3VuaXZlcnNhbC1sb2dpbqN0aWTZIHY2VTFIM1N1eUFlOXk5WjZBM2V5NU9VQTRNdExhX0Y1o2NpZNkgSjM2Y2piZUI0OHkxUm1UaHF4ME9ydFRoY3pPcExKdU0
hihello.com,microsoft,,btn:Continue with Microsoft,https://hihello.com/app,https://hihello.com/auth/login?next=https%3A%2F%2Fhihello.com%2Fapp%2F2%2F
hilti.com,none,,,https://hilti.com/login,https://www.hilti.com/login
hipets.app,none,,,https://hipets.app/login,https://hipets.app/login
hireclub.com,none,,,https://hireclub.com/login,https://hireclub.com/login
hive.com,none,,,https://app.hive.com/signin,https://app.hive.com/signin
holded.com,none,,,https://app.holded.com/login?lang=en,https://app.holded.com/login?lang=en
homaio.com,none,,,https://app.homaio.com/portfolio,https://app.homaio.com/login?redirect=%2Fportfolio
homelyfe.com,none,,,https://homelyfe.com/login,https://homelyfe.com/login
homezada.com,microsoft,,btn:Sign in with Microsoft,https://secure.homezada.com/users/sign_in,https://secure.homezada.com/users/sign_in
honeymamas.com,none,,,https://honeymamas.com/login,https://honeymamas.com/login
hopin.to,none,,ERR:dns,,
horizon3.ai,microsoft,,btn:Sign in with Microsoft,https://portal.horizon3ai.com/,https://portal.horizon3ai.com/
hotelfriend.net,none,,,https://hotelfriend.net/login,https://hotelfriend.net/login
house.me,none,,,https://house.me/login,https://house.me/login
housfy.com,none,,,https://housfy.com/login,https://app.housfy.com/login/
hpe.com,none,,,https://hpe.com/login,https://www.hpe.com/login
hss.com,none,,,https://hss.com/login,https://www.hss.com/login
hubbox.io,none,,,https://hubbox.io/login,https://hubbox.io/login
huggingface.co,generic_sso,,txt:SSO,https://huggingface.co/login,https://huggingface.co/login
humaninterest.com,none,,,https://humaninterest.com/login,https://app.humaninterest.com/login
hunterz.io,none,,,https://hunterz.io/login,https://hunterz.io/lander
huviair.com,none,,,https://huviair.com/login,https://immanuelchurch-jaffa.com/
hydrogenplatform.com,none,,,https://hydrogenplatform.com/login,https://www.hydrogenplatform.com/login
hyper.online,none,,,https://hyper.online/login,https://hyper.online/login
i-skylabs.com,none,,,https://i-skylabs.com/login,https://i-skylabs.com/login
icasting.com,none,,,https://app.icasting.com/,https://app.icasting.com/
icomplain.eu,none,,ERR:dns,,
idc.com,none,,,https://www.idc.com/?idc_login=1,https://identity.idc.com/oauth/account/login?appId=1999c651-6ed4-4797-bd1b-6964bcf5e9da
idialogue.com,none,,,https://idialogue.com/login,https://idialogue.com/lander
ifeelonline.com,none,,,https://chat.ifeelonline.com/app,https://chat.ifeelonline.com/app
iintoo.com,none,,,https://login.iintoo.com/US/login,https://login.iintoo.com/US/login
ilife.tech,none,,,https://ilife.tech/login,https://www.infrasai.io/login
imgur.com,none,,,https://imgur.com/login,https://imgur.com/login
immigo.io,none,,,https://app.immigo.io,https://app.immigo.io/
impala.digital,none,,,https://app.impala.digital/login,https://login.impala.digital/login?state=hKFo2SBtZmQzVVg3bVJsUU45STRYb05CM0Z4UUFzZ2lzSkdTaKFupWxvZ2luo3RpZNkgZzhmMnltaDY2Sk5kY0c5aFpadWZQZWgyanpYNmF4VEmjY2lk2SB6MW5VRFpFejRKeVZna2YxU2owQThqOWtScXJwV3lNeg&client=z1nUDZEz4JyVgkf1Sj0A8j9kRqrpWyMz&protocol=oauth2&audience=https%3A%2F%2Fapp.impala.digital%2F&redirect_uri=https%3A%2F%2Fapp.impala.digital%2Fapp&fragment=initialPage%3D%252Flogin&scope=openid%20profile%20email&response_type=code&response_mode=query&nonce=am5YZXRfUHdEdVdwZXZNR3ZjZHZJaWJVQn5mWTJ6ZGs2WU1rbWt4M01udQ%3D%3D&code_challenge=A6WxDZPApasJ6aXr6-HQIcQvk8CjWtkCghpFiaojhFQ&code_challenge_method=S256&auth0Client=eyJuYW1lIjoiYXV0aDAtcmVhY3QiLCJ2ZXJzaW9uIjoiMS4xMi4xIn0%3D#initialPage=%2Flogin
imverse.ch,none,,,https://imverse.ch/login,https://www.imverse.ch/login
inclusively.com,none,,,https://auth.inclusively.com/u/login/,https://app.inclusively.com/home?iss=https%3A%2F%2Fauth.inclusively.com%2F
indiamart.com,none,,,https://indiamart.com/login,https://indiamart.com/login
indy-guide.com,none,,,,
infiniscene.com,none,,ERR:dns,,
gigwage.com,none,,,https://gigwage.com/login,https://gigwage.com/login
globalcomix.com,none,,,https://globalcomix.com/login,https://globalcomix.com/login
gmail.com,none,,,https://accounts.google.com/TOS?loc=US&hl=en-US,https://policies.google.com/terms?gl=US&hl=en-US
goget.my,none,,,https://goget.my/login,https://goget.my/login
gooddaychocolate.com,none,,,https://gooddaychocolate.com/login,https://gooddaychocolate.com/login
goodybag.com,none,,,https://goodybag.com/login,https://www.afternic.com/forsale/goodybag.com?utm_source=TDFS_DASLNC&utm_medium=parkedpages&utm_campaign=x_corp_tdfs-daslnc_base&traffic_type=TDFS_DASLNC&traffic_id=daslnc&
gorillawear.com,none,,,https://gorillawear.com/login,https://gorillawear.com/login
gowago.ch,none,,,https://gowago.ch/login,https://gowago.ch/de/login
graffitigames.com,none,,,https://graffitigames.com/login,https://www.graffitigames.com/wp-login.php
greatwrap.co,none,,,https://greatwrap.co/login,https://www.greatwrap.co/login
gridstatus.io,none,,,https://gridstatus.io/login,https://www.gridstatus.io/login
growthcollective.com,none,,,https://growthcollective.com/login,https://www.toptal.com/users/login?utm_source=growthcollective.com
guesty.com,none,,,https://app.guesty.com/auth/login/,https://app.guesty.com/auth/login/
guru.com,none,,,https://guru.com/login,https://www.guru.com/login
hacknotice.com,none,,,https://hacknotice.com/login,https://hacknotice.com/login
halp.co,none,,,https://halp.co/login,https://www.halp.co/login/
harbiz.io,none,,,https://app.harbiz.io/login?_gl=1*jmx22k*_gcl_au*MTEyMzUzNjU2Ni4xNzY3MDEwNjQ0,https://app.harbiz.io/login?_gl=1*jmx22k*_gcl_au*MTEyMzUzNjU2Ni4xNzY3MDEwNjQ0
harvesthosts.com,none,,,https://harvesthosts.com/login,https://www.harvesthosts.com/login
hazu.io,none,,,https://hazu.io/login,https://hazu.io/login
heapanalytics.com,generic_sso,,txt:SSO,https://heapanalytics.com/app,https://heapanalytics.com/login?redirect=%2Fapp
helloalfred.com,none,,,https://helloalfred.com/login,https://helloalfred.com/cms/wp-login.php
helloklarity.com,none,,,https://helloklarity.com/login,https://www.helloklarity.com/login
hellowynd.com,none,,,https://hellowynd.com/account,https://hellowynd.com/account/login?return_url=%2Faccount
herddogg.com,none,,,https://app.herddogg.com/login,https://app.herddogg.com/login
heygen.com,generic_sso,,txt:Use SSO,https://auth.heygen.com,https://auth.heygen.com/
highbeam.co,none,,,https://app.highbeam.co/,https://auth.highbeam.co/u/login?state=hKFo2SBaMGNPVy0xbjlRV040YmxZR3BTNVJMX2JEZk5vVDlMdqFur3VuaXZlcnNhbC1sb2dpbqN0aWTZIGxtbVNUN2JMTVZ3aTlKNVJsRHdkcnZPeXdRTEJSTVVCo2NpZNkgVkN4ZVAzdHZNWEpTclAzQ25Kd0lXUndFMnNmVmlPcmo
higlobe.com,none,,,https://higlobe.com/webapp/en/login,https://higlobe.com/webapp/en/login
himorty.com,none,,,https://himorty.com/login,https://www.morty.com/login
hireborderless.com,generic_sso,,txt:Single Sign On,https://app.hireborderless.com/login,https://app.hireborderless.com/login
hivelocity.net,none,,,https://my.hivelocity.net/login,https://my.hivelocity.net/auth/login
homage.com,none,,,https://homage.com/login,https://www.homage.com/login
giveinkind.com,none,,,https://giveinkind.com/login,https://www.giveinkind.com/login
globalm.media,none,,,https://app.globalm.media/login,https://app.globalm.media/login
goalzero.com,none,,,https://goalzero.com/login,https://goalzero.com/login
goheadroom.com,none,,,https://goheadroom.com/signin,https://goheadroom.com/signin
goodeeworld.com,none,,,https://goodeeworld.com/login,https://www.goodeeworld.com/login
googlemail.com,none,,,https://accounts.google.com/TOS?loc=US&hl=en-US,https://policies.google.com/terms?gl=US&hl=en-US
goshare.co,none,,,https://goshare.co/login,https://goshare.co/trucks/login
goworkabit.com,none,,,https://my.goworkabit.com/signup?lang=et,https://my.goworkabit.com/signup?lang=et
graphite.com,none,,,https://app.graphite.com/signup,https://app.graphite.com/signup
greengo.voyage,none,,,https://greengo.voyage/signin,https://www.greengo.voyage/signin
grindbasketball.com,none,,,https://grindbasketball.com/login,https://www.grindbasketball.com/login
grumblo.com,none,,,https://grumblo.com/login,https://grumblo.com/login
guide.co,none,,,https://app3.guide.co/login,https://app3.guide.co/login
gwaautoparts.com,none,,,https://gwaautoparts.com/login,https://www.gwaautoparts.com/login
haiku.ai,none,,,https://haiku.ai/login,https://www.haiku.ai/login
handhold.io,none,,,https://handhold.io/login,https://handhold.io/login
harbourair.com,none,,,https://bookings.blueskybooking.com/Login.aspx?Company_ID=4,https://bookings.blueskybooking.com/Login.aspx?Company_ID=4
hashnode.com,none,,,https://hashnode.com/login,https://hashnode.com/login
gladeo.org,none,,,https://gladeo.org/login,https://www.gladeo.org/login
globalwonks.com,none,,,https://globalwonks.com/login,https://globalwonks.com/login
gobugfree.com,microsoft,,btn:Microsoft,https://gobugfree.com/login,https://id.gobugfree.com/realms/gobugfree/protocol/openid-connect/auth?scope=profile+email+openid&response_type=code&client_id=prod-platform&redirect_uri=https%3A%2F%2Fgobugfree.com%2Fcallback&state=6796c897-1456-48c3-b2c1-dc1834c96110
goldbaum.io,none,,,https://ooa.uk.net/author/james-tippett/,https://ooa.uk.net/author/james-tippett/
goodgoodbrand.com,none,,,https://goodgoodbrand.com/login,https://goodgoodbrand.com/login
gooten.com,none,,,https://gooten.com/login,https://www.gooten.com/login/
gosteward.com,none,,,https://gosteward.com/login,https://gosteward.com/login
gptzero.me,none,,,https://gptzero.getrewardful.com/signup,https://gptzero.getrewardful.com/signup
gratapro.com,none,,,https://gratapro.com/login,https://gratapro.com/login
greenroom.app,none,,,https://greenroom.app/login,https://greenroom.app/login
gronda.eu,none,,,https://gronda.com/login,https://gronda.com/login
gruntstyle.com,none,,,https://www.gruntstyle.com/customer_authentication/redirect?locale=en&region_country=US,https://account.gruntstyle.com/?buyer_flags=eyJhbGciOiJIUzI1NiJ9.eyJpc3MiOiJncnVudHN0eWxlLm15c2hvcGlmeS5jb20iLCJmbGFncyI6W10sImV4cCI6MTc4MjQ4NzA5NSwibmJmIjoxNzgxODgyMjk1fQ.pvhFp2KGrliXg-jDnHS-4L3JjcmJ5QAUQuLTXuc-UQI&locale=en&region_country=US
guidesly.com,none,,,https://guidesly.com/login,https://guidesly.com/login
gympass.com,none,,,https://gympass.com/us/people/sign-in?ajs_aid=e2d7dea3-1051-44e8-8996-0ed9ab28799d&__eventn_id=e2d7dea3-1051-44e8-8996-0ed9ab28799d,https://welcome.gympass.com/?ajs_aid=e2d7dea3-1051-44e8-8996-0ed9ab28799d&__eventn_id=e2d7dea3-1051-44e8-8996-0ed9ab28799d
hairtelligence.com,none,,,https://hairtelligence.com/login,https://hairtelligence.com/login
handsin.co.uk,none,,,https://auth.handsin.com/register,https://auth.handsin.com/register
harnesswealth.com,none,,,https://harnesswealth.com/login,https://www.harness.co/wp-login.php
hatcher.com,none,,,https://hatcher.com/login,https://hq.hatcher.com/login
headrace.com,none,,,https://headrace.com/login,https://headrace.com/login
heex.io,none,,,https://heex.io/login,https://heex.io/login
hellocake.com,none,,,https://app.impact.com/campaign-promo-signup/Cake.brand?execution=e1s1,https://app.impact.com/campaign-promo-signup/Cake.brand?execution=e1s1#/?viewkey=signUpPreStart
hellopolygon.com,none,,,https://hellopolygon.com/login,https://hellopolygon.com/login
helport.net,none,,,https://helport.net/login,https://www.helport.ai/home
hermes-europe.co.uk,none,,,https://hermes-europe.co.uk/login,https://hermes-europe.co.uk/login
heymarvin.com,microsoft,,btn:Microsoft,https://app.heymarvin.com/,https://app.heymarvin.com/accounts/login/
highnote.fm,none,,,https://highnote.fm/login,https://www.highnote.fm/login
hiive.com,none,,,https://app.hiive.com/login,https://auth.hiive.com/u/login?state=hKFo2SByaEZiWVhiY29jWHlrZ3A5ZmJPMEV0MF9jaEFjR2oySKFur3VuaXZlcnNhbC1sb2dpbqN0aWTZIDJhSzFhQzVGRU5Vc2RVYXMxVGVFOEllWXB2VDNyZzRqo2NpZNkgT1ZjUE5yeWZvaWpHeDZta3UwYkRYVzBmNkI4TDFuclQ
hipcamp.com,none,,,https://hipcamp.com/login,https://www.hipcamp.com/login
hiringthing.com,none,,,https://hiringthing.com/login,https://hiringthing.com/login?ki-cf-botcl=1
hodlbot.io,none,,,https://hodlbot.io/login,https://hodlbot.io/
homedoctor.pl,none,,,https://homedoctor.pl/login,https://homedoctor.pl/login
homewagon.com,none,,,https://homewagon.com/login,https://homewagon.com/login
hootsuite.com,generic_sso,,txt:Single sign on,https://hootsuite.com/login,https://hootsuite.com/signin?redirect=%2Fauth%2Fauthorize%3Fclient_id%3DL7xyc64mrnDagD0czSfb%26nonce%3Da32e61a1a11ed6a80389bda2d20903ee2cbd8f4644ea42ea1e5407c722a34aa5%26redirect_uri%3Dhttps%253A%252F%252Fhootsuite.com%252Flogin%26response_type%3Dcode%26scope%3Dopenid%26state%3D89347bb23a645278522a8cfd5dd8001ca6b244aa6898972d5af26a6dbaf33f55&nonce=a32e61a1a11ed6a80389bda2d20903ee2cbd8f4644ea42ea1e5407c722a34aa5&oauth2Authorize=0
horizm.com,none,,,https://horizm.com/login,https://horizm.com/.well-known/sgcaptcha/?r=%2Flogin&y=ipc:136.113.40.206:1781882621.267
hotelrunner.com,none,,,https://app.hotelrunner.com,https://app.hotelrunner.com/login
glean.com,none,,,https://app.glean.com/login?redirect=%2F,https://app.glean.com/login?redirect=%2F
gloworld.com,none,,,https://gloworld.com/signin,https://gloworld.com/signin
gocopia.com,none,,,https://gocopia.com/login,https://gocopia.com/login
gonnaorder.com,none,,,https://admin.gonnaorder.com/,https://admin.gonnaorder.com/login
goodrays.com,none,,,https://account.goodrays.com/profile,https://account.goodrays.com/profile
goproperly.com,none,,,https://goproperly.com/login,https://www.pine.ca/homes/login
goviceversa.com,none,,,http://portal.goviceversa.com/viceversa/login,https://portal.goviceversa.com/viceversa/login
gradientai.com,none,,,https://login.gradientai.com/landing,https://login.gradientai.com/landing
greatexpectations.io,none,,,,
grid.is,microsoft,,btn:Microsoft,https://grid.is/login,https://grid.is/login
groupon.com,none,,,https://groupon.com/login,https://www.groupon.com/login
gsmchile.cl,none,,,https://gsmchile.cl/login,https://gsmchile.cl/login
gumloop.com,none,,,https://gumloop.com/login,https://www.gumloop.com/login
haapliving.com,none,,ERR:dns,,
hallo.tv,none,,,https://hallo.tv/login,https://hallo.tv/login
hapimag.com,none,,,https://hapimag.com/login,https://welcome.hapimag.com/auth/realms/hapimag-customer-experience/protocol/openid-connect/auth?client_id=hapimag-spa&redirect_uri=https%3A%2F%2Fwww.hapimag.com%2Fen-gb%2F&state=3ecb3cb2-54f8-4401-89d3-c985f5c5bc39&response_mode=fragment&response_type=code&scope=openid&nonce=dda69a07-688e-4fae-bb2c-e01143efd879&code_challenge=Dc30HwEWapxm8w4-dU63J1KAp_9EooZ1sgvUtJe9jwU&code_challenge_method=S256&kc_locale=en
harringtonhousing.com,none,,,https://harringtonhousing.com/login,https://harringtonhousing.com/login
haveignition.com,none,,,https://haveignition.com/login,https://haveignition.com/login
healthgorilla.com,microsoft,,cfg:login.microsoftonline,https://healthgorilla.com/login,https://www.healthgorilla.com/login
heli-cap.com,none,,,https://investor.helicap.com/login,https://investor.helicap.com/login
hellohive.com,none,,,https://hellohive.com/login,https://hellohive.com/wp-login.php
helloteam.com,none,,,https://app.helloteam.com/,https://app.helloteam.com/auth/login
hengtiansoft.com,none,,,http://www.weicardpay.com/hairdress/login/product/detail,http://www.weicardpay.com/hairdress/login/product/detail
hervest.ng,none,,,https://app.hervest.ng/,https://app.hervest.ng/
heytrade.com,none,,,https://web.heytrade.com/,https://web.heytrade.com/login
hightouch.com,microsoft,,btn:Log in with Microsoft,https://app.hightouch.com/login,https://app.hightouch.com/login
hilma.co,none,,,https://shopify.com/8803876924/account/profile?locale=en&buyer_flags=eyJhbGciOiJIUzI1NiJ9.eyJpc3MiOiJoaWxtYWh1bWFuLm15c2hvcGlmeS5jb20iLCJmbGFncyI6W10sImV4cCI6MTc4MjQ4NDc0MCwibmJmIjoxNzgxODc5OTQwfQ.HYQhpuXT9pDrEZboDhueqQIGn0-dzsCKwn2407Av-yo&region_country=US,https://shopify.com/authentication/8803876924/login?client_id=dc0f6b91-831a-4d9b-b72b-8d7e247afcf0&locale=en-US&redirect_uri=%2Fauthentication%2F8803876924%2Foauth%2Fauthorize%3Fbuyer_flags%3DeyJhbGciOiJIUzI1NiJ9.eyJpc3MiOiJoaWxtYWh1bWFuLm15c2hvcGlmeS5jb20iLCJmbGFncyI6W10sImV4cCI6MTc4MjQ4NDc0MCwibmJmIjoxNzgxODc5OTQwfQ.HYQhpuXT9pDrEZboDhueqQIGn0-dzsCKwn2407Av-yo%26client_id%3Ddc0f6b91-831a-4d9b-b72b-8d7e247afcf0%26locale%3Den-US%26nonce%3D77a46cb6-bebc-40c3-b6d5-552aaa5cd9a7%26redirect_uri%3Dhttps%253A%252F%252Fshopify.com%252F8803876924%252Faccount%252Fcallback%26region_country%3DUS%26response_type%3Dcode%26scope%3Dopenid%2Bemail%2Bcustomer-account-api%253Afull%26state%3DhWNDWY9jNNAAlKnkkxsbtIwM&region_country=US
hipvan.com,none,,,https://hipvan.com/login,https://www.hipvan.com/
hit-pay.com,none,,,https://dashboard.hit-pay.com/login?session_id=019ee07b-1480-74cf-b0f6-c067535cc21d&distinct_id=019ee07b-1479-7b92-968e-342568caebfd&hutk=193cd2a882073c6746bf5a4924760362,https://dashboard.hit-pay.com/login?session_id=019ee07b-1480-74cf-b0f6-c067535cc21d&distinct_id=019ee07b-1479-7b92-968e-342568caebfd&hutk=193cd2a882073c6746bf5a4924760362
holidaycheck.cz,none,,,https://holidaycheck.cz/login,https://holidaycheck.cz/login
homelendingpal.com,none,,,https://homelendingpal.com/login,https://homelendingpal.com/.well-known/sgcaptcha/?r=%2Flogin&y=ipc:136.113.108.52:1781882646.772
glencoco.io,none,,,https://glencoco.io/login,https://www.glencoco.com/login
glueup.com,none,,,https://app.glueup.com/account/login,https://app.glueup.com/account/login
goflok.com,none,,,https://goflok.com/login,https://www.flok.com/login
goodbill.com,none,,,https://app.goodbill.com/users/sign_in,https://app.goodbill.com/users/sign_in
goodtalent.io,none,,,https://goodtalent.io/login,https://goodtalent.io/login
gordonbrothers.com,none,,,https://realestate.gordonbrothers.com/real-estate/login/,https://realestate.gordonbrothers.com/real-estate/login/
govx.com,none,,,https://govx.com/login,https://www.govx.com/login
graduateland.com,none,,,https://graduateland.com/login,https://www.jobteaser.com/login
greatsbrand.com,none,,,https://greatsbrand.com/login,https://www.greats.com/login
gridscale.io,none,,,https://gridscale.io/login,https://gridscale.io/wp-login.php
growmaple.com,none,,,https://app.growmaple.com/,https://app.growmaple.com/
guardsquare.com,generic_sso,,txt:SSO,https://customers.guardsquare.com/login?utm_referrer=https%3A%2F%2Fwww.guardsquare.com%2F,https://platform.guardsquare.com/login?utm_referrer=https%3A%2F%2Fwww.guardsquare.com%2F
gun.io,none,,,https://gun.io/login,https://gun.io/login
hackajob.com,none,,,https://hackajob.com/login,https://hackajob.com/talent/not-found
halohydration.com,none,,,https://halohydration.com/login,https://halohydration.com/wp-login.php
happiercamper.com,none,,,https://happiercamper.com/login,https://happiercamper.com/login
harrys.com,none,,,https://us.harrys.com/en?modal=login-register-customer,https://www.harrys.com/en?modal=login-register-customer
havocshield.com,none,,,https://platform.havocshield.com/login,https://platform.havocshield.com/login
healthinherhue.com,none,,,https://healthinherhue.com/login,https://healthinherhue.com/login
helius.xyz,none,,,https://dashboard.helius.dev/signup,https://dashboard.helius.dev/signup?redirectTo=onboarding
helloinspire.com,none,,,https://helloinspire.com/login,https://www.inspirecleanenergy.com/join/login?
hellotill.com,none,,,https://hellotill.com/login,https://hellotill.com/login
herb.co,none,,,https://herb.co/login,https://herb.co/
heyartifact.com,none,,,https://heyartifact.com/login,https://www.heyartifact.com/login/
hicapitalize.com,none,,,https://hicapitalize.com/login,https://hicapitalize.com/login
hightouch.io,microsoft,,btn:Log in with Microsoft,https://app.hightouch.com/login,https://app.hightouch.com/login
hilton.com,none,,,https://hilton.com/login,https://www.hilton.com/login
hirasmus.com,microsoft,,btn:Log in with Microsoft,https://app.hirasmus.com/?__hstc=259231637.e300a5d410b10c670211d74ba0282243.1679292908772.1679379466149.1679384644605.8&__hssc=259231637.1.1679384644605&__hsfp=2327326860#/,https://app.hirasmus.com/?__hstc=259231637.e300a5d410b10c670211d74ba0282243.1679292908772.1679379466149.1679384644605.8&__hssc=259231637.1.1679384644605&__hsfp=2327326860#/login?redirect=/
hive.id,none,,,https://hive.id/login,https://hive.id/login
hologram.io,none,,,https://dashboard.hologram.io/account/login,https://dashboard.hologram.io/login
homepal.it,none,,,https://homepal.it/login,https://rexer.it/
gloscience.com,none,,,https://gloscience.com/login,https://gloscience.com/login
gradebuddy.com,none,,,https://gradebuddy.com/login,https://gradebuddy.com/login
h2o.ai,none,,,https://id.cloud.h2o.ai/app/UserHome,https://id.cloud.h2o.ai/oauth2/v1/authorize?client_id=okta.2b1959c8-bcc0-56eb-a589-cfcfb7422f26&code_challenge=k0EUoCglWReyW2f7SQqev6GfB4AeERLlBi7Hj0hfYhE&code_challenge_method=S256&nonce=LVS9OTa576VtL6ATAQJkhi7bpRAFJAntMJjfEpeK6g7cc5BHHMReLTfk3wlNSK4i&redirect_uri=https%3A%2F%2Fid.cloud.h2o.ai%2Fenduser%2Fcallback&response_type=code&state=gbryP8Pg5ijjHr6HEWXYScnz78jFaKjAq0AByi9iwHSJTG4wNpj10T622BNn3eWV&scope=openid%20profile%20email%20okta.users.read.self%20okta.users.manage.self%20okta.internal.enduser.read%20okta.internal.enduser.manage%20okta.enduser.dashboard.read%20okta.enduser.dashboard.manage%20okta.myAccount.sessions.manage%20okta.internal.navigation.enduser.read
healthcareassetnetwork.com,none,,,https://healthcareassetnetwork.com/login,https://healthcareassetnetwork.com/login
helloself.com,none,,,https://helloself.com/login,https://members.helloself.com/login
heypongo.com,none,,,https://my.heypongo.com/login,https://my.heypongo.com/login
gocardless.com,generic_sso,,txt:Sign in with SSO,https://manage.gocardless.com?lang=en-US,https://manage.gocardless.com/sign-in?redirect=%2F%3Flang%3Den-US
gravity-ai.com,none,,,https://enterprise.gravity-ai.com/tenant/login,https://enterprise.gravity-ai.com/tenant/login
hala.ai,none,,,https://hala.ai/login,https://hala.ai/login/
hectare.farm,none,,,https://trading.wearehectare.com/auth/login,https://trading.wearehectare.com/auth/login
hellozelf.com,none,,,https://app.hellozelf.com/,https://app.hellozelf.com/
highlight.io,none,,,https://app.highlight.io/,https://app.highlight.io/sign_in
hiredhippo.ai,none,,,https://hiredhippo.ai/login,https://hirehipo.com/login
homeroom.com,none,,,https://homeroom.com/login,https://www.homeroom.com/login
hookit.com,none,,,https://app.hookit.com/pro/auth-signin ,https://app.hookit.com/pro/auth-signin
horizon8.com,none,,,https://horizon8.com/login,https://horizon8.com/login
hound.vet,none,,,https://Scout.Hound.Vet,https://auth.hound.vet/account/login?ReturnUrl=%2Fconnect%2Fauthorize%3Fresponse_type%3Dcode%26client_id%3Dhnd-scout-web%26state%3DajVIM3N1SWYtYV9ob0ZabmRhSWM5LW5KdjF-a0ZKdEFhUHNkQnlQLS1zUy5l%26redirect_uri%3Dhttps%253A%252F%252Fscout.hound.vet%252F%26scope%3Dopenid%2520offline_access%2520hnd_scout_api%26code_challenge%3DbkC9PuNuMGOW35V605oyd-pG35F6BdM4IMR1AGat0BM%26code_challenge_method%3DS256%26nonce%3DajVIM3N1SWYtYV9ob0ZabmRhSWM5LW5KdjF-a0ZKdEFhUHNkQnlQLS1zUy5l%26audience%3Dhound.vet
goldbely.com,none,,,https://goldbely.com/login,https://www.goldbelly.com/log-in
greptime.com,none,,,https://greptime.com/login,https://greptime.com/login
hannun.com,none,,,https://hannun.com/login,https://hannun.com/login
goodmonday.io,microsoft,yes,net:msauth.net,https://app.officeguru.com/login?lang=da,https://app.officeguru.com/login?lang=da
groundtruth.com,none,,,https://ads.groundtruth.com/login?sign_up=1,https://ads.groundtruth.com/login?sign_up=1
harperwilde.com,none,,,https://harperwilde.com/login,https://harperwilde.com/login
hellobalanced.com,none,,,https://hellobalanced.com/login,https://www.hellobalanced.com/login
gopeer.ca,none,,,https://my.gopeer.ca/auth/login,https://my.gopeer.ca/auth/login
gs-group.com,none,,,https://gs-group.com/login,https://gs-group.com/login/
hatzolair.org,none,,,https://hatzolair.org/login,https://hatzolair.org/login
hellodivorce.com,none,,,https://app.hellodivorce.com/login,https://app.hellodivorce.com/login
herohealth.com,none,,,https://herohealth.com/login,https://herohealth.com/login/
hiivemarkets.com,none,,,https://app.hiive.com/login,https://auth.hiive.com/u/login?state=hKFo2SBKbW9MT3JGdVduRWt4YjRsVVpkTlh5NS02V2lfSGhqV6Fur3VuaXZlcnNhbC1sb2dpbqN0aWTZIHNoLUJsaXhIZzFaQkZqNXhrMHVyNlRPYzNKREY4RDlLo2NpZNkgT1ZjUE5yeWZvaWpHeDZta3UwYkRYVzBmNkI4TDFuclQ
holganix.com,none,,,https://holganix.com/login,https://holganix.com/login
honehealth.com,none,,,https://app.honehealth.com/login,https://app.honehealth.com/login
gosunstove.com,none,,,https://gosunstove.com/login,https://gosunstove.com/login
highschoolesportsleague.com,none,,ERR:dns,,
homestay.com,none,,,https://homestay.com/login,https://homestay.com/login
hopskipdrive.com,none,,,,
househappy.com,none,,,https://househappy.com/login,https://househappy.com/login
hreasily.com,none,,,https://hreasily.com/login,https://hreasily.com/lander
huckberry.com,none,,,https://huckberry.com/login,https://huckberry.com/login
humblebundle.com,none,,,https://humblebundle.com/login,https://humblebundle.com/login
hwyhaul.com,none,,,https://hwyhaul.com/login,https://hwyhaul.com/login
hyphengroup.io,none,,,https://hyphengroup.io/login,https://www.moneyherogroup.com/login
icelandicglacial.com,none,,,https://shopify.com/2890132/account?locale=en&buyer_flags=eyJhbGciOiJIUzI1NiJ9.eyJpc3MiOiJpY2VsYW5kaWMtZ2xhY2lhbC5teXNob3BpZnkuY29tIiwiZmxhZ3MiOltdLCJleHAiOjE3ODI0ODk2NDMsIm5iZiI6MTc4MTg4NDg0M30.C7COBSWXFX7kIEUPRKIeTrRjfPm90rHUNx2PNajbFj0&region_country=US&consent_id=9793f9f6-90f0-45ba-bd6a-d1d0568ce4cd&consent=a0m0p0,https://shopify.com/authentication/2890132/login?client_id=fc6e86cc-19be-4319-a8b4-93384e70e8f8&locale=en-US&redirect_uri=%2Fauthentication%2F2890132%2Foauth%2Fauthorize%3Fbuyer_flags%3DeyJhbGciOiJIUzI1NiJ9.eyJpc3MiOiJpY2VsYW5kaWMtZ2xhY2lhbC5teXNob3BpZnkuY29tIiwiZmxhZ3MiOltdLCJleHAiOjE3ODI0ODk2NDMsIm5iZiI6MTc4MTg4NDg0M30.C7COBSWXFX7kIEUPRKIeTrRjfPm90rHUNx2PNajbFj0%26client_id%3Dfc6e86cc-19be-4319-a8b4-93384e70e8f8%26locale%3Den-US%26nonce%3D8ba19cef-3369-484c-9688-171c03378df2%26redirect_uri%3Dhttps%253A%252F%252Fshopify.com%252F2890132%252Faccount%252Fcallback%26region_country%3DUS%26response_type%3Dcode%26scope%3Dopenid%2Bemail%2Bcustomer-account-api%253Afull%26state%3DhWNDWdGWCRnpUD4SFzMroLC5&region_country=US
idenfo.com,none,,,https://idenfo.com/login,https://idenfo.com/404
ihealthlabs.com,none,,,https://ihealthlabs.com/customer_authentication/redirect?locale=en&region_country=US,https://account.ihealthlabs.com/authentication/login?client_id=affef470-94ab-4f8d-bff0-d1dc12244164&locale=en-US&redirect_uri=%2Fauthentication%2Foauth%2Fauthorize%3Fbuyer_flags%3DeyJhbGciOiJIUzI1NiJ9.eyJpc3MiOiJpaGVhbHRobGFic29ubGluZS5teXNob3BpZnkuY29tIiwiZmxhZ3MiOltdLCJleHAiOjE3ODI0OTA0NTEsIm5iZiI6MTc4MTg4NTY1MX0.ihtceXkNDggGDSV9Cyh0nP9Q4NBfDkODxG-utQyGR1s%26client_id%3Daffef470-94ab-4f8d-bff0-d1dc12244164%26locale%3Den-US%26nonce%3D633d555f-5870-4e89-aaa7-2e2b46e0b62b%26redirect_uri%3Dhttps%253A%252F%252Faccount.ihealthlabs.com%252Fcallback%26region_country%3DUS%26response_type%3Dcode%26scope%3Dopenid%2Bemail%2Bcustomer-account-api%253Afull%26state%3DhWNDWdO2P4jNajrAHepWUPIH&region_country=US
imaginario.ai,none,,,https://imaginario.ai/login,https://imaginario.ai/login
impact.com,none,,,https://app.impact.com/login.user,https://app.impact.com/login.user
incident.io,microsoft,,btn:Sign in with Microsoft,https://app.incident.io/login,https://app.incident.io/login
indieframe.com,none,,ERR:dns,,
infinitform.com,none,,,https://cabinet.infinitform.com/login?returnUrl=%2Fuser%2Fprojects,https://cabinet.infinitform.com/login?returnUrl=%2Fuser%2Fprojects
infobip.com,generic_sso,,txt:SSO,https://portal.infobip.com/login,https://portal.infobip.com/login
inhabitr.com,none,,,https://inhabitr.com/login,https://inhabitr.com/login
innomar.no,none,,,https://innomar.no/login,https://innomar.no/login
insightfinder.com,none,,,https://app.insightfinder.com/,https://app.insightfinder.com/ui/login-uie?redirectUrl=%2F
instant.so,none,,,https://app.instant.so/login,https://app.instant.so/login
integral.de,none,,,https://app.integral.de/,https://app.integral.de/
intellimize.com,none,,,https://webflow.com/signup,https://webflow.com/signup
internal.io,none,,,https://internal.io/login,https://internal.io/login
introwise.com,none,,,https://introwise.com/login,https://introwise.com/login
investbamboo.com,none,,,https://app.investbamboo.com/signup,https://app.investbamboo.com/signup
invoiceautomate.com,none,,,https://invoiceautomate.com/login,https://invoiceautomate.com/login
inyova.com,none,,,https://app.inyova.ch/login,https://app.inyova.ch/login
iris.audio,none,,,https://developer.iris.audio/login,https://developer.iris.audio/login
isarlend.com,none,,,https://isarlend.com/login,https://www.isarlend.com/login
italki.com,none,,,https://italki.com/login,https://www.italki.com/login
itsdart.com,generic_sso,,txt:SSO,https://app.dartai.com,https://app.dartai.com/login
jambb.com,none,,,https://jambb.com/signin,https://jambb.com/signin
jars.ai,none,,,https://jars.ai/login,https://www.jars.ai/login
jeenie.com,generic_sso,,txt:Sign in with SSO,https://app.jeenie.com,https://app.jeenie.com/v3/login
jerry.ai,none,,,https://jerry.ai/login,https://jerry.ai/login
jiji.ng,none,,,https://jiji.ng/login,https://jiji.ng/login
joblist.com,none,,,https://joblist.com/login,https://joblist.com/login
join-eby.com,none,,,https://join-eby.com/login,https://shop.join-eby.com/login
joincrowdhealth.com,none,,,https://app.joincrowdhealth.com/users/sign_in,https://app.joincrowdhealth.com/users/sign_in
joinheard.com,none,,,https://dashboard.joinheard.com/?event=clicked+sign+in+button&source=topnav&device-id=c34deb1e-966b-466b-b96b-8e2d9e584da3,https://dashboard.joinheard.com/?event=clicked+sign+in+button&source=topnav&device-id=c34deb1e-966b-466b-b96b-8e2d9e584da3
joinodin.com,none,,,https://app.joinodin.com/login,https://app.joinodin.com/login
jointoucan.com,none,,,https://jointoucan.com/login,https://jointoucan.com/login
joshin.com,none,,,https://app.joshin.com,https://app.joshin.com/login
jptoe.com,none,,,https://jptoe.com/login,https://www.jptoe.com/login
jukinmedia.com,none,,,https://jukinmedia.com/login,https://www.jukinmedia.com/licensing
juniqe.com,none,,,https://juniqe.com/login,https://www.juniqe.com/de/login
justfoodfordogs.com,none,,,https://justfoodfordogs.com/login,https://www.justfoodfordogs.com/login/
kaggle.com,none,,,https://kaggle.com/login,https://kaggle.com/login
kajabi.com,none,,,https://id.kajabi.com/u/login,https://id.kajabi.com/u/login?state=hKFo2SB6cENXc283M3Q3YXRBanFoQ3RaUF9RSy1iZU81emY1N6Fur3VuaXZlcnNhbC1sb2dpbqN0aWTZIGxZY2FLWWRtaWVhaHpNZnF3Rlp3OE54RTJwX2dETTJyo2NpZNkgTEt4Z3RMRVJlbktzR21ETzdpMDBHZ3dDbjEzenRGVDA
karat.com,generic_sso,,btn:Log in with SAML SSO,https://central.karat.io/users/sign_in,https://central.karat.io/users/sign_in
katkin.com,none,,,https://katkin.com/login,https://www.katkin.com/login
kea.cloud,none,,,https://kea.cloud/login,https://kea.cloud/login
keragon.com,none,,,https://app.keragon.com/login?utm_content=hd-top,https://app.keragon.com/login/?utm_content=hd-top
khanacademy.org,none,,,https://khanacademy.org/login,https://www.khanacademy.org/login
kidmademodern.com,none,,,https://kidmademodern.com/customer_authentication/redirect?locale=en&region_country=US,https://shopify.com/authentication/15681501/login?client_id=59c0d027-9ddf-464b-8845-2c6595a612c6&locale=en-US&redirect_uri=%2Fauthentication%2F15681501%2Foauth%2Fauthorize%3Fbuyer_flags%3DeyJhbGciOiJIUzI1NiJ9.eyJpc3MiOiJrbW1zaG9wLm15c2hvcGlmeS5jb20iLCJmbGFncyI6W10sImV4cCI6MTc4MjQ5MzYwMiwibmJmIjoxNzgxODg4ODAyfQ.tLfuoO9OQUI8G94zOtB16upeAYaHqa1LT8kQLM44OZA%26client_id%3D59c0d027-9ddf-464b-8845-2c6595a612c6%26locale%3Den-US%26nonce%3D5820aa04-211a-4c22-a8d9-5b1bec137903%26redirect_uri%3Dhttps%253A%252F%252Fshopify.com%252F15681501%252Faccount%252Fcallback%26region_country%3DUS%26response_type%3Dcode%26scope%3Dopenid%2Bemail%2Bcustomer-account-api%253Afull%26state%3DhWNDWihzFOn8eEw8GaTS6uHK&region_country=US
kimo.ai,none,,ERR:dns,,
kingscrowd.com,none,,,https://kingscrowd.com/login/,https://kingscrowd.com/login/
kitchenmate.com,none,,,https://my.kitchenmate.com/,https://my.kitchenmate.com/
kiwi.com,none,,,https://kiwi.com/login,https://www.kiwi.com/en/login/
klarpay.com,none,,,https://dashboard.bivial.com,https://dashboard.bivial.com/auth/login
kloud.io,none,,,https://kloud.io/login,https://kloud.io/login
knockrentals.com,generic_sso,,txt:SSO,https://app.knockcrm.com/login,https://app-knockcrm.realpage.com/login
kobiton.com,generic_sso,,btn:Join your company with SSO,https://portal.kobiton.com/login,https://portal.kobiton.com/login
koiosmedical.com,none,,,https://koiosmedical.com/customer/,https://koiosmedical.com/customer/access/profile/
kolopay.com,none,,,https://kolopay.com/login,https://kolopay.com/login
konghq.com,microsoft,,btn:Continue with Microsoft Account windowsl,https://cloud.konghq.com/login,https://cloud.konghq.com/login
korres.com,none,,,https://korres.com/login,https://www.korres.com/account/login
koyeb.com,none,,,https://app.koyeb.com/auth/signin,https://app.koyeb.com/auth/signin
kristal.ai,none,,,https://portal.kristal.ai/signup?websiteid=W143863941617&country_code=SGP&source=,https://portal.kristal.ai/signup?websiteid=W143863941617&country_code=SGP&source=
kusari.dev,generic_sso,,txt:Single Sign-On,https://kusari.dev/login,https://www.kusari.dev/login
kytelearning.com,none,,,https://app.kytelearning.com/login,https://app.kytelearning.com/login
lairdsuperfood.com,none,,,https://lairdsuperfood.com/login,https://lairdsuperfood.com/login
landbot.io,none,,,https://app.landbot.io/login/,https://app.landbot.io/login/
lang-8.com,none,,,https://lang-8.com/login,https://hinative.com/lang-8
lastbrand.com,none,,,https://lastbrand.com/login,https://www.quince.com/
laundryheap.com,none,,,https://laundryheap.com/login,https://www.laundryheap.com/?clear_country_cookie=true
layerise.com,none,,,https://layerise.com/login,https://layerise.com/login
leadsimple.com,none,,,https://app.leadsimple.com,https://id.leadsimple.com/users/sign_in
leantime.io,none,,,https://accounts.leantime.io/accounts/login,https://accounts.leantime.io/accounts/login
ledgy.com,none,,,https://app.ledgy.com/signup,https://app.ledgy.com/signup
legalzoom.com,none,,,https://legalzoom.com/login,https://www.legalzoom.com/login
lendenclub.com,none,,,https://lendenclub.com/login,https://www.lendenclub.com/login
lessonbee.com,none,,,https://lessonbee.com/login,https://lessonbee.com/a-new-foundation/
letzchange.org,none,,,https://letzchange.org/signin,https://letzchange.org/signin
lexshares.com,none,,,https://lexshares.com/login,https://www.lexshares.com/login
lifebit.ai,none,,,https://cloudos.lifebit.ai/,https://cloudos.lifebit.ai/
ligalio.com,none,,,https://app.ligalio.com/,https://app.ligalio.com/login
lightpointmedical.com,none,,,https://lightpointmedical.com/login,https://senseisurgical.com/
lili.co,none,,,https://app.lili.co/login,https://app.lili.co/login
linear.app,generic_sso,,txt:SAML,https://linear.app/login,https://linear.app/login
linkby.com,none,,,https://linkby.com/login,https://linkby.com/login
liquid-iv.com,none,,,https://liquid-iv.com/login,https://www.liquid-iv.com/login
guidetoiceland.is,none,,,https://guidetoiceland.is/login,https://guidetoiceland.is/login
hihello.me,microsoft,,btn:Continue with Microsoft,https://hihello.com/app,https://hihello.com/auth/login?next=https%3A%2F%2Fhihello.com%2Fapp%2F2%2F
homie.com,none,,,https://homie.com/login,https://www.homie.com/wp-login.php
hosco.com,none,,,https://hosco.com/login,https://www.hosco.com/login
houseofmath.no,none,,,https://houseofmath.no/login,https://www.houseofmath.com/no/page-not-found
hrsd.com,none,,,https://secure.hrsd.com/login,https://secure.hrsd.com/login
hugemed.net,none,,,https://hugemed.net/login,https://hugemed.net/login
huntclub.com,none,,,https://huntclub.com/login,https://www.huntclub.com/login
hycu.com,none,,,https://r-cloud.hycu.com/login,https://r-cloud.hycu.com/login
hyrestaff.com,none,,,https://app.hyrestaff.com/users/sign_in,https://app.hyrestaff.com/users/sign_in
icometrix.com,none,,,https://icometrix.com/login,https://www.icometrix.com/login
idiag.ch,none,,,https://www.idiag.ch/author/idiag_jey/,https://www.idiag.ch/author/idiag_jey/
iinktech.com,none,,,https://iinktech.com/login,https://iinktech.com/login
imgix.com,none,,,https://dashboard.imgix.com/sign-in?referrer_url=direct&referring_domain=direct,https://dashboard.imgix.com/sign-in?referrer_url=direct&referring_domain=direct
impak.eco,none,,,https://petir.io/ipologin,https://ipototogacor.com/
includedhealth.com,none,,,https://includedhealth.com/login/,https://member.includedhealth.com/
indorse.io,none,,,https://indorse.io/login,https://indorse.io/login
infisical.com,none,,,https://app.infisical.com/signup,https://app.infisical.com/signup
infolinks.com,none,,,https://www.infolinks.com/login/,https://www.infolinks.com/login/
initialized.com,none,,,https://initialized.com/login,https://initialized.com/login
innovamat.com,none,,,https://innovamat.com/login,https://www.innovamat.com/login
insighthealth.ai,microsoft,,btn:Microsoft continue with microsoft,https://auth.insighthealth.ai/oauth/account/login,https://auth.insighthealth.ai/oauth/account/login
instantteams.com,none,,,https://instantteams.com/login,https://instantteams.com/wp-login.php
integralads.com,none,,,https://reporting.integralplatform.com/spa/login,https://reporting.integralplatform.com/spa/login
intelliseq.pl,none,,,https://intelliseq.pl/login,https://intelliseq.pl/login
internalyze.co,none,,ERR:dns,,
intuary.com,none,,,https://intuary.com/login,https://intuary.com/login
investengine.com,none,,,https://investengine.com/login,https://investengine.com/login/
invoicecloud.com,none,,,https://www.invoicecloud.com/portal/BillerLogin.aspx?_gl=1*177v4yx*_gcl_au*MTk5MjQwNTIyMC4xNzU4MTI5Mjkw,https://my.invoicecloud.com/portal/(S(juxhpq521mn5tnzs1c13za23))/billerLogin.aspx?_gl=1*177v4yx*_gcl_au*MTk5MjQwNTIyMC4xNzU4MTI5Mjkw
io-market.com,none,,,https://accounts.io-market.com/#/auth/login,https://accounts.io-market.com/#/auth/login
iris.co.uk,none,,,https://iris.co.uk/login,https://www.iris.co.uk/login/
iskra.world,none,,,https://iskra.world/login,https://iskra.world/login
itcentralstation.com,none,,,https://itcentralstation.com/login,https://www.peerspot.com/login
itsskinny.com,none,,,https://itsskinny.com/login,https://eatsimple.com/login
jamendo.com,none,,,https://jamendo.com/login,https://www.jamendo.com/login
jayride.com,none,,,https://jayride.com/login,https://jayride.com/login
jeeva.ai,microsoft,,btn:Continue with Microsoft,https://app.jeeva.ai/,https://app.jeeva.ai/
jet.ai,none,,,https://jet.ai/login,https://www.jet.ai/login
jny.io,microsoft,,btn:Sign in with Microsoft,https://app.journey.io/login,https://app.journey.io/login
jobpixel.com,none,,,https://jobpixel.com/login,https://www.jobpixel.com/login
joinarthur.com,none,,,https://app.endearhq.com,https://app.endearhq.com/
joindrover.com,none,,,https://joindrover.com/login,https://www.joindrover.com/login
joinhomeroom.com,none,,,https://joinhomeroom.com/login,https://www.homeroom.com/login
joinportal.com,none,,,https://dashboard.assembly.com,https://dashboard.assembly.com/login?
joinwarp.com,none,,,https://app.joinwarp.com/,https://auth.joinwarp.com/u/login?state=hKFo2SBLeFNVMnpNLTE1a3V5NktjRERVY0lJcFo5TVVuYjJzSqFur3VuaXZlcnNhbC1sb2dpbqN0aWTZIGpaQ2xmZndSVEk1WHZpVXhUYUxlSGN6c01lZ29HcFRBo2NpZNkgaUNBNjg5Ym9xUWxkZDAwamhwM3pMMlpEZGZxZ3hJdGY
jotelulu.com,none,,,https://admin.jotelulu.com/login,https://admin.jotelulu.com/login
jscrambler.com,none,,,https://auth.jscrambler.com/login,https://auth.jscrambler.com/login
julius.ai,none,,,https://julius.ai/login,https://julius.ai/login
juno.care,none,,,https://juno.care/login,https://www.juno.care/login
justpaid.io,none,,,https://auth.justpaid.io/u/login,https://auth.justpaid.io/u/login?state=hKFo2SBpYXM3eExZNGdidWJ5ZW94TmIzaDBTa0w5VmdUdEZiUKFur3VuaXZlcnNhbC1sb2dpbqN0aWTZIHVVV2VjUWRWNEJjREpBTnpaYWlUVFh4OXZoRnRiRGRko2NpZNkgc2hFSHRWOW81aFVmeHEwUGg2TklIYWxUOTJGUGhMS2I
kagi.com,none,,,https://kagi.com/login,https://kagi.com/login
kalder.xyz,none,,,https://kalder.xyz/login,https://getkalder.com/
karbonhq.com,none,,,https://app2.karbonhq.com,https://app2.karbonhq.com/signin/
katmaitech.com,none,,,https://app.katmaitech.com/login?hsLang=en,https://app.katmaitech.com/login?hsLang=en
keap.com,none,,,https://accounts.infusionsoft.com/app/central/accountCheck,https://login.labs.thryv.com/u/login/identifier?state=hKFo2SBwZzhoM2pwdW92UXRrSWJ2UzVSbXZrQTVlbl9PaUdHNaFur3VuaXZlcnNhbC1sb2dpbqN0aWTZIDB0OWllSmRUOUZIZ1lyR1BwalVrd3ZNbGtLRXJ4WnY2o2NpZNkgUDQ5OFhVNG1zUzlSQXNxblFZejBWY0xlQ2NvTG1wYmk
kerb.works,none,,,https://kerb.works/login,https://kerb.works/login
kibera.jp,none,,,https://kibera.jp/login,https://www.kibera.jp/login
kidolog.com,none,,ERR:dns,,
kin.com,none,,,https://app.kin.com/login,https://app.kin.com/users/sign_in
kino-mo.com,none,,,https://kino-mo.com/login,https://hypervsn.com/
kitchentime.com,none,,,https://kitchentime.com/login,https://www.kitchentime.com/login
kiwico.com,none,,,https://kiwico.com/login,https://www.kiwico.com/login
klasha.com,none,,,https://dashboard.klasha.com/auth/login,https://www.dashboard.klasha.com/auth/login
kloudless.com,none,,ERR:dns,,
knoma.io,none,,ERR:dns,,
kobo.com,none,,,https://authorize.kobo.com/us/en/Signin?returnUrl=https%3A%2F%2Fwww.kobo.com%2F,https://authorize.kobo.com/us/en/Signin?returnUrl=https%3A%2F%2Fwww.kobo.com%2F
koiride.com,none,,,https://koiride.com/login,https://koiride.com/login
kombai.io,generic_sso,,txt:Sign in with SSO,https://auth.agent.kombai.com/login,https://auth.agent.kombai.com/en/login
kongregate.com,none,,,https://kongregate.com/login,https://www.kongregate.com/en/login
kortext.com,none,,,https://app.na1.kortext.com/identity/signin?utm_source=website&utm_medium=navigation&utm_campaign=loginus&utm_content=link,https://app.na1.kortext.com/identity/signin?utm_source=website&utm_medium=navigation&utm_campaign=loginus&utm_content=link
kradlemypet.com,none,,,https://kradlemypet.com/login,https://kradlemypet.com/login
kromephotos.com,none,,ERR:dns,,
kustom.co,microsoft,,btn:Microsoft,https://auth.live.kustom.co/realms/boportal/protocol/openid-connect/auth?response_type=code&client_id=back-office-portal&redirect_uri=https://portal.kustom.co/auth/callback/keycloak&code_challenge=xrxrTlhYU1cfiHwLvl0wJqhryKC_oR0egjapSDYWpaw&code_challenge_method=S256&scope=openid+profile+email,https://auth.live.kustom.co/realms/boportal/protocol/openid-connect/auth?response_type=code&client_id=back-office-portal&redirect_uri=https://portal.kustom.co/auth/callback/keycloak&code_challenge=xrxrTlhYU1cfiHwLvl0wJqhryKC_oR0egjapSDYWpaw&code_challenge_method=S256&scope=openid+profile+email
kyx.world,none,,,https://kyx.world/login,https://kyx.world/login
lakera.ai,none,,,https://platform.lakera.ai/login,https://platform.lakera.ai/login
landgate.com,none,,,https://landgate.com/login,https://www.landgate.com/login
languageio.com,generic_sso,,txt:Sign in with SSO,https://languageio.zendesk.com/auth/v2/login/signin?return_to=https%3A%2F%2Fsupport.languageio.com%2Fhc%2Fen-us&theme=hc&locale=en-us&brand_id=685398&auth_origin=685398%2Ctrue%2Ctrue&_gl=1*o7kimk*_gcl_au*MTE0MDg1ODUwLjE3Njk3MjU3Nzc.*_ga*MjAyMjg5MTkxMS4xNzYxOTQxNTgx*_ga_YZFJDXXLZH*czE3NzE5NDU2MDUkbzQ3JGcxJHQxNzcxOTQ2NDU4JGo2MCRsMCRoMTU3MDQ4NzU3OQ..,https://languageio.zendesk.com/auth/v3/signin?auth_origin=685398%2Ctrue%2Ctrue&brand_id=685398&locale=en-us&return_to=https%3A%2F%2Fsupport.languageio.com%2Fhc%2Fen-us&theme=hc
lastgameboard.com,none,,ERR:dns,,
lawbrokr.com,none,,,https://app.lawbrokr.com,https://app.lawbrokr.com/
laylo.com,none,,,https://laylo.com/auth,https://laylo.com/auth
leadsquared.com,none,,,https://login.leadsquared.com/,https://identity.leadsquared.com/
leapfunder.com,none,,,https://leapfunder.com/login,https://www.leapfunder.com/?login_popup=true
ledn.io,none,,,https://platform.ledn.io/signup,https://platform.ledn.io/signup
legendsoflearning.com,none,,,https://app.legendsoflearning.com/login?admin=f,https://app.legendsoflearning.com/login?admin=f
lendingblock.com,none,,ERR:dns,,
lessonup.com,none,,,https://lessonup.com/login,https://www.lessonup.com/login
levelgoals.com,none,,,https://levelgoals.com/login,https://levelgoals.com/login
li.finance,none,,,https://li.finance/login,https://li.fi/
lifeguides.com,none,,,https://lifeguides.com/login,https://lifeguides.com/login
light.inc,none,,,https://app.light.inc/,https://light-inc-prod.eu.auth0.com/u/login/identifier?state=hKFo2SBiWG9sc3hyLVY0OW1jelJTSUtfQ0g3U2NScWdzc0RWWaFur3VuaXZlcnNhbC1sb2dpbqN0aWTZIFNWd1M2a0lSS0RpdDgxNnRiMG5YSWMwLVlZTl9GRWM0o2NpZNkgNmY5dEpVdWVtdGU2QTRKdFB0OFNEQk14N2tuWmF2WEY
lightspeedhq.com,none,,,https://www.lightspeedhq.com/login/,https://www.lightspeedhq.com/login/
lilt.com,microsoft,,btn:Login with Microsoft,https://lilt.com/signin,https://lilt.com/signin
linearb.io,none,,,https://linearb.io/login,https://linearb.io/login
linkexec.com,none,,,https://linkexec.com/login,https://linkexec.com/login
liquid.diamonds,none,,,https://app.liquid.diamonds/#/sessions/new,https://app.liquid.diamonds/#/sessions/new
littlespoon.com,none,,,https://littlespoon.com/login,https://www.littlespoon.com/login
livekindred.com,none,,,https://www.wallpaper.com/design-interiors/interior-design/gustaf-westman-apartment-kindred,https://www.wallpaper.com/design-interiors/interior-design/gustaf-westman-apartment-kindred
livingfood.co,none,,,https://livingfood.co/login,https://livingfood.co/login
localizedlearning.com,none,,,https://localizedlearning.com/login,https://localizedlearning.com/login
locofy.ai,none,,,https://www.locofy.ai/login,https://www.locofy.ai/login
loginid.io,none,,,https://dashboard.loginid.io/login,https://dashboard.loginid.io/login
lokalise.co,none,,ERR:dns,,
loopgolf.co,none,,,https://loopgolf.co/login,https://loopgolf.co/login
loupeart.com,none,,,https://loupeart.com/login,https://loupeart.com/pages/shop#gbaid111232
lovelilbucks.com,none,,,https://lovelilbucks.com/login,https://lovelilbucks.com/login
lucerneam.com,none,,,https://lucerneam.com/login,https://lucerneam.com/login
lula.life,none,,,https://lula.life/login,https://lula.life/login
lumen5.com,none,,,https://lumen5.com/login,https://lumen5.com/login
lunajets.com,none,,,https://www.members.lunajets.com/en/login,https://www.members.lunajets.com/en/login
luxurypromise.com,none,,,https://luxurypromise.com/login,https://luxurypromise.com/
lyfegen.com,none,,,https://auth.lyfegen.com/login,https://auth.lyfegen.com/login
lyte.com,none,,,https://lyte.com/login,https://lyte.com/login
mac.com,none,,,https://mac.com/login,https://www.apple.com/mac/
madrabbit.com,none,,,https://madrabbit.com/login,https://www.madrabbit.com/
magicstay.com,none,,,https://magicstay.com/login,https://magicstay.com/
maisonette.com,none,,,https://maisonette.com/login,https://www.maisonette.com/
maltysnacks.com,none,,,https://maltysnacks.com/login,https://www.maltysnacks.com/login
manebigroup.com,none,,,https://manebigroup.com/login,https://manebigroup.com/login
manychat.com,none,,,https://app.manychat.com/signup/facebookAuth?channel=instagram,https://app.manychat.com/facebookAuth?channel=instagram&refId=43e541ce-f881-45f3-b3e7-b49e7ffd6c28
marblepay.com,none,,,https://wallet.marblepay.com/,https://wallet.marblepay.com/
markettime.com,none,,,https://apps.markettime.com/login,https://apps.markettime.com/login
marsdd.com,none,,,https://app.marsdd.com,https://app.marsdd.com/
massbio.io,none,,ERR:dns,,
matchesfashion.com,none,,,https://matchesfashion.com/login,https://matchesfashion.com/
matterhornparadise.ch,none,,,https://www.matterhornparadise.ch/de/auth/login,https://www.matterhornparadise.ch/de/auth/login
maximumtest.ru,none,,,https://login.maximumtest.ru,https://login.maximumtest.ru/
md-hq.com,none,,,https://md-hq.com/signin,https://md-hq.com/signin
measureone.com,none,,,https://dashboard.measureone.com/auth,https://dashboard.measureone.com/auth
headofsecurity.com,none,,,https://headofsecurity.com/login,https://www.headofsecurity.com/wp-login.php
himylink.com,none,,,https://himylink.com/login,https://himylink.com/login
honeybook.com,none,,,https://app.honeybook.com/signup,https://app.honeybook.com/signup
hostaway.com,none,,,https://dashboard.hostaway.com/login,https://dashboard.hostaway.com/login
houzy.ch,none,,,https://app.houzy.ch/home,https://app.houzy.ch/home
htmobileapps.com,none,,,https://htmobileapps.com/login,https://info.plinqit.com/
hui.land,none,,,https://hui.land/login,https://hui.land/login
huntington.com,none,,,https://huntington.com/login,https://onlinebanking.huntington.com/rol/Auth/login.aspx
hydrolix.io,none,,,https://hydrolix.io/login,https://hydrolix.io/.well-known/sgcaptcha/?r=%2Flogin&y=ipc:136.113.108.52:1781885564.313
i3verticals.com,none,,,https://i3verticals.com/login,https://www.i3verticals.com/wp-login.php
iconfinder.com,none,,,https://iconfinder.com/login,https://www.freepik.com/icons
idosell.com,none,,,https://idosell.com/login,https://www.idosell.com/pl/login/
iitbombay.org,none,,,https://iitbombay.org/login,https://verify.almabaseapp.com/login?state=hKFo2SA1TmFfeHdEOEpYOEZSck5MdzV0UXcxdXlYX0FnRWFra6FupWxvZ2luo3RpZNkgOUZjX3E0VnpCb1VicUNnVE1DLU5KOXRWS21lbm1wVDOjY2lk2SBGYmFsN0VheTBkVGR2YTJLSVdhWGJoUEQwMHNRMmpxRw&client=Fbal7Eay0dTdva2KIWaXbhPD00sQ2jqG&protocol=oauth2&logo=https%3A%2F%2Fmedia.almabaseapp.com%2F281%2Fmeta%2Flogo.jpg&scope=openid%20profile%20email&primaryColor=%23086490&redirect_uri=https%3A%2F%2Fwww.iitbombay.org%2Fcomplete%2Fauth0%2F%3Fredirect_state%3DqiU6cGUXA7qTwlhrIoEwj686imZ0ybxL&response_type=code
imhapi.app,none,,ERR:dns,,
imperative.com,none,,,https://imperative.com/login,https://chronus.com/
incomlend.com,none,,,https://app.incomlend.com/login,https://app.incomlend.com/login
inertianetwork.com,none,,,https://inertianetwork.com/login,https://rawinfocus.com/login
infiuss.com,none,,,https://probe.infiuss.com/login,https://probe.infiuss.com/login
infoset.app,microsoft,,btn:Sign in with Microsoft,https://dashboard.infoset.app/?lang=en,https://infoset.app/login?lang=en&redirect=%2F%3Flang%3Den
inkbox.com,none,,,https://inkbox.com/login,https://inkbox.com/login
innovid.com,none,,,https://hub.flashtalking.net/,https://hub.flashtalking.net/
insightly.com,microsoft,,btn:Continue with Microsoft,https://login.insightly.com/User/Login?ReturnUrl=%2F,https://login.insightly.com/User/Login?ReturnUrl=%2F
instapage.com,none,,,https://app.instapage.com/auth/login,https://app.instapage.com/auth/login
integration.app,none,,,https://console.getmembrane.com,https://console.getmembrane.com/login
inten.to,none,,,https://auth.inten.to/realms/Intento/protocol/openid-connect/registrations?client_id=intento-console&response_type=code&scope=openid%20email&redirect_uri=https://console.inten.to,https://auth.inten.to/realms/Intento/protocol/openid-connect/registrations?client_id=intento-console&response_type=code&scope=openid%20email&redirect_uri=https://console.inten.to
internshipondemand.com,none,,ERR:dns,,
intuiface.com,generic_sso,,txt:SSO,https://my.intuiface.com/login.aspx,https://my.intuiface.com/login.aspx
investnext.com,none,,,http://app.investnext.com/,https://app.investnext.com/
invoicecycle.com,none,,,https://invoicecycle.com/login,https://invoicecycle.com/login
iovox.com,none,,,https://desktop.iovox.com/login,https://desktop.iovox.com/login
iris.construction,microsoft,,btn:Sign in with Microsoft,https://app.roger.build,https://app.roger.build/
ismayagroup.com,none,,,https://ismayagroup.com/login,https://www.ismaya.com/
itchpet.com,none,,,https://itchpet.com/login,https://www.itchpet.com/login
ivy.com,none,,,https://ivy.com/login,https://www.ivy.com/auth/login
jamf.com,none,,,https://www.jamf.com/auth0/login/?state=https%3A%2F%2Fwww.jamf.com%2F,https://us.auth.jamf.com/u/login/identifier?state=hKFo2SBHTkJPRjNRWk1pLVJ0ZDRNN29zNEttVkdjY3FITDBORqFur3VuaXZlcnNhbC1sb2dpbqN0aWTZIFFPcE1aeXVXRjFXZnhWUUdjQXJkOVpSRmxlNS1VRTRVo2NpZNkgcThQVHkyYXRRZ05sbzloT0VBNXNsSXR0NklUMjNPTVo
jbdhealth.care,none,,,https://jbdhealth.care/login,https://jbdhealth.care/login
jeli.io,none,,,https://app.pagerduty.com/,https://identity.pagerduty.com/global/authn/authentication/PagerDutyGlobalLogin/enter_email
jetblue.com,none,,,https://www.instagram.com/accounts/login/?next=https%3A%2F%2Fwww.instagram.com%2Fjetblue%2F&is_from_rle,https://www.instagram.com/accounts/login/?next=https%3A%2F%2Fwww.instagram.com%2Fjetblue%2F&is_from_rle
job.com,none,,,https://job.com/login,https://job.com/login
jobrely.com,none,,,https://saas.jobrely.com,https://saas.jobrely.com/auth/login
joinblink.com,none,,,https://app.joinblink.com/login,https://app.joinblink.com/#/login
joinellis.com,none,,,https://app.ellis.com/login,https://app.ellis.com/login
joinhoney.com,none,,,https://joinhoney.com/login,https://www.joinhoney.com/login
joinpressto.com,none,,,https://joinpressto.com/login,https://joinpressto.com/login
jolimoi.com,none,,,https://jolimoi.com/login,https://jolimoi.com/login
joticle.com,none,,,https://joticle.com/login,https://joticle.com/login
jtpk.co,none,,ERR:dns,,
jumpcloud.com,none,,,https://console.jumpcloud.com/,https://console.jumpcloud.com/login
jupe.com,none,,,https://jupe.com/login,https://www.jupe.com/login
justpark.com,none,,,https://eventpass.justpark.com/login,https://eventpass.justpark.com/login
kahoot.com,none,,,https://create.kahoot.it/auth/register,https://create.kahoot.it/auth/register
kalecard.com,none,,,https://app.kalecard.com/signup,https://app.kalecard.com/signup
kareer.ai,none,,,https://kareer.ai/login,https://www.kareer.ai/login
kavout.com,none,,,https://kavout.com/login,https://www.kavout.com/404-page/
keebo.ai,generic_sso,,txt:Sign in with SSO,https://portal.keebo.ai,https://www.portal.keebo.ai/sign-in
kettleandfire.com,none,,,https://kettleandfire.com/login,https://www.kettleandfire.com/account/login
kibsi.com,none,,,https://kibsi.com/login,https://kibsi.com/login
kidpass.com,none,,,https://kidpass.com/login,https://www.beginlearning.com/?utm_source=kidpass&utm_medium=redirect&utm_campaign=site_migration
kinde.com,generic_sso,,txt:Sign in with SSO,https://app.kinde.com/admin,https://app.kinde.com/oauth2/auth?client_id=reg%40live&org_code=org_9694d45750e&redirect_uri=https%3A%2F%2Fapp.kinde.com%2Fcallback&response_type=code&scope=openid+profile+email&state=0a2f3147ef6e3fec&supports_reauth=true
kino.studio,none,,,https://kino.studio/login,https://kino.studio/login
kits.com,none,,,https://www.kits.com/login,https://www.kits.com/login
kiwicollection.com,none,,,https://kiwicollection.com/login,https://kiwicollection.com/login
klassroom.co,none,,,https://klass.ly,https://klass.ly/
klover.app,none,,,https://klover.app/login,https://www.joinklover.com/login
knowi.com,generic_sso,,txt:SAML,https://knowi.com/login,https://knowi.com/login
kocla.com,none,,,https://kocla.com/login,https://kocla.com/login
kokolu.com,none,,,https://kokolu.com/login,https://kokolu.eco/password
komi.io,none,,,https://platform.komi.io/,https://platform.komi.io/
koodoo.global,none,,,https://koodoo.global/login,https://www.koodoo.global/login
korukids.co.uk,none,,,https://www.korukids.co.uk/dashboard/login,https://www.korukids.co.uk/account/login
kraftful.com,none,,,https://kraftful.com/login,https://www.kraftful.com/login
kubiya.ai,none,,,https://app.kubiya.ai,https://kubiya.us.auth0.com/u/organization?state=hKFo2SBuNU52R0lVSk56UEUtRUpINUQzaGttLV9Sdl9nbURIYqFutnByZS1sb2dpbi1vcmdhbml6YXRpb26jdGlk2SBvTzNYYWFiMTd2TFJQLTd2WXl0NlFyTWRwcnZTaGx4QqNjaWTZIFN4cFA5T1U3VlN2dlBpdkhGUVk1R2V0M3VDMUJ4NEpm
kuvera.in,none,,,https://kuvera.in/login,https://kuvera.in/login
labconyc.com,none,,,https://labconyc.com/signin,https://labconyc.com/signin
lakesdistillery.com,none,,,https://lakesdistillery.com/login,https://lakesdistillery.com/login
landing.jobs,none,,,https://landing.jobs/login,https://landing.jobs/login
lanieri.com,none,,,https://lanieri.com/login,https://lanieri.com/login
lastminute.com,none,,,https://www.instagram.com/accounts/login/?next=https%3A%2F%2Fwww.instagram.com%2Flastminute_com%2F%3Fref%3Dbadge,https://www.instagram.com/accounts/login/?next=https%3A%2F%2Fwww.instagram.com%2Flastminute_com%2F%3Fref%3Dbadge
lawlessbeauty.com,none,,,https://lawlessbeauty.com/account,https://lawlessbeauty.com/account/login?return_url=%2Faccount
lazada.sg,microsoft,,btn:Microsoft,https://lazada.sg/login,https://www.lazada.sg/#?
leadsrx.com,none,,,https://leadsrx.com/login,https://leadsrx.com/login
learnhownow.com,none,,,https://learnhownow.com/login,https://learnhownow.com/login
leetcode.com,none,,,https://leetcode.com/login,https://leetcode.com/u/login/
legitpatents.com,none,,,https://login.legislate.ai/u/login?state=hKFo2SBHWlFrYmxzeEctX3VyaHlRMDdVMVlyMUF6cUVjVHFmdKFur3VuaXZlcnNhbC1sb2dpbqN0aWTZIG0wdXc3WlBsaG9EZ2pic2lubHdtWExvOHdmbGxnWEI1o2NpZNkgellma3pRemhGM2VYVGNNSVYzTkNzRlR2eHFUVjlhU0Y,https://login.textmine.com/u/login/identifier?state=hKFo2SBjeXI2ZVB4YmRYTTIySVlJc0tYSEdEQlV2blAzTWk3UKFur3VuaXZlcnNhbC1sb2dpbqN0aWTZIGJsd3p5Q05YNzJGOWpYRFdqa01KOEZiaHRkN0RwODhLo2NpZNkgSWpYNHdXUGd2SFZ1TERpWGoxWlR3cktybGliVURlUWo
lendingkart.com,none,,,https://lendingkart.com/login,https://lendingkart.com/login
letsbuild.com,none,,,https://www.aproplan.com/login,https://www.aproplan.com/login
levelnext.com,none,,,https://levelnext.com/login,https://www.afternic.com/forsale/levelnext.com?utm_source=TDFS_DASLNC&utm_medium=parkedpages&utm_campaign=x_corp_tdfs-daslnc_base&traffic_type=TDFS_DASLNC&traffic_id=daslnc&
libsyn.com,none,,,https://five-api.libsyn.com/auth/authorize?client_id=Libsyn5&state=09e83cau1kmi&redirect_uri=https%3A%2F%2Ffive.libsyn.com%2F%3F_ga%3D2.221815960.1429756797.1660572676-1571578748.1639535206%26_gac%3D1.226292072.1658521338.Cj0KCQjw8uOWBhDXARIsAOxKJ2HmUW5qed2FljiX-ywSu-m-VLlYFd4jJDaS9OJlXiuiqbdOuXd66kYaAugYEALw_wcB,https://five-api.libsyn.com/auth/authorize?client_id=Libsyn5&state=09e83cau1kmi&redirect_uri=https%3A%2F%2Ffive.libsyn.com%2F%3F_ga%3D2.221815960.1429756797.1660572676-1571578748.1639535206%26_gac%3D1.226292072.1658521338.Cj0KCQjw8uOWBhDXARIsAOxKJ2HmUW5qed2FljiX-ywSu-m-VLlYFd4jJDaS9OJlXiuiqbdOuXd66kYaAugYEALw_wcB
lifekey.co,none,,,https://lifekey.co/login,https://lifekey.co/login
lightdash.com,none,,,https://app.lightdash.cloud/login,https://app.lightdash.cloud/login
lightup.ai,none,,,https://lightup.ai/login,https://www.lightup.ai/login
limacharlie.io,none,,,https://limacharlie.io/login,https://limacharlie.io/login
linercorp.com,none,,,https://linercorp.com/login,https://linercorp.com/login
linkly.com.au,none,,,https://linkly.com.au/login,https://linkly.com.au/wp-login.php
liquidmarketplace.io,none,,,https://liquidmarketplace.io/login,https://liquidmarketplace.io/login
liveaction.com,none,,,https://mypeek.liveaction.com/login.php,https://mypeek.liveaction.com/login.php
livelarq.com,none,,,https://livelarq.com/login,https://www.livelarq.com/login
livongo.com,none,,,https://livongo.com/login,https://livongo.com/login
locallogic.co,none,,,https://neighborhoodintel.locallogic.co/auth/login,https://neighborhoodintel.locallogic.co/auth/login
lodasmarkets.com,none,,,https://lodasmarkets.com/login,https://lodasmarkets.com/login
loginradius.com,none,,,https://console.loginradius.com/login,https://console.loginradius.com/login
lolamarket.com,none,,,https://accounts.google.com/ServiceLogin?service=wise&passive=1209600&continue=https://drive.google.com/file/d/1iLI4HZPoCC_NM0NL8sPhySSPNydd8oMj/view?usp%3Dsharing&followup=https://drive.google.com/file/d/1iLI4HZPoCC_NM0NL8sPhySSPNydd8oMj/view?usp%3Dsharing,https://accounts.google.com/v3/signin/identifier?continue=https%3A%2F%2Fdrive.google.com%2Ffile%2Fd%2F1iLI4HZPoCC_NM0NL8sPhySSPNydd8oMj%2Fview%3Fusp%3Dsharing&dsh=S1763553506%3A1781888348033371&followup=https%3A%2F%2Fdrive.google.com%2Ffile%2Fd%2F1iLI4HZPoCC_NM0NL8sPhySSPNydd8oMj%2Fview%3Fusp%3Dsharing&passive=1209600&service=wise&flowName=GlifWebSignIn&flowEntry=ServiceLogin&ifkv=AcDsRvz3GoDLpApzZTHTaLz02gODd5Ipn5I9hu_qmqk8aMdkhAqrYPuQURX0OX4SC0_PiJYVX1JF
loopme.com,none,,,https://loopme.com/login,https://loopme.ai/wp-login.php
loupedeck.com,none,,,https://account.loupedeck.com/?__hstc=258665239.54572ef78680de0be808e85dca23d282.1781888373430.1781888373430.1781888373430.1&__hssc=258665239.1.1781888373431&__hsfp=754f769d5c6cb91903196b3d8be0efce,https://account.loupedeck.com/?__hstc=258665239.54572ef78680de0be808e85dca23d282.1781888373430.1781888373430.1781888373430.1&__hssc=258665239.1.1781888373431&__hsfp=754f769d5c6cb91903196b3d8be0efce
loverly.com,none,,,https://loverly.com/login,https://loverly.com/login
lucidlink.com,none,,,https://app.lucidlink.com/login,https://app.lucidlink.com/login
lulalend.co.za,none,,,https://lulalend.co.za/login,https://lulalend.co.za/login
lumenpulse.com,none,,,https://www.lumenpulse.com/login,https://www.lumenpulse.com/login
lunapbc.com,none,,,https://app.lunapbc.com/login,https://app.lunapbc.com/login
luxusco.com,none,,,https://portal.navfundservices.com/navportalcore/login/4117,https://portal.navfundservices.com/navportalcore/login/4117
lyft.com,none,,,https://lyft.com/login,https://account.lyft.com/auth
lytics.com,generic_sso,,txt:Single Sign-on,https://app.lytics.com,https://app.lytics.com/login?table=user
machinations.io,none,,,https://machinations.io/login,https://machinations.io/login
maersk.com,none,,,https://accounts.maersk.com/login,https://accounts.maersk.com/login
magisto.com,none,,,https://magisto.com/login,https://www.magisto.com/connect
maisonsport.com,none,,,https://maisonsport.com/login,https://maisonsport.com/en/login?redirect=%2F
malwarebytes.com,none,,,https://my.malwarebytes.com/en/login,https://sso.malwarebytes.com/realms/idms/protocol/openid-connect/auth?client_id=coruscant&redirect_uri=https%3A%2F%2Fmy.malwarebytes.com%2Fsecure-hub&response_type=code&scope=openid&state=61fc8d5d1a0944e2b3663d7cee1057cb&code_challenge=26cTyymskp1Evx64a7bGAjMWKPTGxqONYWBnNyANCk8&code_challenge_method=S256&ui_locales=en
manfredlondon.com,none,,,https://manfredlondon.com/login,https://www.manfredlondon.com/wp-login.php
mapbox.com,none,,,https://account.mapbox.com/auth/signin,https://account.mapbox.com/auth/signin/
marcolini.com,none,,,https://marcolini.com/login,https://marcolini.com/login
marketwagon.com,none,,,https://marketwagon.com/login,https://shop.marketwagon.com/shop
marta.de,none,,,https://app.marta.de/auth/login,https://app.marta.de/auth/login
massivebio.com,none,,,https://network.massivebio.com/sign-in/physician/,https://network.massivebio.com/sign-in/physician/
matchory.com,microsoft,,btn:Sign in with Microsoft,https://discovery.matchory.com/auth/signin,https://discovery.matchory.com/auth/signin
mattermost.com,none,,,https://mattermost.com/login,https://mattermost.com/wp-login.php
maxpay.com,none,,,https://my.maxpay.com/#/signin,https://my.maxpay.com/#/signin
mdally.com,none,,,https://allynet.mdally.com/,https://allynet.mdally.com/users/sign_in
meb.gov.tr,none,,,https://e-kurs.meb.gov.tr/Login.aspx,https://e-kurs.meb.gov.tr/Login.aspx
meddo.in,none,,,https://meddo.in/login,https://meddo.in/login
medino.com,none,,,https://medino.com/login,https://www.medino.com/login
meeno.com,none,,,https://meeno.com/login,https://meeno.com/login/
meetleo.co,none,,,https://insights-app.meetleo.com/signup/register?productKey=pnce_sub_2026_01&credits=750&paymentType=yearly,https://insights-app.meetleo.com/signup/register?productKey=pnce_sub_2026_01&credits=750&paymentType=yearly&leadId=f376zh5922w
meewee.com,none,,ERR:dns,,
memories.ai,none,,,https://memories.ai/login,https://memories.ai/login
mentra.com,none,,,https://mobile.mentra.com/,https://mobile.mentra.com/auth/signup
merge.dev,none,,,https://merge.dev/login,https://www.merge.dev/login
messari.io,none,,,https://messari.io/login,https://messari.io/login
meteor.com,none,,,https://meteor.com/login,https://www.meteor.com/login
metrobi.com,none,,,https://metrobi.com/login,https://metrobi.com/wp-login.php
mfour.com,none,,,https://mfour.com/login,https://www.mfour.com/wp-login.php
micron.com,none,,,https://micron.com/login,https://www.micron.com/login
mightypea.co.uk,none,,,https://mightydrinks.com/customer_authentication/redirect?locale=en&region_country=GB,https://account.mightydrinks.com/authentication/login?client_id=fdb1bd40-40f3-4027-a540-0e7f8a4780a4&locale=en-GB&redirect_uri=%2Fauthentication%2Foauth%2Fauthorize%3Fbuyer_flags%3DeyJhbGciOiJIUzI1NiJ9.eyJpc3MiOiJtaWdodHktcGVhLm15c2hvcGlmeS5jb20iLCJmbGFncyI6W10sImV4cCI6MTc4MjQ5NDQ4NSwibmJmIjoxNzgxODg5Njg1fQ.uyi7tJBPsuBth67EcOytXK7JZmBbNyGfKOhkie02Bjk%26client_id%3Dfdb1bd40-40f3-4027-a540-0e7f8a4780a4%26locale%3Den-GB%26nonce%3Df4f64095-213a-45cd-9322-c2ba213dc173%26redirect_uri%3Dhttps%253A%252F%252Faccount.mightydrinks.com%252Fcallback%26region_country%3DGB%26response_type%3Dcode%26scope%3Dopenid%2Bemail%2Bcustomer-account-api%253Afull%26state%3DhWNDWkCQhDtvg53TkkMQEMJa&region_country=GB
millions.co,none,,,https://campaign.millions.co/sign-in,https://campaign.millions.co/sign-in
mindgram.com,microsoft,,btn:Continue with Microsoft,https://app.mindgram.com/login?utm_source=mindgram.com&utm_medium=link&utm_term=register_login&utm_content=register_login_header_link,https://app.mindgram.com/login?utm_source=mindgram.com&utm_medium=link&utm_term=register_login&utm_content=register_login_header_link
minio.io,none,,,https://www.min.io/product/aistor/iceberg-catalog-interface,https://www.min.io/product/aistor/iceberg-catalog-interface
heist-studios.com,none,,,https://heist-studios.com/login,https://heist-studios.com/login
hippovideo.io,none,,,https://hippovideo.io/login,https://www.hippovideo.io/login
honeycombcredit.com,none,,,https://invest.honeycombcredit.com/login,https://invest.honeycombcredit.com/login
hotdoc.com.au,none,,,https://hotdoc.com.au/login,https://www.hotdoc.com.au/medical-centres/login
houzz.com,none,,,https://www.houzz.com/houzz-login/u=aHR0cHM6Ly93d3cuaG91enouY29tLw=/s=aG9tZQ=,https://www.houzz.com/houzz-login/u=aHR0cHM6Ly93d3cuaG91enouY29tLw=/s=aG9tZQ=
hu.man.ai,microsoft,,txt:Continue with Microsoft,https://app.personal.ai/login,https://auth.personal.ai/realms/pai/protocol/openid-connect/auth?client_id=pai-webapp&redirect_uri=https%3A%2F%2Fapp.personal.ai%2Fworkspaces&state=6f35c94b-47fb-4fc4-9485-7db291b0217a&response_mode=fragment&response_type=code&scope=openid+profile&nonce=ac3c7f13-4784-4907-920e-30b1cd728dee&prompt=login&code_challenge=jDbsRgB9bM9IYT8akD29Hg_xqnAH9RMfdwxcGo3bGAk&code_challenge_method=S256
hullspeedassociates.com,none,,,https://hullspeedassociates.com/login,https://hsa-global.com/login
huobi.com,none,,,https://huobi.com/login,https://huobi.com/login
hyloathletics.com,none,,,https://hyloathletics.com/login,https://hyloathletics.com/login
iask.ai,none,,,https://iask.ai/login,https://iask.ai/
iconsavingsplan.com,none,,,https://employer.iconsavingsplan.com/login,https://employer-login.iconsavingsplan.com/login?state=hKFo2SA0RFlxT2E0RW9WcHpHOFQxTXZmLWFERFZaZThDamh0YaFupWxvZ2luo3RpZNkgaGt0b0Jpa1BneGgtN3JNVGR2X2xxMEVLNnpTS0FxRmijY2lk2SA5OWZGUW1tcmlKbmtVa3duVVBuaDJjTjh3U3RmYzIyVA&client=99fFQmmriJnkUkwnUPnh2cN8wStfc22T&protocol=oauth2&scope=openid%20profile%20email%20offline_access&audience=https%3A%2F%2Femployer-api.iconsavingsplan.com&redirect_uri=https%3A%2F%2Femployer.iconsavingsplan.com&response_type=code&response_mode=query&nonce=S2RBLXUyM216WEZYbHJSWkpKOE9RV1JjelRQOVgyX1RvdE5ObFVTMG9hbw%3D%3D&code_challenge=HZHz0q6lkWC-WU3lA-ex2iEIF80eDQNqH5SqLgcfy1U&code_challenge_method=S256&auth0Client=eyJuYW1lIjoiYXV0aDAtc3BhLWpzIiwidmVyc2lvbiI6IjIuMi4wIn0%3D
idscan.net,none,,,https://idscan.net/login,https://idscan.net/login/
ikbenfrits.nl,none,,,https://app.ikbenfrits.nl/login/,https://app.ikbenfrits.nl/login/
immail.ca,none,,,https://web.immail.ca/user/login,https://web.immail.ca/user/login
imperva.com,none,,,https://imperva.com/login,https://supportportal.thalesgroup.com/csm
incorta.com,none,,,https://auth.incorta.com/u/login/identifier?state=hKFo2SBwVEdSQ3ZadVRjSWh1MXMtWjF1UHNQU0M5U1ZWUVN2R6Fur3VuaXZlcnNhbC1sb2dpbqN0aWTZIHBmOTdVWS12RS1MM3dwdXdBcV81X204b09hZVNhWmRao2NpZNkgTm9VbkMwZVR4bnF3YzRJN2h3Rk1wN1BBTlA4VWp1MVk,https://auth.incorta.com/u/login/identifier?state=hKFo2SA5MUlFdmh5US1lZ1Z1eF9mZll3aTBtdC14amRJTE1mQaFur3VuaXZlcnNhbC1sb2dpbqN0aWTZIDMycFJVMUY2bWg2c3h0OWZweWQ1N1R4SjVLR1hLcDFho2NpZNkgTm9VbkMwZVR4bnF3YzRJN2h3Rk1wN1BBTlA4VWp1MVk
infactory.ai,none,,,https://infactory.ai/login,https://www.infactory.ai/login
inflect.com,none,,,https://inflect.com/login,https://inflect.com/login
infraclear.com,none,,,https://auth.infraclear.com/signup?access=pro,https://auth.infraclear.com/signup?access=pro
inkitt.com,none,,,https://inkitt.com/login,https://www.inkitt.com/
inocras.com,none,,,https://portal.inocras.com/login,https://portal.inocras.com/login
inspace.app,microsoft,,btn:Sign In With Microsoft,https://my.inspace.app/,https://my.inspace.app/auth/sign-in
instapay.pl,none,,,https://app.instapay.pl/signup,https://app.instapay.pl/signup
intel.com,microsoft,,cfg:login.microsoftonline,https://designintools.intel.com/,https://designintools.intel.com/designinstore
intentionet.com,none,,,https://intentionet.com/login,https://batfish.org/
internxt.com,none,,,https://drive.internxt.com/login?,https://drive.internxt.com/login?
intuilab.com,generic_sso,,txt:SSO,https://my.intuiface.com/login.aspx,https://my.intuiface.com/login.aspx
invideo.io,none,,,https://studio.invideo.io/signup,https://studio.invideo.io/signup
involve.me,microsoft,,txt:Sign in with Microsoft,https://app.involve.me/login,https://app.involve.me/login
ipaymy.com,none,,,https://sg.ipaymy.com/login,https://sg.ipaymy.com/login
irisvr.com,none,,,https://account.irisvr.com/prospect,https://account.irisvr.com/login?redirect=prospect
isometric.com,none,,,https://isometric.com/login,https://isometric.com/login
iticapital.com,none,,,https://iticapital.com/login,https://iticapital.com/login
iyzico.com,none,,,https://merchant.iyzipay.com/auth/login,https://merchant.iyzipay.com/auth/login
jammcard.com,none,,,https://jammcard.com/login,https://jammcard.com/login
jdrf.org,none,,,https://www2.breakthrought1d.org/site/UserLogin?NEXTURL=SPageNavigator%2Fmy_events.html,https://www2.breakthrought1d.org/site/UserLogin?NEXTURL=SPageNavigator%2Fmy_events.html
jellynote.com,none,,ERR:dns,,
jetsmarter.com,none,,,https://flyxo.com/signup/,https://flyxo.com/signup/
jobberman.com,none,,,https://www.jobberman.com/account/login,https://www.jobberman.com/account/login
jobright.ai,none,,,https://jobright.ai/login,https://jobright.ai/login
joinbonsai.co,none,,,https://joinbonsai.co/login,https://joinbonsai.co/login
joinender.com,none,,,https://app.joinender.com/,https://app.joinender.com/auth/login?next=%2Fclub
joinhopscotch.com,none,,,https://app.joinhopscotch.com/signin,https://app.joinhopscotch.com/signin
joinrise.co,none,,,https://joinrise.co/login,https://joinrise.co/login
joloda.com,none,,,https://joloda.com/login,https://www.joloda.com/login/
jotpsych.com,none,,,https://jotpsych.com/login,https://jotpsych.com/login
jubilee.works,none,,,https://jubilee.works/login,https://timetreeapp.com/intl/en/corporate
jumpshare.com,microsoft,yes,net:msftauth.net,https://jumpshare.com/login,https://jumpshare.com/login
jupiter.co,none,,,https://creators.jupiter.co/,https://creators.jupiter.co/
justsift.com,none,,,https://login.justsift.com,https://login.justsift.com/
kaigohealth.com,none,,,https://kaigohealth.com/login,https://kaigohealth.com/login
kaleidofin.com,none,,,https://goals.corp.kaleidofin.com/#/login?redirect=mandate,https://goals.corp.kaleidofin.com/#/login?redirect=mandate
kasa.com,none,,,https://kasa.com/login,https://kasa.com/login
kawo.com,generic_sso,,txt:SSO,https://app.kawo.com/,https://app.kawo.com/login
keen.io,none,,,https://keen.io/users/login,https://keen.io/users/login
kevala.care,none,,,http://app.kevala.care/login,https://login.kevala.care/u/login/identifier?state=hKFo2SBaMmVXdzJkYW9Cb09HVjhicV9hYnZLNHAwYUFfXzV4bqFur3VuaXZlcnNhbC1sb2dpbqN0aWTZIGJ1MHRKeEI4ZVd5SU5DOHF5a0RWdWlpWURtUnlTSVlZo2NpZNkgeVUxTTVFS0haMVE0OExER016bmtLZTgwR29uN2hqQjY
kick.co,none,,,https://use.kick.co/login,https://use.kick.co/
kidsbrandstore.se,none,,,https://kidsbrandstore.se/login,https://kidsbrandstore.se/login
kindertales.com,none,,,https://login.kindertales.com/oauth/account/login,https://login.kindertales.com/oauth/account/login
kintohub.com,none,,,https://kintohub.com/login,https://www.kintohub.com/login/
kittl.com,none,,,https://kittl.com/login,https://www.kittl.com/login
kiwicrate.com,none,,,https://kiwicrate.com/login,https://www.kiwico.com/login
klaviyo.com,generic_sso,,txt:SSO,https://www.klaviyo.com/login,https://www.klaviyo.com/login
kms.com.vn,none,,,,
knowledgenet.ai,microsoft,,btn:Continue with Microsoft,https://app.knowledgenet.ai/login,https://app.knowledgenet.ai/login
kodahealthcare.com,none,,,https://www.kodahealthcare.com/author/taylorkodahealthcare-com/,https://www.kodahealthcare.com/author/taylorkodahealthcare-com/
kokopelli.com,none,,,https://kokopelli.com/account/login,https://shopify.com/authentication/46292795554/login?client_id=36435bd9-e4a9-4b65-84c7-f1e8e69b975c&locale=en-US&redirect_uri=%2Fauthentication%2F46292795554%2Foauth%2Fauthorize%3Fbuyer_flags%3DeyJhbGciOiJIUzI1NiJ9.eyJpc3MiOiJrb2tvcGVsbGktcGFja3JhZnRzLm15c2hvcGlmeS5jb20iLCJmbGFncyI6W10sImV4cCI6MTc4MjQ5MjMwOCwibmJmIjoxNzgxODg3NTA4fQ.vxrF3dU5dZWRHouCDcdS9q52saY9z5oXmB1SflG-2xE%26client_id%3D36435bd9-e4a9-4b65-84c7-f1e8e69b975c%26locale%3Den-US%26nonce%3D1a11cf1d-fb37-439b-9e0f-7fcb14c27d3c%26redirect_uri%3Dhttps%253A%252F%252Fshopify.com%252F46292795554%252Faccount%252Fcallback%26region_country%3DUS%26response_type%3Dcode%26scope%3Dopenid%2Bemail%2Bcustomer-account-api%253Afull%26state%3DhWNDWgWYcDuEShxrBajIxwf4&region_country=US
kompany.com,none,,,https://kompany.com/login,https://www.kompany.com/
koop.ai,none,,,https://client-portal.koop.ai/,https://client-portal.koop.ai/login
kos.com,none,,,https://kos.com/a/account/login,https://kos.com/a/account/login
kraken.com,none,,,https://id.kraken.com/sign-in?rfr=consumer-web&preferTheme=light,https://id.kraken.com/sign-in
kucoin.com,none,,,https://kucoin.com/login,https://www.kucoin.com/ucenter/signin
kuvrd.ca,none,,,https://kuvrd1.goaffpro.com/login?ref=lxz347epvd,https://kuvrd1.goaffpro.com/login?ref=lxz347epvd
labcorp.com,none,,,https://www.labcorp.com/logins,https://www.labcorp.com/logins
lalilo.com,none,,,https://lalilo.com/login,https://www.lalilo.com/login
landoop.com,none,,,https://landoop.com/login,https://lenses.io/login
lanjinger.com,none,,,https://lanjinger.com/signin,https://lanjinger.com/signin
lastobject.com,none,,,https://lastobject.com/customer_authentication/redirect?locale=en&region_country=US,https://shopify.com/authentication/22533931085/login?client_id=f029fde5-b05a-4b64-b5cf-7cdec582bfa5&locale=en-US&redirect_uri=%2Fauthentication%2F22533931085%2Foauth%2Fauthorize%3Fbuyer_flags%3DeyJhbGciOiJIUzI1NiJ9.eyJpc3MiOiJsYXN0c3dhYi5teXNob3BpZnkuY29tIiwiZmxhZ3MiOltdLCJleHAiOjE3ODI0OTI5NjcsIm5iZiI6MTc4MTg4ODE2N30.3HZ1hW-zBHVw11f-MS0HpPjtaE9XsliM9XjQdNzIJLQ%26client_id%3Df029fde5-b05a-4b64-b5cf-7cdec582bfa5%26locale%3Den-US%26nonce%3Db4f123fa-719d-4f09-9d43-88af75454b9c%26redirect_uri%3Dhttps%253A%252F%252Fshopify.com%252F22533931085%252Faccount%252Fcallback%26region_country%3DUS%26response_type%3Dcode%26scope%3Dopenid%2Bemail%2Bcustomer-account-api%253Afull%26state%3DhWNDWhdR4yyxRTOxsEdc6L3a&region_country=US
lawpath.com.au,none,,,https://my.lawpath.com/auth/sign-in?callbackUrl=%2F%3F_ga%3D2.117971147.37367311.1664154098-244323836.1650506415,https://my.lawpath.com/auth/sign-in?callbackUrl=%2F%3F_ga%3D2.117971147.37367311.1664154098-244323836.1650506415
lazarus.com,none,,,https://lazarus.com/login,https://www.lazarus.com/wp-login.php
leadway.com,none,,,https://self-service.leadway.com/,https://self-service.leadway.com/login
learnify.ca,none,,,https://learnify.ca/login,https://learnify.ca/login
lefonds.vc,none,,ERR:dns,,
legrand.us,none,,,https://legrand.us/login,https://www.legrand.us/login
lendsecured.eu,none,,ERR:dns,,
letsdothis.com,none,,,https://letsdothis.com/login,https://www.letsdothis.com/login
levelset.com,none,,,https://app.levelset.com/main/login/,https://app.levelset.com/main/login/
lick.com,none,,,https://lick.com/login,https://www.lick.com/uk/login
lifepack.id,none,,,https://lifepack.id/login,https://lifepack.id/login
lightfoot.co.uk,none,,,https://my.lightfoot.co.uk/,https://login.lightfoot.co.uk/login
lightyear.ai,generic_sso,,txt:SSO,https://app.lightyear.ai/dashboard/home,https://app.lightyear.ai/account/login
limited.xyz,none,,,https://web.limitedapp.com/signup,https://web.limitedapp.com/signup
lingbe.com,none,,,https://lingbe.com/login,https://lingbe.com/wp-login.php
linkup.so,none,,,https://linkup.so/login,https://www.linkup.so/login
liquidonate.com,none,,,https://dashboard.liquidonate.com/auth/login,https://dashboard.liquidonate.com/auth/login
liveblocks.io,none,,,https://liveblocks.io/login,https://liveblocks.io/login
livelyroot.com,none,,,https://livelyroot.com/login,https://www.livelyroot.com/login
lleverage.ai,microsoft,,btn:Continue with Microsoft,https://signin.lleverage.ai/,https://signin.lleverage.ai/?client_id=client_01J84VAX05AVS0BBD01M9WQDQ2&redirect_uri=https%3A%2F%2Fapp.lleverage.ai%2Fauth%2Fredirect&state=eyJyZXR1cm5QYXRobmFtZSI6Ii8ifQ%3D%3D&authorization_session_id=01KVGDCNGHSDA61QQ5M0WWQSG7
localmilkrun.com,none,,,https://localmilkrun.com/login,http://www.localmilkrun.com/login
lodgify.com,none,,,https://app.lodgify.com/login/en/,https://app.lodgify.com/login/en/
logistikbude.com,microsoft,,btn:SIGN IN WITH MICROSOFT,https://app.logistikbude.com/Home/Login?ReturnUrl=%2F,https://app.logistikbude.com/Home/Login?ReturnUrl=%2F
lolli.com,none,,,https://lolli.com/login,https://lolli.com/login
loopreturns.com,none,,,https://admin.loopreturns.com/,https://admin.loopreturns.com/
lovable.dev,generic_sso,,txt:SSO,https://lovable.dev/login,https://lovable.dev/login
lovesac.com,none,,,https://lovesac.com/login,https://www.lovesac.com/login
lucidmotors.com,none,,,https://lucidmotors.com/login,https://lucidmotors.com/login
lularides.com,none,,,https://lularides.com/login,https://lularides.com/login
lumi.com,none,,,https://lumi.com/signin,https://lumi.com/signin
hellomantle.com,none,,,https://hellomantle.com/login,https://mantleskin.com/login
hisawyer.com,none,,,https://hisawyer.com/login,https://www.hisawyer.com/login
hopefulinc.me,none,,,https://hopefulinc.me/login,https://hopefulinc.me/login
hotelgyms.com,none,,,https://hotelgyms.com/login,https://www.hotelgyms.com/login
howdydesign.co.uk,none,,,https://howdydesign.co.uk/login,https://howdy-pardners.com/login
huatudigital.com,none,,,https://huatudigital.com/login,https://huatudigital.com/login
humaans.io,microsoft,,btn:Sign in with Microsoft,https://app.humaans.io,https://app.humaans.io/login
huq.io,none,,,https://lighthouse.huq.io/login,https://lighthouse.huq.io/login
hypar.io,generic_sso,,btn:SSO,https://hypar.io/login,https://hypar.io/login
ibanera.com,none,,,https://ibanera.com/login,https://ibanera.com/login
icrunchdata.com,none,,,https://icrunchdata.com/login,https://icrunchdata.com/login
idwell.com,none,,,https://idwell.com/login,https://www.idwell.com/login
ikigailabs.io,generic_sso,,txt:SSO,https://app.ikigailabs.io/,https://app.ikigailabs.io/apps
immerse.online,none,,,https://app.immerse.online/login?_gl=1*te8x96*_gcl_au*MjAyNDAyNzM0Ni4xNzcyNTc2ODE1*_ga*MTY4MjkxMjM5Mi4xNzcyNTgxMTI5*_ga_WRXYW1170G*czE3NzI2NzgxOTEkbzIkZzEkdDE3NzI2Nzk1MjIkajU5JGwwJGgw,https://app.immerse.online/login?_gl=1*te8x96*_gcl_au*MjAyNDAyNzM0Ni4xNzcyNTc2ODE1*_ga*MTY4MjkxMjM5Mi4xNzcyNTgxMTI5*_ga_WRXYW1170G*czE3NzI2NzgxOTEkbzIkZzEkdDE3NzI2Nzk1MjIkajU5JGwwJGgw
implix.com,microsoft,,btn:Log in with Microsoft,https://app.getresponse.com/login?lang=en,https://app.getresponse.com/login?lang=en
increase.app,none,,,https://auth.increase.app/login,https://auth.increase.app/login?login_challenge=b98dcaf2477742b7abeba3c4de8ecbaa
infield.ai,none,,,https://app.infield.ai/users/sign_in,https://app.infield.ai/users/sign_in
influ2.com,none,,,https://app.influ2.com/login,https://app.influ2.com/login
infraspeak.com,none,,,https://new.infraspeak.com/,https://new.infraspeak.com/
inkr.com,none,,,https://inkr.com/login,https://inkr.com/login
inovo.vc,none,,,https://inovo.vc/login,https://inovo.vc/login
inspirage.com,none,,ERR:dns,,
instill.tech,none,,,https://instill.tech/login,https://www.instill-ai.com/
intelgenx.com,none,,,https://intelgenx.com/login,https://intelgenx.com/login
interactio.io,none,,,https://panel.interactio.io/login,https://meeting.interactio.com/
interviewbit.com,none,,,https://interviewbit.com/login,https://www.interviewbit.com/login/
inuka.io,none,,,https://app.inuka.io/#/login,https://app.inuka.io/#/login
invintory.com,none,,,https://invintory-page.onelink.me/kV22/xxe51owe,https://next.invintory.com/login?source_caller=ui&c=Login%20Button&pid=invintory_marketing_site&af_xp=custom&shortlink=xxe51owe
inworld.ai,microsoft,yes,btn:Continue with Microsoft,https://platform.inworld.ai/login,https://platform.inworld.ai/login
ipcypris.com,none,,,https://search.cypris.ai/patents/auth/login,https://cypris-ai.us.auth0.com/u/login/identifier?state=hKFo2SA2V2stZVlvMVc5dHByMlZ6ekJaYVkzb0JyNzMyUDY3UKFur3VuaXZlcnNhbC1sb2dpbqN0aWTZIEpFZFBXdDJRbDVDMjMydDRkZUoxY2QteW9nTElpR1FXo2NpZNkgVnd4Y0tjUk00WlhTb0NIalY5UzZ0OXZwZ2RrNktDMjU
iriusrisk.com,none,,,https://iriusrisk.com/login,https://www.iriusrisk.com/login
isotalent.com,none,,,https://isotalent.com/login,https://www.isotalent.com/login
itrsgroup.com,none,,,https://itrsgroup.com/login,https://www.itrsgroup.com/login
izea.com,none,,,https://izea.com/login,https://izea.com/wp-login.php
jamstack.io,none,,,https://jamstack.io/login,https://jamstack.io/login
jdstherapeutics.com,none,,,https://jdstherapeutics.com/login,https://jdstherapeutics.com/lander
jellyvision.com,none,,,https://login.myalex.com/login?state=g6Fo2SBrQnp6RFpFRVdGNUpXTGoxTzd6SmdyaWJqdHFFakNycqN0aWTZIFdRb1NOT3hpemNGcGRUM0dLazlqcU0xaTl0dkNUMERDo2NpZNkgOGlyYzg4R3VPeDVIT0FTYXQ4YUsxZzRCSWxhSTlmSkw&client=8irc88GuOx5HOASat8aK1g4BIlaI9fJL&protocol=oauth2&scope=openid%20profile%20email%20update%3Acurrent_user_metadata&audience=https%3A%2F%2Fproduction-alex-accounts.auth0.com%2Fapi%2Fv2%2F&response_type=code&response_mode=query&nonce=TzFJd0JGUVktWUpuUW9kLkVBdllMV2g4VTVFSy5jcDF%2BOTQyZjluS2hySQ%3D%3D&redirect_uri=https%3A%2F%2Fwww.myalex.com%2Fauth%2Fcallback&code_challenge=pKcxOZ54f1xb6I_T0K-AwQEAfxUUntgeKvPujgLPTG4&code_challenge_method=S256&auth0Client=eyJuYW1lIjoiYXV0aDAtc3BhLWpzIiwidmVyc2lvbiI6IjEuOC4yIn0%3D,https://login.myalex.com/u/login
jetsuite.com,none,,,https://jetsuite.com/login,https://www.jsx.com/login
jobbio.com,none,,,https://jobbio.com/login,https://jobbio.com/login
jobsurv.com,none,,,https://jobsurv.com/login,https://jobsurv.com/login
joincake.com,none,,,https://www.altogetherfuneral.com/login/,https://auth.altogetherfuneral.com/u/login/identifier?state=hKFo2SBxYWFhUmtXbDdub1BCUV9uZmJZY1dOT29OejNMS1daaaFur3VuaXZlcnNhbC1sb2dpbqN0aWTZIEtydnBFWFJwUkZWVUV6eUNwNGJHSHVnbVlJbldwYlM0o2NpZNkgeHZJTHUxSWR3aVpGcjZjWU1HTE5oT1c2a0RYUFc0dXM
joinethically.com,none,,,https://joinethically.com/login,https://joinethically.com/login
joinkoru.com,none,,,https://joinkoru.com/login,https://joinkoru.com/login
joinsherpa.com,none,,,https://joinsherpa.com/login,https://www.joinsherpa.com/login
jombone.com,none,,,https://app.jombone.com/login,https://app.jombone.com/login
journey.io,microsoft,,btn:Sign in with Microsoft,https://app.journey.io/login,https://app.journey.io/login
judy.legal,none,,,https://app.judy.legal/account/login,https://app.judy.legal/account/login
jumpstart.me,none,,,,
jurny.com,none,,,https://mos.jurny.com/login,https://mos.jurny.com/login
justzapp.com,none,,,https://justzapp.com/login,https://www.justzapp.com/login
kaiku.co,none,,,https://app.kaiku.co/login,https://app.kaiku.co/login
kalido.me,none,,,https://web.kalido.me/#/login/,https://web.kalido.me/#/login/
kasheesh.co,none,,,https://app.kasheesh.co/auth/,https://app.kasheesh.co/signin
kaymbu.com,none,,,https://my.kaymbu.com/app/login/,https://my.kaymbu.com/app/login/
keepersecurity.com,none,,,https://keepersecurity.com/en_US/console/?#login,https://keepersecurity.com/en_US/console/?#login
kevalaanalytics.com,generic_sso,,txt:Sign in with SSO,https://app.kevala.com/,https://kevalaanalytics.auth0.com/login?state=hKFo2SA3dVUxNENoZm5vX3N4NVV6RHZMeWtUMTJtakE2RXFPdKFupWxvZ2luo3RpZNkgM0xYUkpzaTdFV2lEMExLQUN3TkZleVBaX040WnlvQUqjY2lk2SBhWmJjcUNyRWVJR2RDdGtCQU1LRGZTUVFHYjV5b1Bpaw&client=aZbcqCrEeIGdCtkBAMKDfSQQGb5yoPik&protocol=oauth2&redirect_uri=https%3A%2F%2Fapp.kevala.com%2Fcomplete%2Fauth0&response_type=code&scope=openid%20profile%20email%20offline_access&audience=https%3A%2F%2Fapi.kevala.com
kickfurther.com,none,,,https://app.kickfurther.com/login,https://app.kickfurther.com/login
kiind.me,none,,,https://kiind.me/login,https://kiind.me/pagenotfound
kindhealth.co,none,,,https://kindhealth.co/login,https://www.kindhealth.ai/
kipwise.com,generic_sso,,"txt:Enterprise
Sign",https://kipwise.com/login,https://kipwise.com/login
kittoffices.com,none,,,https://kittoffices.com/login,https://www.kittoffices.com/login
kiwicredito.com,none,,,https://app.kiwicredito.com/login,https://app.kiwicredito.com/login
klearly.eu,none,,,https://klearly.eu/login,https://klearly.eu/nl/login/
knapsack.cloud,none,,,https://knapsack.cloud/login,https://www.knapsack.cloud/login
knoxfinancial.com,none,,,https://knoxfinancial.com/login,https://knoxfinancial.com/login
kodland.team,none,,ERR:dns,,
kolaybi.com,none,,,https://app.kolaybi.com/?activeForm=login,https://app.kolaybi.com/?activeForm=login
kompyte.com,none,,,https://phi.kompyte.pro/,https://phi.kompyte.pro/
koordinates.com,none,,,https://koordinates.com/login,https://id.koordinates.com/login/?next=/o/authorize/%3Fresponse_type%3Dcode%26client_id%3DyqNfpgcicL5LetDiXkHy919a0W23rH1plksHWmWS%26redirect_uri%3Dhttps%253A%252F%252Fkoordinates.com%252Flogin%252Foauth%252Fcallback%252F%26state%3DeyJjc3JmdG9rZW4iOiJyYXVzME9WT2JWRmt6QWRCZlNvb29xcXBEdU1rZDVydGNMaXRocDVvVVlPcE5ZVk9BQlF4Z3VYOUlqUDVBZXRPIiwibmV4dCI6Ii8iLCJ3YXJlaG91c2VfaWQiOjEsImhhc2hlZF9zZXNzaW9uX2tleSI6ImRmZTE3NDhlNzY5ZGFhNzYxNjQ3YTBmYTJjNDMzNjUzNzgzYzNmNDI4Njc5ZjNhZjY3NDQ0OGViYzk3ZTliNTcifQ%253A1wacEE%253AMjKmoDJCmn0ugnFCBZn0CD3sT-XnBvrt0tmwMjOceD4
kosli.com,generic_sso,,txt:single sign-on,https://app.kosli.com/,https://app.kosli.com/
kreatize.com,none,,,https://kreatize.com/login,https://www.kreatize.com/login
kudi.ai,none,,,https://dashboard.nomba.com/auth/login,https://dashboard.nomba.com/auth/login
kvi.travel,none,,,https://kvi.travel/login,https://kvi.travel/login
labdoor.com,none,,,https://labdoor.com/login,https://labdoor.com/login
hemper.co,none,,,https://hemper.co/login,https://www.hemper.co/login
hivemapper.com,none,,,https://hivemapper.com/login,https://hivemapper.com/login
hopin.com,none,,,https://hopin.com/login,https://hopin.com/login
hotels.ng,none,,,https://hotels.ng/signin,https://hotels.ng/signin
hownd.com,none,,,https://hownd.app/sign-in/,https://hownd.app/sign-in/
hubblehq.com,none,,,https://hubblehq.com/login,https://hubblehq.com/login
humanforce.com,none,,,https://humanforce.com/login,https://www.humanforce.com/login
hurrcollective.com,none,,,https://hurrcollective.com/login,https://www.hurrcollective.com/login
hypelabs.io,none,,,https://hypelabs.io/login,https://uplink.xyz/
icapitalnetwork.com,none,,,https://app.parallelmarkets.com/login,https://app.parallelmarkets.com/login
idaddy.cn,none,,,https://idaddy.cn/login,https://idaddy.cn/login
ifactory.ca,none,,,https://ifactory.ca/login,https://ifactory.ca/.well-known/sgcaptcha/?r=%2Flogin&y=ipc:146.148.42.91:1781885843.146
ikowat.com,none,,ERR:dns,,
immieats.com,none,,,https://shop.immieats.com/account/login,https://shop.immieats.com/account/login
imsvintage.com,none,,,https://imsvintage.com/signin,https://imsvintage.com/signin
indeed.com,none,,,https://secure.indeed.com/account/login?hl=en&continue=https%3A%2F%2Fwww.indeed.com,https://secure.indeed.com/auth?hl=en&continue=https%3A%2F%2Fwww.indeed.com
infinigods.com,none,,,https://infinigods.com/login,https://www.infinigods.com/login
influence.co,none,,,https://influence.co/login,https://influence.co/login
inft.co,none,,,https://app.inft.co/,https://app.inft.co/
innbeautyproject.com,none,,,https://innbeautyproject.com/login,https://innbeautyproject.com/login
inovus.org,none,,,https://totum.surgery/login,https://totum.surgery/login
inspirato.com,none,,,https://inspirato.com/login,https://www.inspirato.com/login/
institchu.com,none,,,https://institchu.com/login,https://institchu.com/login
intelinair.com,none,,,https://ag-mri.intelinair.com/,https://ag-mri.intelinair.com/login
interappusa.com,none,,ERR:dns,,
inthestyle.com,none,,,https://inthestyle.com/login,https://www.inthestyle.com/login
invact.com,none,,,https://invact.com/login,https://invact.com/login
invintorywines.com,none,,,https://invintory-page.onelink.me/kV22/xxe51owe,https://next.invintory.com/login?c=Login%20Button&pid=invintory_marketing_site&af_xp=custom&shortlink=xxe51owe&source_caller=ui
inx.co,none,,,https://one.inx.co/signup?next=trade,https://one.inx.co/signup?next=trade
ipo3.com,none,,,https://ipo3.com/login,https://www.ipo3.com/login
ironplanet.com,none,,,https://ironplanet.com/login,https://ironplanet.com/login
istegelsin.com,none,,,https://istegelsin.com/login,https://istegelsin.com/login
itrustcapital.com,none,,,https://app.itrustcapital.com/login,https://app.itrustcapital.com/login
jackerwin.com,none,,,https://jackerwin.com/login,https://www.jackerwin.com/#gbaid1766589
jane.app,none,,,https://accounts.janeapp.com/status/incidents?_rai=3ac67015-f24d-4fc0-99f6-fe7307435156,https://accounts.janeapp.com/status/incidents?_rai=3ac67015-f24d-4fc0-99f6-fe7307435156
jeantet.fr,none,,,https://jeantet.fr/login,https://www.jeantet.fr/login
jenfi.com,none,,,https://jenfi.com/login,https://jenfi.com/.well-known/sgcaptcha/?r=%2Flogin&y=ipc:136.113.108.52:1781886414.757
jettly.com,none,,,https://jettly.com/login,https://jettly.com/login
joberty.rs,none,,,https://joberty.rs/login,https://www.joberty.com/sr/login
jobteaser.com,none,,,https://jobteaser.com/login,https://www.jobteaser.com/login
joincoa.com,none,,,https://app.joincoa.com/log-in,https://app.joincoa.com/log-in
joinfleek.com,none,,,https://joinfleek.com/login,https://www.joinfleek.com/login
joinkudos.com,none,,,https://joinkudos.com/login,https://www.joinkudos.com/login
joinsmiler.com,none,,,https://joinsmiler.com/login,https://joinsmiler.com/login
joonko.co,none,,ERR:dns,,
journeyfoods.com,none,,,https://app.journeyfoods.io,https://app.journeyfoods.io/auth/login
juggle.jobs,none,,ERR:dns,,
june.energy,none,,,https://app.june.energy/login,https://app.june.energy/login
just-wears.com,none,,,https://just-wears.com/login,https://just-wears.com/login
juwai.com,none,,,https://list.juwai.com/signup?type=Other,https://list.juwai.com/signup?type=Other
kairos.com,none,,,https://developer.kairos.com/login/digital_onboarding,https://developer.kairos.com/login/digital_onboarding
kalshi.com,none,,,https://kalshi.com/login,https://kalshi.com/login
katalon.com,generic_sso,,txt:Continue with SSO,https://katalon.com/login,https://login.katalon.com/realms/katalon/protocol/openid-connect/auth?client_id=katalon-marketing&response_type=code&scope=openid&redirect_uri=https%3A%2F%2Fkatalon.com%2Fsetup&referrer_page=
kbra.com,none,,,https://kbra.com/login,https://www.kbra.com/login
kempinski.com,none,,,https://kempinski.com/login,https://www.kempinski.com/en/
key.co,none,,,https://key.co/login,https://key.co/login
kickgame.co.uk,none,,,https://kickgame.co.uk/login,https://kickgame.co.uk/login
killcliff.com,none,,,https://killcliff.com/login,https://killcliff.com/login
kine.io,none,,ERR:dns,,
kira-learning.com,none,,,https://app.kira-learning.com/login/,https://app.kira-learning.com/login/
kittyhawk.io,none,,,https://kittyhawk.io/login,https://kittyhawk.io/login
kizik.com,none,,,https://kizik.com/login,https://kizik.com/login
klikit.io,none,,,https://cloud.klikit.io,https://cloud.klikit.io/
knime.com,none,,,https://knime.com/login,https://www.knime.com/login
koala.com,none,,,https://koala.com/login,https://us.koala.com/login
koho.ca,none,,,https://web.koho.ca/login,https://login.koho.ca/u/login/identifier?state=hKFo2SBTWnpFeFRBSmRhbHFMekwwUFhpUmhTR1ZzZzR3c1Fxd6Fur3VuaXZlcnNhbC1sb2dpbqN0aWTZIEY1THpMS1AyY2dGUEx6Q3hZYzZXVjFGTDN0eHBoTE5No2NpZNkgam1rTEh1bksxcDF3NDhNNVdnRk9vS1hEd2tBc0lscFI&ui_locales=en-CA
kolayik.com,none,,,https://app.kolayik.com/login,https://app.kolayik.com/login
kondukto.io,none,,,https://kondukto.io/login,https://kondukto.io/login
korbit.ai,none,,,https://korbit.ai/login,https://korbit.ai/login
kota.io,none,,,https://kota.io/login,https://www.kota.io/login
krepling.com,none,,,https://app.krepling.com/index.php/login,https://app.krepling.com/index.php/login
kudi.com,none,,,https://dashboard.nomba.com/auth/login,https://dashboard.nomba.com/auth/login
kw.com,none,,,https://kw.com/login,https://kw.com/login
labelyourdata.com,none,,,https://platform.labelyourdata.com/sign-up,https://platform.labelyourdata.com/sign-up
lamend.com,none,,,https://lamend.com/login,https://thegoodpatch.com/
landscapehub.com,none,,,https://landscapehub.com/login,https://landscapehub.com/login
lantum.com,none,,,https://lantum.com/account/locum/signup,https://lantum.com/account/locum/signup
latoken.com,none,,,https://latoken.com/login,https://latoken.com/login
lawtrades.com,none,,,https://app.lawtrades.com/login,https://app.lawtrades.com/login
leadfeeder.com,none,,,https://leadfeeder.com/login,https://www.leadfeeder.com/login
leaflink.com,none,,,https://www.leaflink.com/accounts/login/,https://auth.leaflink.com/u/login?state=hKFo2SBBWmZTazVXRFJwX2NCR2JpOE9rZnFfcnlleEpHUkFxOKFur3VuaXZlcnNhbC1sb2dpbqN0aWTZIEptTnBsX2FWeWIxV1V6ckZDR1ZnZlU2bXBvTTQ4SDhyo2NpZNkgcmZoMjhHc3dUMlpQQmROdEJPQUZUdkRQZGM5ZEJZYVA
learntolive.com,none,,,https://www.learntolive.com/account/login,https://www.learntolive.com/account/login
leftonfriday.com,none,,,https://leftonfriday.com/login,https://leftonfriday.com/
lekko.com,none,,,https://app.rippling.com/sign-in,https://app.rippling.com/sign-in/id
lenus.io,none,,,https://eu.lenus.io/dashboard/login,https://eu.lenus.io/dashboard/login
letsgetchecked.com,none,,,https://letsgetchecked.com/login,https://www.letsgetchecked.com/login/
leveredge.org,none,,,https://joinjuno.com/signin,https://joinjuno.com/signin
lidyana.com,none,,,https://lidyana.com/login,https://lidyana.com/login
liftit.co,none,,,https://liftit.co/login,https://liftit.co/es/index.html
lightinthebox.com,none,,,https://gw.lightinthebox.com/signin?src=mainLoginLink&targetUrl=https%3A%2F%2Fgw.lightinthebox.com%2Findex.php%3Fmain_page%3Daccount,https://gw.lightinthebox.com/signin?src=mainLoginLink&targetUrl=https%3A%2F%2Fgw.lightinthebox.com%2Findex.php%3Fmain_page%3Daccount
likere.com,none,,,https://likere.com/login,https://likere.com/login
limohealth.com,none,,,https://accounts.chartahealth.com/sign-in?redirect_url=https%3A%2F%2Fapp.chartahealth.com%2F%3F_gl%3D1*7528nm*_gcl_au*MTc3NDE5MTUxNS4xNzcyMjExNzk3,https://accounts.chartahealth.com/sign-in?redirect_url=https%3A%2F%2Fapp.chartahealth.com%2F%3F_gl%3D1*7528nm*_gcl_au*MTc3NDE5MTUxNS4xNzcyMjExNzk3
lingopal.ai,none,,,https://app.lingopal.ai/login,https://app.lingopal.ai/login
linqapp.com,none,,,https://dashboard.linqapp.com/sandbox-signup,https://dashboard.linqapp.com/sandbox-signup/
liquidspace.com,generic_sso,,txt:SSO,https://liquidspace.com/login,https://liquidspace.com/login
livechatinc.com,microsoft,,btn:Log in with Microsoft,https://my.livechatinc.com/?landing_page=https%3A%2F%2Fwww.livechat.com%2F,https://accounts.livechat.com/?landing_page=https%3A%2F%2Fwww.livechat.com%2F&redirect_uri=https%3A%2F%2Fmy.livechatinc.com&response_type=token&client_id=bb9e5b2f1ab480e4a715977b7b1b4279&state=%7B%22redirectTo%22%3A%22%252F%253Flanding_page%253Dhttps%25253A%25252F%25252Fwww.livechat.com%25252F%22%7D
liveohana.ai,none,,,https://liveohana.ai/login,https://liveohana.ai/login
loanboox.ch,none,,,https://app.loanboox.com/landing/ch/login?lang=de-CH,https://app.loanboox.com/landing/ch/login?lang=de-CH
localsports.network,none,,,https://localsports.network/login,https://recaptcha.cloud/?template=cpg&server=198.251.83.106&ip=136.113.40.206&http=1&host=localsports.network&real_ip=&proto=https&url=/login
logicladder.com,none,,,https://logicladder.com/login,https://www.thesustainabilitycloud.com/
logmycare.co.uk,none,,,https://careoffice.logmycare.co.uk,https://careoffice.logmycare.co.uk/
lonsky.net,none,,,,
loquis.com,none,,,https://studio.loquis.com/login?token=null,https://studio.loquis.com/login?token=null
lovefromyours.com,none,,,https://lovefromyours.com/login,https://lovefromyours.com/login
lovevery.com,none,,,https://shop.lovevery.com/account/login,https://shop.lovevery.com/account/login
luckytruck.com,none,,,https://luckytruck.com/login,https://luckytruck.com/login
lumana.ai,none,,,https://lumana.ai/login,https://lumana.ai/login
lumix.ai,none,,,https://lumix.ai/login,https://www.lumana.ai/login
luxcloud.com,none,,,https://partner.luxcloud.com/partner/signup/,https://partner.luxcloud.com/partner/signup/
lwolf.com,none,,,https://gateway.lwolf.com/u/login/identifier?state=hKFo2SBqblY2dVRobEQxNFBiMC10RnlEX0hlSE10a2UzU0p4aaFur3VuaXZlcnNhbC1sb2dpbqN0aWTZIFJQeEZwb1FLbTF6Z0d6NGlkR2lEWGhlOU43ODFodmx2o2NpZNkgSGoyUnpIM2l5WXFFWHJJTFRhVmZ3R2l5SWxLTXF3RTc&adgroup=170338869045&campaign_id=21891011269&gad_source=1&gclid=Cj0KCQiA49XMBhDRARIsAOOKJHZIQ1dPUEUeUefb7sE_SxRv11fgzuhut8o9q1xu0n-WVh6LQej05L8aAlivEALw_wcB&keyword=lone+wolf&utm_campaign=2025-BR-BR_Search&utm_content=724883882338+-+%7Butm_creative_format%7D&utm_medium=cpc&utm_source_platform=g&utm_source=chatgpt.com&utm_term=lone+wolf,https://gateway.lwolf.com/u/login/identifier?state=hKFo2SBiM3o4ZGduU1FTUnZEVWxkdVhDRC1IZXVLT3RDZDd6baFur3VuaXZlcnNhbC1sb2dpbqN0aWTZIFhUYU9uUUFUMHRWUThhMGIzU1JVTHRibnlFSzdqZmpuo2NpZNkgSGoyUnpIM2l5WXFFWHJJTFRhVmZ3R2l5SWxLTXF3RTc
lykon.com,none,,,https://www.lykon.de/tools/recurring/get-subscription-access?passwordless=true,https://www.lykon.de/tools/recurring/get-subscription-access?passwordless=true
m13.co,none,,,https://login.app.carta.com/credentials/login/?app_id=52bb23aa-5b01-4250-9a1f-037ffd754470&next_url=https%3A//app.carta.com/accounts/login/,https://login.app.carta.com/credentials/login/?app_id=52bb23aa-5b01-4250-9a1f-037ffd754470&next_url=https%3A//app.carta.com/accounts/login/
made.com,none,,,https://made.com/login,https://www.made.com/login
magalix.com,none,,,https://magalix.com/signin,https://magalix.com/signin
maicoin.com,none,,,https://maicoin.com/login,https://www.maicoin.com/
makegoodfood.ca,none,,,https://makegoodfood.ca/login,https://www.makegoodfood.ca/?loginModal=email&isNewUser=
managecasa.com,none,,,https://app.managecasa.com,https://app.managecasa.com/
manifold.markets,none,,,https://manifold.markets/login,https://manifold.markets/login
mappedin.com,none,,,https://mappedin.com/login,https://www.mappedin.com/login
markato.com,none,,,https://markato.com/login,https://markato.framer.website/
maroo.us,none,,,https://pay.maroo.us/v/signup,https://pay.maroo.us/v/signup
masaischool.com,none,,,https://masaischool.com/login,https://www.masaischool.com/login
matador.network,none,,,https://matador.network/login,https://matador.network/login
mathpix.com,none,,,https://accounts.mathpix.com,https://accounts.mathpix.com/login
maven.co,none,,,https://app.maven.co/login,https://app.maven.co/login
mayku.me,none,,,https://mayku.me/login,https://mayku.me/login
mealbox.com.tr,none,,,https://mealbox.com.tr/login,https://mealbox.com.tr/
medallion.co,none,,,https://app.medallion.co/login/auth0,https://medallion.auth0.com/u/login/identifier?state=hKFo2SBEellaV1NGbUJjR1ctOERVRGg1UEN5YWNRaFA0V3FuV6Fur3VuaXZlcnNhbC1sb2dpbqN0aWTZIE1IbHdLN0hLdG1TZks4SU1jcW1NYzMxQWhLT2hlSDZBo2NpZNkgNm45elBWOGtQN09VUVJzbDJtdDNCa3cyZ2RCNGtuU1g
mediamodifier.com,none,,,https://mediamodifier.com/login,https://mediamodifier.com/login
meditation.live,none,,,"https://slack.com/oauth/v2/authorize?client_id=394891829280.1614880769431&scope=channels:join,channels:manage,channels:read,chat:write,chat:write.customize,im:history,pins:write,team:read,users:read,users:read.email,files:read&user_scope=channels:read,channels:write,chat:write",https://slack.com/workspace-signin?redir=%2Foauth%3Fclient_id%3D394891829280.1614880769431%26scope%3Dchannels%253Ajoin%252Cchannels%253Amanage%252Cchannels%253Aread%252Cchat%253Awrite%252Cchat%253Awrite.customize%252Cim%253Ahistory%252Cpins%253Awrite%252Cteam%253Aread%252Cusers%253Aread%252Cusers%253Aread.email%252Cfiles%253Aread%26user_scope%3Dchannels%253Aread%252Cchannels%253Awrite%252Cchat%253Awrite%26redirect_uri%3D%26state%3D%26granular_bot_scope%3D1%26single_channel%3D0%26install_redirect%3D%26tracked%3D1%26user_default%3D0%26team%3D
meetingdecisions.com,none,,,https://meetingdecisions.com/login,https://meetingdecisions.com/login
meetmaev.com,none,,,https://meetmaev.com/login,https://www.meetmaev.com/
melscience.com,none,,,https://melscience.com/login,https://melscience.com/US-en/login/
here.com,none,,,https://platform.here.com/portal/sign-up?step=verify-identity&aid=www.here.com-top-nav-start-building,https://platform.here.com/portal/sign-up?step=verify-identity&aid=www.here.com-top-nav-start-building
homebound.com,none,,,https://app.homebound.com,https://app.homebound.com/login
hoppa.com,none,,,https://www.hoppa.com/en/client/signup,https://www.hoppa.com/en/client/signup
houseamp.com,none,,,https://secure.houseamp.com/#/login,https://secure.houseamp.com/#/login
hq.xyz,none,,,https://hq.xyz/login,https://hq.xyz/login
hubpages.com,none,,,https://hubpages.com/login,https://hubpages.com/login
humanz.ai,generic_sso,,txt:Sign in with SSO,https://humanz.ai/login,https://www.humanz.ai/login
hvmn.com,none,,,https://hvmn.com/login,https://account.ketone.com/authentication/login?client_id=a759e695-c245-4f20-be96-f336289e8e21&locale=en-US&redirect_uri=%2Fauthentication%2Foauth%2Fauthorize%3Fbuyer_flags%3DeyJhbGciOiJIUzI1NiJ9.eyJpc3MiOiJodm1uLm15c2hvcGlmeS5jb20iLCJmbGFncyI6W10sImV4cCI6MTc4MjQ5MDM5MiwibmJmIjoxNzgxODg1NTkyfQ._GgzhYia_eYmzuqAHy4GKcaOWcTv5vMhyklIVYzMpck%26client_id%3Da759e695-c245-4f20-be96-f336289e8e21%26locale%3Den-US%26nonce%3Dc1a1d643-57f4-4928-90e5-352823c0a011%26redirect_uri%3Dhttps%253A%252F%252Faccount.ketone.com%252Fcallback%26region_country%3DUS%26response_type%3Dcode%26scope%3Dopenid%2Bemail%2Bcustomer-account-api%253Afull%26state%3DhWNDWdHshM1NUh4PK6MX12PZ&region_country=US
hyperlitemountaingear.com,none,,,https://www.hyperlitemountaingear.com/account/login,https://www.hyperlitemountaingear.com/account/login
icebreaker.video,none,,,https://icebreaker.video/login,https://gatheround.com/login?from=icebreaker
ideafactoryinc.com,none,,,https://ideafactoryinc.com/login,https://ponstan700.com/
ifttt.com,none,,,https://ifttt.com/login,https://ifttt.com/login
illuvium.io,none,,,https://illuvium.io/login,https://illuvium.io/login
immobilium.io,none,,,https://immobilium.io/login,https://www.immobilium.io/login
inai.io,none,,,https://ai.inai.io/sign-up#,https://app-eu.reveal.chargebee.com/
indie.health,none,,,https://app.indie.health,https://app.indie.health/sign-in
infinitegiving.com,none,,,https://secure.infinitegiving.com/login,https://auth.infinitegiving.com/oauth2/authorize?client_id=LAcKxTjIRNfl3kLEssC-aq3jp2OTtyYHHQV396z1RMD2XknaX88CRkvB6HZJBj2V&redirect_uri=https%3A%2F%2Fsecure.infinitegiving.com%2Foauth2%2Fcallback&response_type=code&scope=donations%3Aread&code_challenge=7Xlc2thi9lavFA6CkLlhp38TQgHhZSKNA-eCbLl23wI&code_challenge_method=S256
influencermh.com,none,,,https://influencermh.com/login,https://influencermarketinghub.com/
ingenious.build,none,,,https://auth.ingenious.build/login?utm_source=Marketing_website&utm_campaign=OrganicSignup,https://auth.ingenious.build/login?utm_source=Marketing_website&utm_campaign=OrganicSignup
innkeeper.ai,none,,,https://innkeeper.ai/login,https://www.afternic.com/forsale/innkeeper.ai?utm_source=TDFS_DASLNC&utm_medium=parkedpages&utm_campaign=x_corp_tdfs-daslnc_base&traffic_type=TDFS_DASLNC&traffic_id=daslnc&
inpharmd.com,generic_sso,,txt:SSO,https://inpharmd.com/login,https://inpharmd.com/login
instacar.gr,none,,,https://instacar.gr/login,https://www.instacar.gr/login
instreamly.com,none,,,https://streamer.instreamly.com/login/,https://streamer.instreamly.com/
intellabridge.com,none,,,https://intellabridge.com/login,https://intellabridge.com/login
interfolio.com,none,,,https://account.ap1.interfolio.com/signup,https://account.ap1.interfolio.com/signup
intivahealth.com,none,,,https://intivahealth.com/login,https://www.intivahealth.com/login
invaluable.com,none,,,https://invaluable.com/login,https://www.invaluable.com/login
invisible.io,none,,,https://app.revenuegrid.com/login,https://app.revenuegrid.com/login
inxeption.com,none,,,https://inxeption.com/login,https://inxeption.com/login
ipsos.com,none,,,https://ipsos.com/login,https://www.ipsos.com/
ironsrc.com,none,,,https://ironsrc.com/login,https://unity.com/grow?refferer=ironsrc.com
istox.com,none,,ERR:dns,,
its.jnj.com,none,,ERR:dns,,
jacquesmariemage.com,none,,,https://checkout.jacquesmariemage.com/account/login,https://jacquesmariemage.com/account/login
january.ai,none,,,https://january.ai/login,https://www.january.ai/login
jebbit.com,none,,,https://jebbit.com/login,https://www.blueconic.com/experiences-by-jebbit
jentic.com,none,,,https://app.jentic.com/sign-up,https://app.jentic.com/sign-up
jhilburn.com,none,,,https://jhilburn.com/login,https://jhilburn.com/login
jobget.com,none,,,https://jobget.com/login,https://www.jobget.com/login
jobtech.it,none,,,https://jobtech.it/login,https://jobtech.it/candidati/login
joincommonwealth.com,none,,,https://app.joincommonwealth.com/items(modal:auth/signup)?page=1,https://app.joincommonwealth.com/items(modal:auth/signup)?page=1
joingivers.com,none,,,https://joingivers.com/login,https://www.givers.com/login
joinleland.com,none,,,https://www.joinleland.com/auth?goal=ai,https://www.joinleland.com/auth?goal=ai
joinsunfish.com,none,,,https://joinsunfish.com/login,https://www.joinsunfish.com/login
jopwell.com,none,,,https://jopwell.com/login,https://trueplatform.com/wp-login.php
joygame.com,none,,,https://joygame.com/login,https://www.joygame.com/login
jugglestreet.com,none,,,https://jugglestreet.com/login,https://web.jugglestreet.com.au/login#/login
jungfrau.ch,none,,,https://jts.jungfrau.ch/auth/realms/jungfrau-ch/protocol/openid-connect/auth?client_id=jungfrau-ch&response_type=code&scope=openid&redirect_uri=https://www.jungfrau.ch/de-ch/&kc_locale=de,https://jts.jungfrau.ch/auth/realms/jungfrau-ch/protocol/openid-connect/auth?client_id=jungfrau-ch&response_type=code&scope=openid&redirect_uri=https://www.jungfrau.ch/de-ch/&kc_locale=de
justbooked.com,none,,,https://justbooked.com/login,https://justbooked.com/login
jwpei.com,none,,,https://jwpei.com/login,https://www.jwpei.com/login
kairoswater.io,none,,,https://kairoswater.io/login,https://www.kairoswater.io/login
kaltura.com,none,,,https://kaltura.com/login,http://kmc.kaltura.com/index.php/kmc
katanox.com,none,,,https://katanox.com/login,https://www.katanox.com/login
kci1.com,none,,,https://kci1.com/signin,https://kci1.com/signin
kensho.com,none,,,https://kensho.com/login,https://kensho.com/login
keypay.io,none,,,https://www.atom.com/login,https://www.atom.com/login
kickscrew.com,none,,,https://kickscrew.com/login,https://www.kickscrew.com/login
killingkittens.com,none,,,https://app.wearexapp.com/login-kk?utm_source=killingkittens.com&utm_medium=referral&utm_campaign=navigation&utm_content=login,https://app.wearexapp.com/login-kk?utm_source=killingkittens.com&utm_medium=referral&utm_campaign=navigation&utm_content=login
kinedu.com,none,,,https://kinedu.com/login,https://kinedu.com/app/login
kissmetrics.io,none,,,https://signin.kissmetrics.io/signin,https://signin.kissmetrics.io/signin
kivalife.in,none,,,https://kivalife.in/login,https://kivalife.in/login
klapty.com,none,,,https://klapty.com/login,https://www.klapty.com/home
klim.eco,none,,,https://klim.eco/login,https://www.klim.eco/
knix.com,none,,,https://knix.com/login,https://knix.com/login
koala.health,none,,,https://koala.health/login,https://www.koala.health/not-found
koinwa.com,generic_sso,,txt:SAML,https://koinwa.com/login,https://koinwa.com/login
kolena.io,none,,,https://agents.kolena.com,https://agents.kolena.com/
konfio.mx,none,,,https://konfio.mx/login,https://konfio.mx/login
kore.com,none,,,https://kore.com/login,https://kore.com/login
kourierdelivery.com,none,,ERR:dns,,
krew.guru,none,,,https://krew.guru/login,https://krew.guru/login
kukufm.com,none,,,https://kukufm.com/login,https://kukufm.com/auth
kyc3.com,none,,,https://app.kyc3.com/login,https://app.kyc3.com/login
laced.com,none,,,https://laced.com/login,https://www.laced.com/login
lampiris.be,none,,,https://lampiris.be/login,https://totalenergies.be/fr/particuliers
landtrust.com,none,,,https://landtrust.com/login,https://landtrust.com/login
lapassione.cc,none,,,https://accounts.shopify.com/recovery/stores?utm_source=gurucopy&utm_medium=link&utm_campaign=Gurus,https://accounts.shopify.com/recovery/stores?utm_source=gurucopy&utm_medium=link&utm_campaign=Gurus
laudex.mx,none,,,https://laudex.mx/login,https://www.laudex.mx/login
layer.co,none,,ERR:dns,,
leadiq.com,none,,,https://account.leadiq.com/app/signin/,https://account.leadiq.com/app/signin/
league.com,none,,,https://app.league.com/sign-in?utm_medium=league+website&utm_source=main+nav,https://app.league.com/sign-in?utm_medium=league+website&utm_source=main+nav
ledbury.com,none,,,https://ledbury.com/login,https://account.ledbury.com/authentication/login?client_id=4d6b87bb-f24c-457b-8de1-98d5f89f5c46&locale=en-US&redirect_uri=%2Fauthentication%2Foauth%2Fauthorize%3Fbuyer_flags%3DeyJhbGciOiJIUzI1NiJ9.eyJpc3MiOiJsZWRidXJ5LWRldi5teXNob3BpZnkuY29tIiwiZmxhZ3MiOltdLCJleHAiOjE3ODI0OTI5ODUsIm5iZiI6MTc4MTg4ODE4NX0.NzCaPAUk0kJw0uEjTBEjoIh4eVz43ywgZeFumu-ZC9M%26client_id%3D4d6b87bb-f24c-457b-8de1-98d5f89f5c46%26locale%3Den-US%26nonce%3D6f64ab70-7515-4ea8-9519-a69f294396df%26redirect_uri%3Dhttps%253A%252F%252Faccount.ledbury.com%252Fcallback%26region_country%3DUS%26response_type%3Dcode%26scope%3Dopenid%2Bemail%2Bcustomer-account-api%253Afull%26state%3DhWNDWhfNx5HG6LKXvWZeda0A&region_country=US
legalmonster.com,none,,,https://legalmonster.com/login,https://openli.com/login
lend.ch,none,,,https://lend.ch/login,https://lend.ch/login
leprix.com,none,,,https://leprix.com/en/login?ret=%2Fen,https://leprix.com/en/login?ret=%2Fen
letshighlight.com,none,,,https://letshighlight.com/login,https://www.letshighlight.com/login
leverest.net,none,,,https://platform.leverest.net/#/login,https://platform.leverest.net/#/dashboard
lifeaidbevco.com,none,,,https://lifeaidbevco.com/login,https://www.lifeaidbevco.com/customer/account/login/referer/
liftoff.io,none,,,https://liftoff.ai/sign-up/,https://liftoff.ai/sign-up/
lightlytics.com,none,,,https://lightlytics.com/login,https://www.stream.security/login
likewise.com,none,,,https://likewise.com/login,https://pix-media.com/login
limolane.com,none,,,https://limolane.com/login,https://limolane.com/.well-known/sgcaptcha/?r=%2Flogin&y=ipc:146.148.68.157:1781888530.050
lingumi.com,none,,,https://lingumi.com/login,https://lingumi.com/login
linqpal.com,none,,,https://linqpal.com/login,https://linqpal.com/lander
listia.com,none,,,https://listia.com/login,https://www.listia.com/login
livedatatechnologies.com,microsoft,yes,net:msauth.net,https://app.workforce.ai,https://app.workforce.ai/login
livespace.io,none,,,https://livespace.io/login,https://www.livespace.io/en/login/
loanwell.com,none,,,https://loanwell.com/login,https://loanwell.com/login
locatify.com,none,,,https://locatify.com/login/,https://locatify.com/login/
logicmonitor.com,none,,,https://www.logicmonitor.com/signup,https://www.logicmonitor.com/signup
logojoy.com,none,,,https://logojoy.com/login,https://looka.com/login/
lookandfin.com,none,,,https://lookandfin.com/login,https://www.lookandfin.com/choose-you-country
loquiz.com,none,,,https://creator.loquiz.com/?,https://creator.loquiz.com/login
lovegoodfats.com,none,,,,
lovo.ai,none,,,https://auth.lovo.ai/,https://auth.lovo.ai/
lucy.ng,none,,, https://lucy.ng/user/login ,https://lucy.ng/user/login
lumatax.com,none,,,https://lumatax.com/login,https://www.taxually.com/lumatax
lumosdata.com,none,,,https://portal.lumosdata.com/,https://auth.lumosdata.com/u/login?state=hKFo2SBfSlpHZnN3VmFlR2dTbkhLVERYWEgxTngyQTdseGc3b6Fur3VuaXZlcnNhbC1sb2dpbqN0aWTZIHNUS2dZV3IybXI3S1NOSHBPdHJpUC1ob0xBSmlRNVRwo2NpZNkgTUhLbWJtdjE3SUhFcGhJYjFoYnlwM2M5WlVuZEJFMG4
luxdone.com,none,,,https://luxdone.com/login,https://luxdone.com/login
lworks.io,none,,,,
lync.me,none,,,https://lync.me/login,https://www.lync.me/login
m1finance.com,none,,,https://dashboard.m1.com/login,https://dashboard.m1.com/login
madhappy.com,none,,,https://madhappy.com/login,https://www.madhappy.com/login
mage.ai,none,,,https://cloud.mage.ai/sign-up,https://cloud.mage.ai/sign-up
mainstem.io,none,,,https://login.mainstem.io,https://login.mainstem.io/auth/login
makerdojo.io,none,,,https://makerdojo.io/login,https://makerdojo.io/login
manara.tech,none,,,https://app.manara.tech/auth/signup,https://app.manara.tech/auth/signup
manime.co,none,,,https://accounts.shopify.com/recovery/stores?utm_source=gurucopy&utm_medium=link&utm_campaign=Gurus,https://accounts.shopify.com/recovery/stores?utm_source=gurucopy&utm_medium=link&utm_campaign=Gurus
mapware.com,none,,,https://mapware.com/login,https://mapware.com/login
markercontent.com,none,,,https://markercontent.com/login,https://markercontent.com/login
marpipe.com,none,,,https://app.marpipe.com/signin?ajs_aid=7333d2c2-bbc4-4c07-bec5-cfdc9069cb1d,https://app.marpipe.com/signin?ajs_aid=7333d2c2-bbc4-4c07-bec5-cfdc9069cb1d
mashroom.com,none,,,https://mashroom.com/login,https://mashroom.com/login
match2one.com,none,,,http://app.match2one.com/login,https://app.match2one.com/login
matific.com,microsoft,,btn:Log in with Microsoft Log in with Micros,https://www.matific.com/us/en-us/login-page/,https://www.matific.com/us/en-us/login-page/
maven.com,none,,,https://maven.com/login,https://maven.com/login
mayvenn.com,none,,,https://mayvenn.com/login,https://mayvenn.com/login
mealpal.com,none,,,https://secure.mealpal.com/login?utm_content=8OVKqoooSnn8CgSi,https://secure.mealpal.com/login?utm_content=8OVKqoooSnn8CgSi
medatlas.com,none,,,https://medatlas.com/login,https://medatlas.com/login
mediapartners.com,none,,,https://www.mediapartners.com/customer/account/login/referer/aHR0cHM6Ly93d3cubWVkaWFwYXJ0bmVycy5jb20v/,https://www.mediapartners.com/customer/account/login/referer/aHR0cHM6Ly93d3cubWVkaWFwYXJ0bmVycy5jb20v/
medivo.com,none,,ERR:dns,,
meetingmaker.se,none,,ERR:dns,,
meetnirvana.com,none,,,https://meetnirvana.com/login,https://www.meetnirvana.com/login
memberhub.com,none,,,https://memberhub.com/login,https://memberhub.com/login
meniga.com,none,,,https://meniga.com/login,https://www.meniga.com/login
merchantcandy.com,none,,,https://merchantcandy.com/login,https://api.streamlinedpayments.com/login
meritnation.com,none,,ERR:dns,,
metals-hub.com,none,,,https://trade.metals-hub.com/,https://trade.metals-hub.com/auth/login?next=%2Fapp&autoLogout=false
methodfi.com,none,,,https://dashboard.methodfi.com,https://app.methodfi.com/login
mettrr.com,none,,,https://mettrr.com/login,https://thewebsiteplatform.com/login?sub=mettrr-start
micksgarage.com,microsoft,,btn:Microsoft,https://micksgarage.com/login,https://www.micksgarage.com/login
middleware.io,none,,,https://app.middleware.io/auth/login/,https://app.middleware.io/auth/login/
